# AUTO-GENERATED by scripts/build-zip-centroids.ts — DO NOT EDIT BY HAND.
# Source: US Census Bureau 2025 ZCTA gazetteer (public domain), https://www2.census.gov/geo/docs/maps-data/data/gazetteer/2025_Gazetteer/2025_Gaz_zcta_national.zip
# 33791 ZCTAs. One "<5-digit ZCTA> <lat>,<lon>" per line — internal point, 1 decimal.
# Fetched on demand by src/lib/zip-centroids.ts; never bundled into JS.
00601 18.2,-66.7
00602 18.4,-67.2
00603 18.5,-67.1
00606 18.2,-66.9
00610 18.3,-67.1
00611 18.3,-66.8
00612 18.4,-66.7
00616 18.4,-66.7
00617 18.4,-66.6
00622 18,-67.2
00623 18.1,-67.2
00624 18.1,-66.7
00627 18.4,-66.9
00631 18.2,-66.8
00636 18.2,-67.1
00637 18.1,-66.9
00638 18.3,-66.5
00641 18.3,-66.7
00646 18.4,-66.3
00647 18,-66.9
00650 18.3,-66.6
00652 18.4,-66.6
00653 18,-66.9
00656 18,-66.8
00659 18.4,-66.8
00660 18.1,-67.1
00662 18.5,-67
00664 18.2,-66.6
00667 18,-67
00669 18.3,-66.9
00670 18.2,-67
00674 18.4,-66.5
00676 18.4,-67.1
00677 18.3,-67.2
00678 18.4,-66.9
00680 18.2,-67.1
00682 18.2,-67.2
00683 18.1,-67
00685 18.3,-67
00687 18.3,-66.4
00688 18.4,-66.6
00690 18.5,-67.1
00692 18.4,-66.3
00693 18.4,-66.4
00694 18.5,-66.4
00698 18.1,-66.9
00703 18.2,-66.1
00704 18,-66.2
00705 18.1,-66.3
00707 18,-65.9
00714 18,-66.1
00715 18,-66.6
00716 18,-66.6
00717 18,-66.6
00718 18.2,-65.8
00719 18.3,-66.3
00720 18.2,-66.4
00723 18,-66
00725 18.2,-66
00727 18.2,-66.1
00728 18,-66.7
00729 18.3,-65.9
00730 18,-66.6
00731 18.1,-66.6
00735 18.3,-65.7
00736 18.1,-66.2
00738 18.3,-65.7
00739 18.2,-66.2
00740 18.3,-65.6
00741 18.2,-65.8
00745 18.4,-65.8
00751 18,-66.3
00754 18.1,-66
00757 18,-66.4
00765 18.1,-65.4
00766 18.1,-66.5
00767 18.1,-65.9
00769 18.1,-66.4
00771 18.2,-65.9
00772 18.4,-65.9
00773 18.3,-65.7
00775 18.3,-65.3
00777 18.2,-65.9
00778 18.3,-66
00780 18.1,-66.6
00782 18.2,-66.2
00783 18.3,-66.3
00784 18,-66.1
00786 18.1,-66.2
00791 18.1,-65.8
00794 18.2,-66.3
00795 18,-66.5
00802 18.3,-64.9
00820 17.7,-64.7
00830 18.3,-64.7
00840 17.7,-64.8
00850 17.7,-64.8
00851 17.7,-64.8
00901 18.5,-66.1
00906 18.5,-66.1
00907 18.5,-66.1
00909 18.4,-66.1
00911 18.5,-66.1
00912 18.4,-66.1
00913 18.5,-66
00915 18.4,-66
00917 18.4,-66.1
00918 18.4,-66.1
00920 18.4,-66.1
00921 18.4,-66.1
00923 18.4,-66
00924 18.4,-66
00925 18.4,-66.1
00926 18.3,-66.1
00927 18.4,-66.1
00934 18.4,-66.1
00949 18.4,-66.2
00950 18.5,-66.2
00951 18.4,-66.3
00952 18.4,-66.2
00953 18.4,-66.3
00956 18.3,-66.2
00957 18.4,-66.2
00959 18.4,-66.2
00960 18.4,-66.1
00961 18.4,-66.2
00962 18.4,-66.1
00965 18.4,-66.1
00966 18.4,-66.1
00968 18.4,-66.1
00969 18.4,-66.1
00971 18.3,-66.1
00976 18.3,-66
00979 18.4,-66
00982 18.4,-66
00983 18.4,-66
00985 18.4,-65.9
00987 18.3,-65.9
01001 42.1,-72.6
01002 42.4,-72.5
01003 42.4,-72.5
01005 42.4,-72.1
01007 42.3,-72.4
01008 42.2,-73
01009 42.2,-72.3
01010 42.1,-72.2
01011 42.3,-73
01012 42.4,-72.9
01013 42.1,-72.6
01020 42.2,-72.6
01022 42.2,-72.5
01026 42.5,-72.9
01027 42.3,-72.8
01028 42.1,-72.5
01029 42.2,-73
01030 42.1,-72.7
01031 42.3,-72.2
01032 42.5,-72.8
01033 42.2,-72.5
01034 42.1,-73
01035 42.4,-72.6
01036 42.1,-72.4
01037 42.4,-72.2
01038 42.4,-72.6
01039 42.4,-72.7
01040 42.2,-72.6
01050 42.3,-72.9
01053 42.4,-72.7
01054 42.5,-72.5
01056 42.2,-72.5
01057 42.1,-72.3
01060 42.3,-72.6
01062 42.3,-72.7
01063 42.3,-72.6
01066 42.4,-72.6
01068 42.4,-72.1
01069 42.2,-72.3
01070 42.5,-72.9
01071 42.2,-72.9
01072 42.5,-72.4
01073 42.2,-72.7
01074 42.4,-72.1
01075 42.3,-72.6
01077 42.1,-72.8
01079 42.2,-72.3
01080 42.2,-72.4
01081 42.1,-72.2
01082 42.3,-72.3
01083 42.2,-72.2
01084 42.4,-72.9
01085 42.2,-72.8
01088 42.4,-72.6
01089 42.1,-72.6
01092 42.2,-72.2
01093 42.4,-72.6
01094 42.4,-72.1
01095 42.1,-72.4
01096 42.4,-72.8
01097 42.2,-72.8
01098 42.4,-72.9
01103 42.1,-72.6
01104 42.1,-72.6
01105 42.1,-72.6
01106 42,-72.6
01107 42.1,-72.6
01108 42.1,-72.6
01109 42.1,-72.5
01118 42.1,-72.5
01119 42.1,-72.5
01128 42.1,-72.5
01129 42.1,-72.5
01144 42.1,-72.6
01151 42.2,-72.5
01201 42.5,-73.3
01220 42.6,-73.1
01222 42.1,-73.3
01223 42.3,-73.1
01224 42.5,-73.2
01225 42.6,-73.1
01226 42.5,-73.2
01229 42.3,-73.4
01230 42.2,-73.3
01235 42.4,-73.1
01236 42.3,-73.4
01237 42.5,-73.3
01238 42.3,-73.2
01240 42.4,-73.3
01242 42.3,-73.2
01243 42.4,-73.1
01244 42.1,-73.3
01245 42.2,-73.2
01247 42.7,-73.1
01253 42.2,-73.1
01254 42.4,-73.4
01255 42.1,-73.1
01256 42.6,-73
01257 42.1,-73.4
01258 42.1,-73.5
01259 42.1,-73.2
01260 42.3,-73.3
01262 42.3,-73.3
01264 42.2,-73.2
01266 42.3,-73.4
01267 42.7,-73.2
01270 42.5,-73
01301 42.6,-72.6
01330 42.5,-72.8
01331 42.6,-72.2
01337 42.7,-72.6
01338 42.6,-72.8
01339 42.6,-72.9
01340 42.7,-72.7
01341 42.5,-72.7
01342 42.5,-72.6
01343 42.6,-73
01344 42.6,-72.4
01346 42.7,-72.8
01347 42.6,-72.5
01349 42.6,-72.5
01350 42.7,-73
01351 42.5,-72.5
01354 42.6,-72.5
01355 42.5,-72.3
01360 42.7,-72.5
01364 42.6,-72.3
01366 42.5,-72.2
01367 42.7,-72.9
01368 42.7,-72.2
01370 42.6,-72.7
01373 42.5,-72.6
01375 42.5,-72.5
01376 42.6,-72.5
01378 42.7,-72.3
01379 42.5,-72.4
01380 42.6,-72.4
01420 42.6,-71.8
01430 42.7,-71.9
01431 42.7,-71.8
01432 42.6,-71.6
01434 42.5,-71.6
01436 42.6,-72.1
01438 42.6,-72
01440 42.6,-72
01450 42.6,-71.6
01451 42.5,-71.6
01452 42.5,-72
01453 42.5,-71.8
01460 42.5,-71.5
01462 42.6,-71.7
01463 42.7,-71.6
01464 42.6,-71.6
01468 42.5,-72.1
01469 42.7,-71.7
01473 42.6,-71.9
01474 42.7,-71.7
01475 42.7,-72.1
01501 42.2,-71.8
01503 42.4,-71.6
01504 42,-71.5
01505 42.4,-71.7
01506 42.2,-72.1
01507 42.1,-72
01510 42.4,-71.7
01515 42.2,-72
01516 42.1,-71.8
01518 42.1,-72.1
01519 42.2,-71.7
01520 42.3,-71.9
01521 42,-72.2
01522 42.4,-71.9
01523 42.5,-71.7
01524 42.2,-71.9
01525 42.1,-71.6
01527 42.2,-71.8
01529 42,-71.6
01531 42.3,-72.1
01532 42.3,-71.6
01534 42.1,-71.6
01535 42.3,-72.1
01536 42.2,-71.7
01537 42.2,-71.9
01540 42.1,-71.9
01541 42.5,-71.9
01542 42.2,-71.9
01543 42.4,-72
01545 42.3,-71.7
01550 42.1,-72
01560 42.2,-71.7
01561 42.4,-71.7
01562 42.2,-72
01564 42.4,-71.8
01566 42.1,-72.1
01568 42.2,-71.6
01569 42.1,-71.6
01570 42,-71.8
01571 42.1,-71.9
01581 42.3,-71.6
01583 42.4,-71.8
01585 42.2,-72.2
01588 42.1,-71.7
01590 42.1,-71.8
01602 42.3,-71.9
01603 42.2,-71.8
01604 42.3,-71.8
01605 42.3,-71.8
01606 42.3,-71.8
01607 42.2,-71.8
01608 42.3,-71.8
01609 42.3,-71.8
01610 42.2,-71.8
01611 42.2,-71.9
01612 42.3,-71.9
01701 42.3,-71.4
01702 42.3,-71.4
01718 42.5,-71.4
01719 42.5,-71.5
01720 42.5,-71.4
01721 42.3,-71.5
01730 42.5,-71.3
01731 42.5,-71.3
01740 42.4,-71.6
01741 42.5,-71.4
01742 42.5,-71.4
01745 42.3,-71.5
01746 42.2,-71.5
01747 42.1,-71.5
01748 42.2,-71.5
01749 42.4,-71.5
01752 42.3,-71.5
01754 42.4,-71.5
01756 42.1,-71.5
01757 42.2,-71.5
01760 42.3,-71.3
01770 42.2,-71.4
01772 42.3,-71.5
01773 42.4,-71.3
01775 42.4,-71.5
01776 42.4,-71.4
01778 42.4,-71.4
01801 42.5,-71.2
01803 42.5,-71.2
01810 42.6,-71.2
01821 42.5,-71.3
01824 42.6,-71.4
01826 42.7,-71.3
01827 42.7,-71.5
01830 42.8,-71.1
01832 42.8,-71.1
01833 42.7,-71
01834 42.8,-71
01835 42.8,-71.1
01840 42.7,-71.2
01841 42.7,-71.1
01843 42.7,-71.2
01844 42.7,-71.2
01845 42.7,-71.1
01850 42.7,-71.3
01851 42.6,-71.3
01852 42.6,-71.3
01854 42.6,-71.3
01860 42.8,-71
01862 42.6,-71.3
01863 42.6,-71.4
01864 42.6,-71.1
01867 42.5,-71.1
01876 42.6,-71.2
01879 42.7,-71.4
01880 42.5,-71.1
01886 42.6,-71.4
01887 42.6,-71.2
01890 42.5,-71.1
01901 42.5,-70.9
01902 42.5,-70.9
01904 42.5,-71
01905 42.5,-71
01906 42.5,-71
01907 42.5,-70.9
01908 42.4,-70.9
01913 42.9,-71
01915 42.6,-70.9
01921 42.7,-71
01922 42.8,-70.9
01923 42.6,-71
01929 42.6,-70.8
01930 42.6,-70.7
01937 42.6,-71
01938 42.7,-70.8
01940 42.5,-71
01944 42.6,-70.8
01945 42.5,-70.9
01949 42.6,-71
01950 42.8,-70.9
01951 42.8,-70.9
01952 42.8,-70.8
01960 42.5,-71
01965 42.6,-70.8
01966 42.6,-70.6
01969 42.7,-70.9
01970 42.5,-70.9
01982 42.6,-70.9
01983 42.6,-70.9
01984 42.6,-70.9
01985 42.8,-71
02019 42.1,-71.5
02021 42.2,-71.1
02025 42.2,-70.8
02026 42.2,-71.2
02030 42.2,-71.3
02032 42.2,-71.2
02035 42.1,-71.2
02038 42.1,-71.4
02043 42.2,-70.9
02045 42.3,-70.9
02047 42.1,-70.7
02048 42,-71.2
02050 42.1,-70.7
02052 42.2,-71.3
02053 42.2,-71.4
02054 42.2,-71.4
02056 42.1,-71.3
02061 42.2,-70.8
02062 42.2,-71.2
02066 42.2,-70.8
02067 42.1,-71.2
02071 42.1,-71.3
02072 42.1,-71.1
02081 42.1,-71.3
02090 42.2,-71.2
02093 42.1,-71.4
02108 42.4,-71.1
02109 42.4,-71.1
02110 42.4,-71.1
02111 42.4,-71.1
02113 42.4,-71.1
02114 42.4,-71.1
02115 42.3,-71.1
02116 42.4,-71.1
02118 42.3,-71.1
02119 42.3,-71.1
02120 42.3,-71.1
02121 42.3,-71.1
02122 42.3,-71.1
02124 42.3,-71.1
02125 42.3,-71.1
02126 42.3,-71.1
02127 42.3,-71
02128 42.4,-71
02129 42.4,-71.1
02130 42.3,-71.1
02131 42.3,-71.1
02132 42.3,-71.2
02133 42.4,-71.1
02134 42.4,-71.1
02135 42.3,-71.2
02136 42.3,-71.1
02138 42.4,-71.1
02139 42.4,-71.1
02140 42.4,-71.1
02141 42.4,-71.1
02142 42.4,-71.1
02143 42.4,-71.1
02144 42.4,-71.1
02145 42.4,-71.1
02148 42.4,-71.1
02149 42.4,-71.1
02150 42.4,-71
02151 42.4,-71
02152 42.4,-71
02155 42.4,-71.1
02163 42.4,-71.1
02169 42.2,-71
02170 42.3,-71
02171 42.3,-71
02176 42.5,-71.1
02180 42.5,-71.1
02184 42.2,-71
02186 42.2,-71.1
02188 42.2,-71
02189 42.2,-70.9
02190 42.2,-71
02191 42.2,-70.9
02199 42.3,-71.1
02203 42.4,-71.1
02205 42.3,-71.1
02210 42.3,-71
02215 42.3,-71.1
02301 42.1,-71
02302 42.1,-71
02322 42.1,-71.1
02324 42,-71
02325 42,-71
02330 41.9,-70.7
02332 42,-70.7
02333 42,-70.9
02338 42,-70.9
02339 42.1,-70.9
02341 42.1,-70.9
02343 42.1,-71
02346 41.9,-70.9
02347 41.8,-71
02350 42,-70.8
02351 42.1,-71
02356 42.1,-71.1
02357 42.1,-71.1
02359 42.1,-70.8
02360 41.9,-70.6
02364 42,-70.7
02366 41.8,-70.7
02367 42,-70.8
02368 42.2,-71.1
02370 42.1,-70.9
02375 42,-71.1
02379 42,-71
02382 42.1,-70.9
02420 42.5,-71.2
02421 42.4,-71.2
02445 42.3,-71.1
02446 42.3,-71.1
02451 42.4,-71.3
02452 42.4,-71.2
02453 42.4,-71.2
02457 42.3,-71.3
02458 42.4,-71.2
02459 42.3,-71.2
02460 42.4,-71.2
02461 42.3,-71.2
02462 42.3,-71.3
02464 42.3,-71.2
02465 42.3,-71.2
02466 42.3,-71.2
02467 42.3,-71.2
02468 42.3,-71.2
02472 42.4,-71.2
02474 42.4,-71.2
02476 42.4,-71.2
02478 42.4,-71.2
02481 42.3,-71.3
02482 42.3,-71.3
02492 42.3,-71.2
02493 42.4,-71.3
02494 42.3,-71.2
02532 41.7,-70.6
02534 41.7,-70.6
02535 41.3,-70.8
02536 41.6,-70.6
02537 41.7,-70.4
02538 41.8,-70.6
02539 41.4,-70.5
02540 41.6,-70.6
02542 41.7,-70.5
02543 41.5,-70.8
02553 41.7,-70.6
02554 41.3,-70.1
02556 41.6,-70.6
02557 41.4,-70.6
02558 41.7,-70.7
02559 41.7,-70.6
02561 41.8,-70.5
02562 41.8,-70.5
02563 41.8,-70.5
02564 41.3,-70
02568 41.4,-70.6
02571 41.8,-70.7
02575 41.4,-70.7
02576 41.8,-70.8
02584 41.3,-70
02601 41.7,-70.3
02630 41.7,-70.3
02631 41.7,-70.1
02632 41.7,-70.3
02633 41.7,-70
02635 41.6,-70.4
02637 41.7,-70.3
02638 41.7,-70.2
02639 41.7,-70.1
02641 41.8,-70.2
02642 41.8,-70
02643 41.8,-69.9
02644 41.7,-70.5
02645 41.7,-70.1
02646 41.7,-70.1
02647 41.6,-70.3
02648 41.7,-70.4
02649 41.6,-70.5
02650 41.7,-70
02652 42,-70.1
02653 41.8,-70
02655 41.6,-70.4
02657 42.1,-70.2
02659 41.7,-70
02660 41.7,-70.2
02663 41.9,-70
02664 41.7,-70.2
02666 42,-70
02667 41.9,-70
02668 41.7,-70.4
02670 41.7,-70.2
02671 41.7,-70.1
02672 41.6,-70.3
02673 41.7,-70.2
02675 41.7,-70.2
02702 41.8,-71.1
02703 41.9,-71.3
02713 41.4,-70.9
02715 41.8,-71.2
02717 41.8,-71
02718 41.9,-71
02719 41.6,-70.9
02720 41.7,-71.1
02721 41.7,-71.1
02723 41.7,-71.1
02724 41.7,-71.2
02725 41.7,-71.2
02726 41.8,-71.1
02738 41.7,-70.8
02739 41.7,-70.8
02740 41.6,-70.9
02743 41.7,-70.9
02744 41.6,-70.9
02745 41.7,-70.9
02746 41.7,-70.9
02747 41.7,-71
02748 41.6,-71
02760 42,-71.3
02762 42,-71.3
02763 42,-71.3
02764 41.9,-71.2
02766 42,-71.2
02767 41.9,-71
02769 41.8,-71.2
02770 41.8,-70.8
02771 41.8,-71.3
02777 41.8,-71.2
02779 41.8,-71.1
02780 41.9,-71.1
02790 41.6,-71.1
02791 41.5,-71.1
02802 42,-71.5
02804 41.4,-71.8
02806 41.7,-71.3
02807 41.2,-71.6
02808 41.4,-71.7
02809 41.7,-71.3
02812 41.5,-71.7
02813 41.4,-71.7
02814 41.9,-71.7
02815 41.8,-71.7
02816 41.7,-71.6
02817 41.6,-71.7
02818 41.6,-71.5
02822 41.6,-71.6
02823 41.7,-71.5
02824 42,-71.6
02825 41.8,-71.7
02826 42,-71.6
02827 41.7,-71.7
02828 41.9,-71.6
02829 41.9,-71.6
02830 42,-71.7
02831 41.7,-71.6
02832 41.5,-71.7
02833 41.5,-71.8
02835 41.5,-71.4
02836 41.5,-71.6
02837 41.5,-71.2
02838 42,-71.5
02839 41.9,-71.6
02840 41.5,-71.3
02841 41.5,-71.3
02842 41.5,-71.3
02852 41.6,-71.5
02857 41.8,-71.6
02858 42,-71.7
02859 42,-71.8
02860 41.9,-71.4
02861 41.9,-71.4
02863 41.9,-71.4
02864 42,-71.4
02865 41.9,-71.4
02871 41.6,-71.3
02872 41.6,-71.3
02873 41.5,-71.8
02874 41.5,-71.5
02875 41.5,-71.6
02876 42,-71.6
02878 41.6,-71.2
02879 41.4,-71.5
02881 41.5,-71.5
02882 41.4,-71.5
02885 41.7,-71.3
02886 41.7,-71.5
02888 41.7,-71.4
02889 41.7,-71.4
02891 41.4,-71.8
02892 41.5,-71.6
02893 41.7,-71.5
02894 41.4,-71.7
02895 42,-71.5
02896 42,-71.5
02898 41.5,-71.7
02903 41.8,-71.4
02904 41.9,-71.4
02905 41.8,-71.4
02906 41.8,-71.4
02907 41.8,-71.4
02908 41.8,-71.4
02909 41.8,-71.5
02910 41.8,-71.4
02911 41.9,-71.5
02912 41.8,-71.4
02914 41.8,-71.4
02915 41.8,-71.4
02916 41.8,-71.4
02917 41.9,-71.5
02918 41.8,-71.4
02919 41.8,-71.5
02920 41.8,-71.5
02921 41.8,-71.5
03031 42.9,-71.6
03032 43,-71.4
03033 42.7,-71.7
03034 43.1,-71.3
03036 43,-71.3
03037 43.1,-71.3
03038 42.9,-71.3
03042 43.1,-71.1
03043 43,-71.8
03044 43,-71.1
03045 43,-71.6
03046 43.1,-71.6
03047 42.9,-71.9
03048 42.7,-71.8
03049 42.7,-71.6
03051 42.8,-71.4
03052 42.8,-71.5
03053 42.9,-71.4
03054 42.9,-71.5
03055 42.8,-71.7
03057 42.9,-71.7
03060 42.7,-71.5
03062 42.7,-71.5
03063 42.8,-71.5
03064 42.8,-71.5
03070 43,-71.7
03071 42.7,-71.9
03076 42.7,-71.3
03077 43,-71.2
03079 42.8,-71.2
03082 42.9,-71.8
03084 42.8,-71.9
03086 42.8,-71.8
03087 42.8,-71.3
03101 43,-71.5
03102 43,-71.5
03103 43,-71.4
03104 43,-71.4
03106 43.1,-71.4
03109 43,-71.4
03110 42.9,-71.5
03215 44.1,-71.4
03216 43.5,-71.8
03217 43.7,-71.6
03218 43.3,-71.3
03220 43.5,-71.5
03221 43.3,-72
03222 43.6,-71.8
03223 43.9,-71.7
03224 43.4,-71.5
03225 43.4,-71.2
03226 43.7,-71.5
03227 43.8,-71.5
03229 43.2,-71.7
03230 43.5,-71.9
03231 43.5,-71.8
03233 43.4,-71.9
03234 43.2,-71.3
03235 43.4,-71.7
03237 43.4,-71.4
03238 44,-71.9
03240 43.6,-72
03241 43.7,-71.8
03242 43.2,-71.8
03243 43.5,-71.8
03244 43.1,-71.9
03245 43.8,-71.6
03246 43.6,-71.5
03249 43.5,-71.4
03251 44.1,-71.6
03253 43.6,-71.5
03254 43.7,-71.4
03255 43.3,-72
03256 43.6,-71.6
03257 43.4,-72
03258 43.3,-71.4
03259 43.9,-71.5
03260 43.4,-71.9
03261 43.2,-71.2
03262 44,-71.7
03263 43.3,-71.3
03264 43.7,-71.7
03266 43.8,-71.9
03268 43.4,-71.8
03269 43.5,-71.6
03273 43.3,-71.9
03275 43.2,-71.4
03276 43.4,-71.6
03278 43.3,-71.8
03279 44,-71.9
03280 43.2,-72.1
03281 43.1,-71.7
03282 43.9,-71.9
03284 43.5,-72
03285 43.9,-71.6
03287 43.4,-71.9
03290 43.1,-71.1
03291 43.2,-71.1
03293 44,-71.7
03301 43.2,-71.6
03303 43.3,-71.7
03304 43.1,-71.5
03307 43.3,-71.4
03431 43,-72.3
03440 43.1,-72
03441 42.8,-72.4
03442 43,-71.9
03443 42.9,-72.5
03444 42.9,-72.1
03445 43,-72.2
03446 42.9,-72.3
03447 42.8,-72.2
03448 43,-72.3
03449 43,-72
03450 42.9,-72.1
03451 42.8,-72.5
03452 42.8,-72.1
03455 42.9,-72.2
03456 43.1,-72.2
03457 43,-72.1
03458 42.9,-71.9
03461 42.8,-72
03462 42.9,-72.4
03464 43.1,-72.1
03465 42.8,-72.2
03466 42.9,-72.5
03467 43,-72.4
03470 42.8,-72.4
03561 44.3,-71.8
03570 44.5,-71.2
03574 44.3,-71.6
03575 44.3,-71.4
03576 44.9,-71.4
03579 44.9,-71
03580 44.2,-71.7
03581 44.4,-71.1
03582 44.6,-71.4
03583 44.4,-71.5
03584 44.5,-71.5
03585 44.2,-71.9
03586 44.2,-71.8
03588 44.6,-71.2
03590 44.7,-71.5
03592 45.1,-71.3
03593 44.3,-71.3
03595 44.3,-71.5
03597 44.7,-71.4
03598 44.4,-71.6
03601 43.2,-72.3
03602 43.1,-72.3
03603 43.2,-72.4
03604 43.1,-72.4
03605 43.2,-72.2
03607 43.2,-72.3
03608 43.1,-72.4
03609 43.1,-72.4
03740 44.2,-72
03741 43.7,-72
03743 43.4,-72.3
03745 43.5,-72.3
03748 43.6,-72.1
03750 43.7,-72.2
03751 43.4,-72.1
03752 43.3,-72.1
03753 43.5,-72.1
03755 43.7,-72.1
03765 44,-72.1
03766 43.6,-72.2
03768 43.8,-72.1
03770 43.5,-72.3
03771 44.3,-72
03773 43.4,-72.2
03774 44.1,-72
03777 43.9,-72
03779 44,-72
03780 44,-72
03781 43.6,-72.3
03782 43.4,-72.1
03784 43.6,-72.3
03785 44,-71.8
03801 43.1,-70.8
03809 43.5,-71.2
03810 43.5,-71.3
03811 42.8,-71.2
03812 44.1,-71.3
03813 44.1,-71.1
03814 43.8,-71.2
03816 43.7,-71.2
03817 43.9,-71.2
03818 44,-71.3
03819 42.9,-71.1
03820 43.2,-70.9
03823 43.2,-70.9
03824 43.1,-70.9
03825 43.2,-71
03826 42.9,-71.1
03827 42.9,-71
03830 43.6,-71
03832 43.9,-71
03833 43,-71
03835 43.4,-71.1
03836 43.8,-71.1
03837 43.4,-71.3
03838 44.1,-71.2
03839 43.3,-71
03840 43,-70.8
03841 42.9,-71.2
03842 42.9,-70.8
03844 42.9,-70.9
03845 44.1,-71.1
03846 44.2,-71.2
03847 44.1,-71.1
03848 42.9,-71.1
03849 43.9,-71.1
03850 43.7,-71.3
03851 43.4,-71
03852 43.5,-71
03853 43.6,-71.3
03854 43.1,-70.7
03855 43.5,-71.2
03856 43,-71
03857 43.1,-70.9
03858 42.9,-71
03860 44,-71.1
03861 43.1,-71
03862 43,-70.8
03864 43.7,-71.1
03865 42.8,-71.1
03867 43.3,-71
03868 43.3,-70.9
03869 43.2,-70.8
03870 43,-70.8
03871 43,-70.8
03872 43.6,-71
03873 42.9,-71.2
03874 42.9,-70.9
03875 43.9,-71.2
03878 43.3,-70.9
03882 43.7,-71
03883 43.8,-71.3
03884 43.3,-71.2
03885 43,-70.9
03886 43.9,-71.3
03887 43.5,-71.1
03890 43.8,-71.2
03894 43.6,-71.2
03897 43.9,-71.3
03901 43.3,-70.8
03902 43.2,-70.6
03903 43.1,-70.8
03904 43.1,-70.7
03905 43,-70.6
03906 43.4,-70.8
03907 43.3,-70.6
03908 43.2,-70.8
03909 43.2,-70.7
03910 43.2,-70.6
03911 43.1,-70.6
04001 43.5,-70.9
04002 43.5,-70.7
04003 43.7,-70
04005 43.5,-70.5
04006 43.4,-70.3
04008 44,-69.9
04009 44,-70.7
04010 43.9,-70.9
04011 43.9,-70
04015 44,-70.5
04017 43.7,-70.1
04019 43.7,-70.1
04020 43.8,-70.8
04021 43.8,-70.3
04022 44,-70.8
04024 43.8,-70.7
04027 43.4,-70.9
04029 43.9,-70.7
04030 43.6,-70.7
04032 43.8,-70.1
04037 44.1,-70.9
04038 43.7,-70.5
04039 43.9,-70.4
04040 44.1,-70.8
04041 43.8,-70.8
04042 43.6,-70.6
04043 43.4,-70.6
04046 43.4,-70.5
04047 43.7,-70.9
04048 43.7,-70.8
04049 43.7,-70.7
04050 43.7,-70.2
04051 44.2,-70.9
04055 44,-70.6
04056 43.7,-70.9
04057 44.1,-70.7
04061 43.6,-70.7
04062 43.8,-70.4
04063 43.5,-70.4
04064 43.5,-70.4
04066 43.8,-70
04068 43.8,-70.9
04069 43.9,-70.2
04071 43.9,-70.5
04072 43.6,-70.5
04073 43.4,-70.7
04074 43.6,-70.4
04076 43.6,-70.8
04079 43.8,-70
04083 43.5,-70.8
04084 43.8,-70.6
04085 43.8,-70.6
04086 44,-70
04087 43.6,-70.7
04088 44.2,-70.7
04090 43.3,-70.6
04091 43.8,-70.7
04092 43.7,-70.4
04093 43.6,-70.5
04095 43.6,-70.9
04096 43.8,-70.2
04097 43.8,-70.2
04101 43.7,-70.3
04102 43.7,-70.3
04103 43.7,-70.3
04105 43.7,-70.3
04106 43.6,-70.3
04107 43.6,-70.2
04108 43.6,-70.2
04109 43.7,-70.2
04110 43.7,-70.2
04210 44.1,-70.2
04216 44.7,-70.8
04217 44.4,-70.8
04219 44.4,-70.6
04220 44.3,-70.3
04221 44.5,-70.3
04222 44,-70.1
04224 44.6,-70.4
04226 44.6,-70.7
04227 44.6,-70.3
04231 44.3,-70.9
04234 44.6,-70.2
04236 44.2,-70.1
04237 44.5,-70.7
04238 44.2,-70.4
04239 44.5,-70.2
04240 44.1,-70.2
04250 44,-70.1
04252 44,-70.1
04253 44.4,-70.2
04254 44.4,-70.1
04255 44.3,-70.7
04256 44.1,-70.4
04257 44.6,-70.5
04258 44.1,-70.3
04259 44.2,-70
04260 44,-70.3
04261 44.6,-71
04263 44.3,-70.1
04265 44.3,-70
04267 44.2,-70.8
04268 44.2,-70.6
04270 44.1,-70.5
04271 44.3,-70.5
04274 44,-70.4
04275 44.7,-70.6
04276 44.6,-70.6
04280 44.1,-70.1
04281 44.2,-70.5
04282 44.3,-70.2
04284 44.3,-70
04285 44.7,-70.5
04286 44.4,-70.9
04287 44.1,-70
04289 44.3,-70.5
04290 44.5,-70.5
04292 44.4,-70.4
04294 44.6,-70.3
04330 44.4,-69.7
04341 44.3,-69.6
04342 44.1,-69.7
04344 44.3,-69.8
04345 44.2,-69.8
04346 44.2,-69.8
04347 44.3,-69.8
04348 44.2,-69.5
04349 44.4,-70.1
04350 44.2,-69.9
04351 44.3,-69.9
04352 44.5,-70
04353 44.2,-69.6
04354 44.4,-69.4
04355 44.4,-70
04357 44.1,-69.8
04358 44.4,-69.5
04359 44.2,-69.8
04360 44.6,-70
04363 44.3,-69.6
04364 44.3,-70
04401 44.8,-68.9
04406 45.2,-69.6
04408 45,-68.2
04410 45.1,-68.9
04411 44.9,-68.5
04412 44.8,-68.7
04413 45.6,-67.8
04414 45.4,-69.1
04415 45.4,-69.1
04416 44.6,-68.7
04417 45.2,-68.4
04418 45.1,-68.5
04419 44.8,-69
04421 44.4,-68.8
04422 45.1,-69
04424 45.7,-67.9
04426 45.2,-69.1
04427 45,-69
04428 44.8,-68.6
04429 44.7,-68.6
04430 45.7,-68.6
04431 44.6,-68.7
04434 44.8,-69.1
04435 45,-69.1
04438 44.6,-68.9
04441 45.7,-69.3
04442 45.5,-69.7
04443 45.2,-69.4
04444 44.7,-68.9
04448 45.3,-68.7
04449 45,-68.9
04450 44.9,-68.9
04451 45.6,-68.2
04453 45.2,-68.8
04454 45.5,-67.5
04455 45.3,-68.3
04456 44.9,-69
04457 45.4,-68.5
04459 45.6,-68.3
04460 45.6,-68.5
04461 45,-68.6
04462 46,-68.9
04463 45.3,-68.9
04464 45.3,-69.5
04468 45,-68.7
04469 44.9,-68.7
04471 45.9,-67.9
04472 44.6,-68.7
04473 44.9,-68.7
04474 44.7,-68.8
04475 45.2,-68.6
04476 44.5,-68.7
04478 45.7,-69.8
04479 45.1,-69.3
04481 45.2,-69.1
04485 45.3,-69.6
04487 45.4,-68.1
04488 44.9,-69.1
04489 44.9,-68.7
04490 45.4,-67.8
04491 45.6,-67.5
04492 45.3,-67.7
04493 45.3,-68.5
04495 45.5,-68.3
04496 44.7,-68.9
04497 45.7,-68.1
04530 43.9,-69.8
04535 44.1,-69.6
04537 43.9,-69.6
04538 43.8,-69.6
04539 44,-69.5
04541 43.9,-69.5
04543 44,-69.5
04544 43.8,-69.6
04547 44,-69.3
04548 43.8,-69.7
04551 44,-69.4
04553 44.1,-69.6
04554 43.9,-69.5
04555 44.1,-69.5
04556 44,-69.6
04558 43.9,-69.5
04562 43.8,-69.8
04563 44,-69.3
04564 43.9,-69.5
04568 43.9,-69.6
04570 43.8,-69.6
04571 43.9,-69.7
04572 44.1,-69.4
04573 44,-69.6
04574 44.3,-69.4
04575 43.9,-69.7
04576 43.8,-69.7
04578 44,-69.7
04579 44,-69.8
04605 44.7,-68.4
04606 44.5,-67.7
04607 44.5,-68.1
04609 44.4,-68.3
04611 44.5,-67.6
04612 44.3,-68.4
04613 44.4,-68
04614 44.4,-68.5
04616 44.3,-68.5
04617 44.4,-68.7
04619 45.1,-67.2
04622 44.8,-68
04623 44.7,-67.7
04624 44.4,-68
04625 44.3,-68.2
04626 44.7,-67.2
04627 44.2,-68.8
04628 44.9,-67.3
04630 44.9,-67.5
04631 44.9,-67
04634 44.6,-68.2
04635 44.1,-68.4
04640 44.5,-68.3
04642 44.3,-68.8
04643 44.5,-67.8
04645 44.1,-68.6
04646 44.3,-68.2
04648 44.7,-67.6
04649 44.6,-67.5
04650 44.3,-68.7
04652 44.8,-67.1
04653 44.2,-68.3
04654 44.7,-67.5
04655 44.7,-67.4
04657 45,-67.4
04658 44.5,-67.9
04660 44.3,-68.3
04662 44.3,-68.3
04664 44.5,-68.1
04666 45,-67.2
04667 45,-67.1
04668 45.2,-67.7
04669 44.4,-68
04671 45.1,-67.1
04673 44.3,-68.7
04674 44.3,-68.5
04675 44.3,-68.2
04676 44.3,-68.6
04677 44.5,-68.2
04679 44.3,-68.3
04680 44.5,-67.9
04681 44.2,-68.6
04683 44.2,-68.8
04684 44.5,-68.5
04685 44.2,-68.4
04686 45,-67.7
04691 44.8,-67.3
04693 44.4,-68.1
04694 45.1,-67.5
04730 46.2,-67.9
04732 46.6,-68.5
04733 45.7,-68.4
04734 46.5,-67.9
04735 46.4,-68
04736 46.9,-68
04737 46.6,-69.5
04739 47,-68.6
04740 46.6,-67.8
04742 46.8,-67.9
04743 47.2,-68.7
04745 47.3,-68.4
04746 47.3,-68.1
04747 46,-68.2
04750 47,-67.9
04756 47.3,-68.3
04757 46.6,-68.2
04758 46.6,-67.9
04760 46.3,-67.9
04761 46.1,-68
04762 47,-68.1
04763 46.1,-68.1
04764 46.4,-68.3
04765 46.1,-68.7
04766 46.9,-68.2
04768 46.8,-69.1
04769 46.7,-68
04772 47.2,-68.3
04773 47.3,-68.2
04774 47.1,-69
04776 45.8,-68.3
04777 45.8,-68.5
04779 47.1,-68.3
04780 46.2,-68.3
04781 47.2,-68.6
04783 47,-68.2
04785 47.1,-68
04786 46.8,-68.2
04787 46.5,-68
04841 44.1,-69.1
04843 44.2,-69.1
04847 44.2,-69.2
04848 44.3,-68.9
04849 44.3,-69
04851 43.9,-68.9
04852 43.8,-69.3
04853 44.1,-68.9
04854 44,-69.1
04855 43.9,-69.3
04856 44.2,-69.1
04858 44,-69.2
04859 44,-69.2
04860 43.9,-69.2
04861 44.1,-69.2
04862 44.3,-69.3
04863 44.1,-68.9
04864 44.1,-69.2
04901 44.5,-69.6
04910 44.5,-69.4
04911 44.8,-70
04912 45,-69.7
04915 44.5,-69
04917 44.5,-69.8
04918 44.6,-69.9
04920 45.1,-69.8
04921 44.6,-69.1
04922 44.7,-69.4
04923 45,-69.4
04924 44.8,-69.5
04925 45.2,-69.9
04926 44.5,-69.5
04927 44.7,-69.5
04928 44.9,-69.3
04929 44.8,-69.3
04930 45,-69.3
04932 44.7,-69.1
04936 45.4,-70.7
04937 44.7,-69.7
04938 44.7,-70.1
04939 45.1,-69.2
04940 44.6,-70.1
04941 44.5,-69.3
04942 45,-69.6
04943 44.9,-69.5
04944 44.7,-69.6
04945 45.6,-70.3
04947 45,-70.3
04949 44.4,-69.3
04950 44.8,-69.8
04951 44.6,-69.1
04952 44.4,-69.2
04953 44.9,-69.2
04955 44.6,-70
04956 44.8,-70.1
04957 44.7,-69.9
04958 44.9,-69.9
04961 45.2,-70.2
04963 44.6,-69.9
04964 44.9,-70.8
04965 44.8,-69.4
04966 44.8,-70.5
04967 44.8,-69.4
04969 44.8,-69.2
04970 45,-70.6
04971 44.9,-69.4
04973 44.4,-69.2
04974 44.5,-68.9
04975 44.6,-69.6
04976 44.8,-69.7
04978 44.6,-69.8
04979 44.9,-69.8
04981 44.5,-68.8
04982 45.1,-70.4
04983 44.9,-70.3
04984 44.7,-70.3
04985 45.4,-69.9
04986 44.5,-69.2
04987 44.7,-69.3
04988 44.6,-69.4
04989 44.4,-69.6
04992 44.7,-70.2
05001 43.7,-72.4
05009 43.6,-72.3
05030 43.4,-72.4
05031 43.7,-72.6
05032 43.8,-72.7
05033 44,-72.2
05034 43.6,-72.6
05035 43.6,-72.7
05036 44,-72.6
05037 43.5,-72.5
05038 44,-72.5
05039 44.1,-72.3
05040 44.1,-72.2
05041 44,-72.5
05042 44.2,-72.1
05043 43.8,-72.2
05045 43.9,-72.2
05046 44.2,-72.3
05048 43.6,-72.4
05050 44.3,-72.1
05051 44.1,-72.1
05052 43.6,-72.4
05053 43.7,-72.5
05055 43.8,-72.3
05056 43.5,-72.7
05058 43.9,-72.3
05059 43.6,-72.4
05060 44,-72.7
05061 43.9,-72.6
05062 43.5,-72.6
05065 43.8,-72.4
05067 43.7,-72.5
05068 43.8,-72.5
05069 44.2,-72.1
05070 43.9,-72.3
05071 43.6,-72.6
05072 43.9,-72.4
05073 43.6,-72.5
05075 43.8,-72.3
05076 44.1,-72.2
05077 43.9,-72.5
05079 44,-72.3
05081 44.1,-72.1
05083 43.9,-72.3
05084 43.7,-72.5
05086 44.1,-72.3
05088 43.7,-72.3
05089 43.5,-72.4
05091 43.6,-72.6
05101 43.2,-72.5
05141 43.2,-72.6
05142 43.4,-72.6
05143 43.3,-72.6
05146 43.2,-72.6
05148 43.2,-72.8
05149 43.4,-72.7
05150 43.3,-72.5
05151 43.4,-72.5
05152 43.2,-72.9
05153 43.4,-72.6
05154 43.1,-72.5
05155 43.2,-72.8
05156 43.3,-72.5
05158 43.1,-72.5
05161 43.3,-72.8
05201 42.9,-73.1
05250 43.1,-73.2
05251 43.3,-73.1
05252 43.1,-73.1
05253 43.3,-73
05254 43.2,-73.1
05255 43.1,-73
05257 43,-73.3
05260 42.8,-73.3
05261 42.8,-73.2
05262 43,-73.1
05301 42.8,-72.7
05340 43.2,-73
05341 43,-72.8
05342 42.8,-72.8
05343 43.1,-72.8
05344 42.8,-72.7
05345 43,-72.7
05346 43,-72.5
05350 42.8,-73
05351 42.9,-72.7
05352 42.8,-73.1
05353 43.1,-72.7
05354 42.8,-72.5
05355 43,-72.8
05356 43,-72.9
05358 42.8,-72.7
05359 43.2,-72.7
05360 43,-73
05361 42.8,-72.9
05362 42.9,-72.7
05363 42.9,-72.9
05401 44.5,-73.2
05403 44.4,-73.2
05404 44.5,-73.2
05405 44.5,-73.2
05408 44.5,-73.3
05439 44.5,-73.2
05440 45,-73.3
05441 44.8,-72.8
05442 44.8,-72.7
05443 44.1,-73
05444 44.6,-72.9
05445 44.3,-73.2
05446 44.6,-73.2
05447 44.9,-72.7
05448 44.8,-72.9
05450 44.9,-72.8
05452 44.5,-73.1
05454 44.7,-73
05455 44.8,-73
05456 44.2,-73.3
05457 45,-72.9
05458 44.7,-73.3
05459 45,-73
05461 44.3,-73.1
05462 44.3,-73
05463 44.9,-73.3
05464 44.7,-72.8
05465 44.5,-72.9
05468 44.6,-73.2
05471 44.8,-72.6
05472 44.1,-73.2
05473 44.2,-73.2
05474 44.8,-73.2
05476 45,-72.6
05477 44.4,-73
05478 44.8,-73.1
05481 44.8,-73.1
05482 44.4,-73.2
05483 44.9,-73
05485 44.9,-73
05486 44.6,-73.3
05487 44.2,-73
05488 44.9,-73.1
05489 44.6,-72.9
05491 44.1,-73.3
05492 44.7,-72.8
05494 44.6,-73
05495 44.4,-73.1
05602 44.3,-72.6
05640 44.3,-72.5
05641 44.2,-72.5
05647 44.4,-72.3
05648 44.4,-72.5
05649 44.1,-72.4
05650 44.4,-72.4
05651 44.3,-72.5
05652 44.7,-72.6
05653 44.7,-72.5
05654 44.1,-72.5
05655 44.6,-72.6
05656 44.6,-72.7
05658 44.4,-72.4
05660 44.3,-72.8
05661 44.5,-72.6
05663 44.1,-72.7
05664 44.2,-72.7
05666 44.3,-72.4
05667 44.3,-72.4
05669 44.1,-72.8
05670 44.2,-72.5
05672 44.5,-72.7
05673 44.2,-72.8
05674 44.1,-72.9
05675 44.1,-72.4
05676 44.3,-72.8
05677 44.4,-72.7
05678 44.2,-72.5
05679 44.1,-72.5
05680 44.5,-72.5
05681 44.5,-72.4
05682 44.4,-72.6
05701 43.6,-72.9
05730 43.4,-72.8
05731 43.8,-73.3
05732 43.6,-73.2
05733 43.8,-73.1
05734 44,-73.3
05735 43.7,-73.2
05736 43.6,-73
05737 43.8,-72.9
05738 43.5,-72.9
05739 43.3,-73
05742 43.4,-72.9
05743 43.7,-73.3
05744 43.7,-73.1
05746 43.7,-72.8
05747 44,-72.9
05748 43.9,-72.9
05751 43.7,-72.8
05753 44,-73.2
05757 43.5,-73.1
05758 43.5,-72.8
05759 43.5,-73
05760 43.8,-73.3
05761 43.3,-73.1
05762 43.8,-72.8
05763 43.7,-73
05764 43.5,-73.2
05765 43.6,-73
05766 44,-73
05767 43.9,-72.8
05768 43.3,-73.2
05769 43.9,-73.1
05770 43.9,-73.3
05772 43.8,-72.7
05773 43.4,-72.9
05774 43.4,-73.2
05775 43.4,-73.2
05776 43.3,-73.2
05777 43.6,-73
05778 43.9,-73.2
05819 44.4,-72
05820 44.8,-72.4
05821 44.3,-72.1
05822 44.8,-72.2
05824 44.4,-71.8
05825 44.9,-72.3
05826 44.6,-72.4
05827 44.7,-72.4
05828 44.4,-72.1
05829 45,-72.1
05830 45,-72
05832 44.6,-71.9
05833 44.8,-72
05836 44.5,-72.2
05837 44.7,-71.8
05839 44.7,-72.2
05840 44.6,-71.7
05841 44.6,-72.3
05842 44.6,-72.2
05843 44.5,-72.3
05845 44.8,-72.3
05846 44.8,-71.8
05847 44.8,-72.5
05850 44.6,-72
05851 44.5,-72
05853 44.9,-71.9
05855 44.9,-72.2
05857 44.9,-72.3
05858 44.5,-71.8
05859 45,-72.4
05860 44.8,-72.1
05862 44.3,-72.2
05866 44.6,-72.1
05867 44.7,-72
05868 44.9,-72.4
05871 44.7,-72
05872 44.9,-72
05873 44.4,-72.2
05874 44.9,-72.5
05875 44.7,-72.3
05901 44.9,-71.7
05902 45,-71.5
05903 44.9,-71.6
05904 44.4,-71.7
05905 44.7,-71.7
05906 44.5,-71.7
05907 45,-71.8
06001 41.8,-72.9
06002 41.8,-72.7
06010 41.7,-72.9
06013 41.7,-72.9
06016 41.9,-72.5
06018 42,-73.3
06019 41.9,-72.9
06020 41.9,-72.9
06021 42,-73.1
06022 41.9,-72.9
06023 41.6,-72.7
06024 42,-73.3
06026 41.9,-72.7
06027 42,-72.9
06029 41.9,-72.4
06031 42,-73.3
06032 41.7,-72.9
06033 41.7,-72.5
06035 42,-72.8
06037 41.6,-72.8
06039 42,-73.4
06040 41.8,-72.5
06042 41.8,-72.5
06043 41.8,-72.4
06051 41.7,-72.8
06052 41.7,-72.8
06053 41.7,-72.8
06057 41.8,-73
06058 42,-73.2
06059 41.9,-72.9
06060 42,-72.9
06061 41.9,-73
06062 41.7,-72.9
06063 41.9,-73
06065 42,-73
06066 41.8,-72.5
06067 41.7,-72.7
06068 42,-73.4
06069 41.9,-73.4
06070 41.9,-72.8
06071 42,-72.5
06072 42,-72.5
06073 41.7,-72.6
06074 41.8,-72.6
06076 42,-72.3
06078 42,-72.7
06079 42,-73.4
06080 42,-72.6
06081 41.9,-72.8
06082 42,-72.6
06084 41.9,-72.4
06085 41.7,-72.9
06088 41.9,-72.6
06089 41.8,-72.8
06090 41.9,-72.9
06091 42,-73
06092 41.9,-72.9
06093 42,-72.7
06095 41.9,-72.7
06096 41.9,-72.7
06098 41.9,-73.1
06103 41.8,-72.7
06105 41.8,-72.7
06106 41.7,-72.7
06107 41.8,-72.8
06108 41.8,-72.6
06109 41.7,-72.7
06110 41.7,-72.7
06111 41.7,-72.7
06112 41.8,-72.7
06114 41.7,-72.7
06117 41.8,-72.8
06118 41.7,-72.6
06119 41.8,-72.7
06120 41.8,-72.7
06226 41.7,-72.2
06231 41.6,-72.4
06232 41.7,-72.4
06234 41.8,-72
06235 41.8,-72.1
06237 41.7,-72.3
06238 41.8,-72.3
06239 41.8,-71.9
06241 41.9,-71.8
06242 41.9,-72.1
06243 41.8,-71.8
06247 41.8,-72.1
06248 41.7,-72.4
06249 41.6,-72.2
06250 41.8,-72.2
06254 41.6,-72.1
06255 42,-71.9
06256 41.7,-72.2
06258 41.9,-72
06259 41.9,-72
06260 41.9,-71.9
06262 42,-71.9
06263 41.8,-71.9
06264 41.7,-72.1
06266 41.7,-72.2
06268 41.8,-72.2
06269 41.8,-72.3
06277 42,-71.8
06278 41.9,-72.2
06279 41.9,-72.3
06280 41.7,-72.1
06281 42,-72
06282 41.9,-72.1
06320 41.3,-72.1
06330 41.6,-72.1
06331 41.7,-72
06332 41.7,-71.9
06333 41.4,-72.2
06334 41.5,-72.2
06335 41.4,-72.1
06336 41.6,-72.2
06338 41.5,-72
06339 41.4,-72
06340 41.4,-72
06350 41.6,-72.1
06351 41.6,-71.9
06353 41.5,-72.1
06354 41.7,-71.9
06355 41.4,-72
06357 41.3,-72.2
06359 41.5,-71.9
06360 41.5,-72.1
06365 41.5,-72
06370 41.5,-72.2
06371 41.4,-72.3
06373 41.7,-71.8
06374 41.7,-71.9
06375 41.4,-72.1
06376 41.3,-72.3
06377 41.7,-71.8
06378 41.4,-71.9
06379 41.4,-71.9
06380 41.6,-72.1
06382 41.5,-72.1
06384 41.6,-71.8
06385 41.4,-72.2
06387 41.7,-71.9
06389 41.6,-72.1
06390 41.3,-71.9
06401 41.3,-73.1
06403 41.4,-73.1
06405 41.3,-72.8
06409 41.3,-72.4
06410 41.5,-72.9
06412 41.4,-72.5
06413 41.3,-72.5
06414 41.6,-72.6
06415 41.6,-72.3
06416 41.6,-72.7
06417 41.4,-72.5
06418 41.3,-73.1
06419 41.4,-72.6
06420 41.5,-72.3
06422 41.5,-72.7
06423 41.5,-72.4
06424 41.6,-72.5
06426 41.4,-72.4
06437 41.3,-72.7
06438 41.5,-72.5
06439 41.4,-72.4
06441 41.5,-72.6
06442 41.3,-72.4
06443 41.3,-72.6
06444 41.6,-72.9
06447 41.6,-72.5
06450 41.5,-72.8
06451 41.5,-72.8
06455 41.5,-72.7
06456 41.5,-72.5
06457 41.5,-72.7
06459 41.5,-72.7
06460 41.2,-73
06461 41.2,-73.1
06467 41.6,-72.9
06468 41.3,-73.2
06469 41.5,-72.4
06470 41.4,-73.3
06471 41.3,-72.8
06472 41.4,-72.8
06473 41.4,-72.9
06475 41.3,-72.4
06477 41.3,-73
06478 41.4,-73.1
06479 41.6,-72.9
06480 41.6,-72.6
06481 41.5,-72.7
06482 41.4,-73.2
06483 41.4,-73.1
06484 41.3,-73.1
06488 41.5,-73.2
06489 41.6,-72.9
06492 41.5,-72.8
06498 41.3,-72.5
06510 41.3,-72.9
06511 41.3,-72.9
06512 41.3,-72.9
06513 41.3,-72.9
06514 41.4,-72.9
06515 41.3,-73
06516 41.3,-73
06517 41.3,-72.9
06518 41.4,-72.9
06519 41.3,-72.9
06524 41.4,-73
06525 41.4,-73
06604 41.2,-73.2
06605 41.2,-73.2
06606 41.2,-73.2
06607 41.2,-73.2
06608 41.2,-73.2
06610 41.2,-73.2
06611 41.3,-73.2
06612 41.3,-73.3
06614 41.2,-73.1
06615 41.2,-73.1
06702 41.6,-73
06704 41.6,-73
06705 41.5,-73
06706 41.5,-73
06708 41.6,-73.1
06710 41.6,-73
06712 41.5,-73
06716 41.6,-73
06750 41.7,-73.3
06751 41.6,-73.2
06752 41.5,-73.4
06753 41.8,-73.3
06754 41.8,-73.4
06755 41.6,-73.5
06756 41.8,-73.2
06757 41.7,-73.5
06758 41.7,-73.2
06759 41.8,-73.2
06762 41.5,-73.1
06763 41.7,-73.2
06770 41.5,-73.1
06776 41.6,-73.4
06777 41.7,-73.3
06778 41.7,-73.1
06779 41.6,-73.1
06782 41.6,-73
06783 41.6,-73.3
06784 41.6,-73.5
06785 41.7,-73.4
06786 41.7,-73
06787 41.7,-73.1
06790 41.8,-73.1
06791 41.8,-73.1
06793 41.6,-73.3
06794 41.6,-73.3
06795 41.6,-73.1
06796 41.9,-73.3
06798 41.6,-73.2
06801 41.4,-73.4
06804 41.5,-73.4
06807 41.1,-73.6
06810 41.4,-73.5
06811 41.4,-73.5
06812 41.5,-73.5
06820 41.1,-73.5
06824 41.2,-73.3
06825 41.2,-73.2
06830 41,-73.6
06831 41.1,-73.7
06840 41.2,-73.5
06850 41.1,-73.4
06851 41.1,-73.4
06853 41.1,-73.4
06854 41.1,-73.4
06855 41.1,-73.4
06870 41,-73.6
06877 41.3,-73.5
06878 41,-73.6
06880 41.1,-73.3
06883 41.2,-73.4
06890 41.1,-73.3
06896 41.3,-73.4
06897 41.2,-73.4
06901 41.1,-73.5
06902 41.1,-73.5
06903 41.1,-73.6
06905 41.1,-73.5
06906 41.1,-73.5
06907 41.1,-73.5
07001 40.6,-74.3
07002 40.7,-74.1
07003 40.8,-74.2
07004 40.9,-74.3
07005 40.9,-74.4
07006 40.9,-74.3
07008 40.6,-74.2
07009 40.9,-74.2
07010 40.8,-74
07011 40.9,-74.1
07012 40.8,-74.2
07013 40.9,-74.2
07014 40.8,-74.1
07016 40.7,-74.3
07017 40.8,-74.2
07018 40.8,-74.2
07020 40.8,-74
07021 40.8,-74.3
07022 40.8,-74
07023 40.6,-74.4
07024 40.9,-74
07026 40.9,-74.1
07027 40.7,-74.3
07028 40.8,-74.2
07029 40.7,-74.2
07030 40.7,-74
07031 40.8,-74.1
07032 40.8,-74.1
07033 40.7,-74.3
07034 40.9,-74.4
07035 40.9,-74.3
07036 40.6,-74.2
07039 40.8,-74.3
07040 40.7,-74.3
07041 40.7,-74.3
07042 40.8,-74.2
07043 40.8,-74.2
07044 40.8,-74.2
07045 40.9,-74.4
07046 40.9,-74.4
07047 40.8,-74
07050 40.8,-74.2
07052 40.8,-74.3
07054 40.9,-74.4
07055 40.9,-74.1
07057 40.9,-74.1
07058 40.9,-74.3
07059 40.6,-74.5
07060 40.6,-74.4
07062 40.6,-74.4
07063 40.6,-74.4
07064 40.6,-74.2
07065 40.6,-74.3
07066 40.6,-74.3
07067 40.6,-74.3
07068 40.8,-74.3
07069 40.6,-74.4
07070 40.8,-74.1
07071 40.8,-74.1
07072 40.8,-74.1
07073 40.8,-74.1
07074 40.8,-74.1
07075 40.9,-74.1
07076 40.6,-74.4
07077 40.6,-74.3
07078 40.7,-74.3
07079 40.7,-74.3
07080 40.6,-74.4
07081 40.7,-74.3
07082 40.9,-74.3
07083 40.7,-74.3
07086 40.8,-74
07087 40.8,-74
07088 40.7,-74.3
07090 40.7,-74.3
07092 40.7,-74.4
07093 40.8,-74
07094 40.8,-74.1
07095 40.6,-74.3
07102 40.7,-74.2
07103 40.7,-74.2
07104 40.8,-74.2
07105 40.7,-74.1
07106 40.7,-74.2
07107 40.8,-74.2
07108 40.7,-74.2
07109 40.8,-74.2
07110 40.8,-74.2
07111 40.7,-74.2
07112 40.7,-74.2
07114 40.7,-74.2
07201 40.7,-74.2
07202 40.7,-74.2
07203 40.7,-74.3
07204 40.7,-74.3
07205 40.7,-74.2
07206 40.7,-74.2
07208 40.7,-74.2
07302 40.7,-74
07304 40.7,-74.1
07305 40.7,-74.1
07306 40.7,-74.1
07307 40.8,-74.1
07310 40.7,-74
07311 40.7,-74
07401 41,-74.1
07403 41,-74.3
07405 41,-74.4
07407 40.9,-74.1
07410 40.9,-74.1
07416 41.1,-74.6
07417 41,-74.2
07418 41.2,-74.5
07419 41.2,-74.6
07420 41,-74.3
07421 41.2,-74.4
07422 41.2,-74.4
07423 41,-74.1
07424 40.9,-74.2
07430 41.1,-74.2
07432 41,-74.1
07435 41,-74.4
07436 41,-74.2
07438 41,-74.5
07439 41.1,-74.6
07440 40.9,-74.3
07442 41,-74.3
07444 41,-74.3
07446 41.1,-74.1
07450 41,-74.1
07452 41,-74.1
07456 41.1,-74.3
07457 41,-74.3
07458 41,-74.1
07460 41.1,-74.5
07461 41.2,-74.6
07462 41.2,-74.5
07463 41,-74.1
07465 41,-74.3
07470 40.9,-74.2
07480 41.1,-74.4
07481 41,-74.2
07501 40.9,-74.2
07502 40.9,-74.2
07503 40.9,-74.2
07504 40.9,-74.1
07505 40.9,-74.2
07506 41,-74.2
07508 41,-74.2
07512 40.9,-74.2
07513 40.9,-74.1
07514 40.9,-74.1
07522 40.9,-74.2
07524 40.9,-74.2
07601 40.9,-74
07603 40.9,-74
07604 40.9,-74.1
07605 40.9,-74
07606 40.9,-74
07607 40.9,-74.1
07608 40.8,-74.1
07620 41,-73.9
07621 40.9,-74
07624 41,-74
07626 40.9,-74
07627 41,-74
07628 40.9,-74
07630 41,-74
07631 40.9,-74
07632 40.9,-73.9
07640 41,-74
07641 41,-74
07642 41,-74
07643 40.8,-74
07644 40.9,-74.1
07645 41.1,-74
07646 40.9,-74
07647 41,-73.9
07648 41,-74
07649 41,-74
07650 40.8,-74
07652 40.9,-74.1
07656 41,-74
07657 40.8,-74
07660 40.9,-74
07661 40.9,-74
07662 40.9,-74.1
07663 40.9,-74.1
07666 40.9,-74
07670 40.9,-74
07675 41,-74
07676 41,-74.1
07677 41,-74.1
07701 40.4,-74.1
07702 40.3,-74.1
07703 40.3,-74
07704 40.4,-74
07711 40.2,-74
07712 40.2,-74.1
07716 40.4,-74
07717 40.2,-74
07718 40.4,-74.1
07719 40.2,-74.1
07720 40.2,-74
07721 40.4,-74.2
07722 40.3,-74.2
07723 40.3,-74
07724 40.3,-74.1
07726 40.3,-74.3
07727 40.2,-74.2
07728 40.2,-74.3
07730 40.4,-74.2
07731 40.1,-74.2
07732 40.4,-74
07733 40.4,-74.2
07734 40.4,-74.1
07735 40.5,-74.2
07737 40.4,-74.1
07738 40.3,-74.1
07739 40.3,-74
07740 40.3,-74
07746 40.3,-74.3
07747 40.4,-74.3
07748 40.4,-74.1
07750 40.3,-74
07751 40.4,-74.3
07753 40.2,-74.1
07755 40.3,-74
07756 40.2,-74
07757 40.3,-74
07758 40.4,-74.1
07760 40.4,-74
07762 40.2,-74
07764 40.3,-74
07801 40.9,-74.6
07803 40.9,-74.6
07820 40.9,-74.8
07821 41,-74.8
07822 41.1,-74.7
07823 40.8,-75
07825 41,-75
07826 41.2,-74.8
07827 41.3,-74.7
07828 40.9,-74.8
07830 40.7,-74.8
07831 40.7,-74.9
07832 40.9,-75.1
07833 40.9,-75.1
07834 40.9,-74.5
07836 40.8,-74.7
07838 40.9,-74.9
07840 40.9,-74.8
07842 40.9,-74.5
07843 40.9,-74.7
07844 40.9,-75
07846 41,-74.9
07847 40.9,-74.6
07848 41.1,-74.7
07849 41,-74.6
07850 40.9,-74.7
07851 41.2,-74.9
07852 40.9,-74.7
07853 40.8,-74.8
07856 40.9,-74.6
07857 40.9,-74.7
07860 41.1,-74.8
07863 40.8,-75
07865 40.8,-74.9
07866 41,-74.5
07869 40.8,-74.6
07870 40.8,-74.8
07871 41,-74.6
07874 40.9,-74.7
07876 40.9,-74.7
07878 40.9,-74.5
07880 40.9,-74.9
07881 41.1,-74.9
07882 40.8,-75
07885 40.9,-74.6
07901 40.7,-74.4
07920 40.7,-74.6
07921 40.7,-74.7
07922 40.7,-74.4
07924 40.7,-74.6
07926 40.8,-74.6
07927 40.8,-74.5
07928 40.7,-74.4
07930 40.8,-74.7
07931 40.7,-74.6
07932 40.8,-74.4
07933 40.7,-74.5
07934 40.7,-74.7
07935 40.7,-74.5
07936 40.8,-74.4
07939 40.7,-74.6
07940 40.8,-74.4
07945 40.8,-74.6
07946 40.7,-74.5
07950 40.8,-74.5
07960 40.8,-74.5
07961 40.8,-74.4
07970 40.8,-74.6
07974 40.7,-74.4
07976 40.7,-74.5
07977 40.7,-74.7
07979 40.7,-74.7
07980 40.7,-74.5
07981 40.8,-74.4
08001 39.5,-75.3
08002 39.9,-75
08003 39.9,-75
08004 39.8,-74.8
08005 39.8,-74.3
08006 39.8,-74.1
08007 39.9,-75.1
08008 39.6,-74.2
08009 39.8,-74.9
08010 40.1,-74.9
08011 40,-74.7
08012 39.8,-75.1
08014 39.8,-75.4
08015 39.9,-74.5
08016 40.1,-74.8
08019 39.8,-74.5
08020 39.8,-75.2
08021 39.8,-75
08022 40.1,-74.7
08023 39.7,-75.5
08026 39.8,-75
08027 39.8,-75.3
08028 39.7,-75.1
08029 39.8,-75.1
08030 39.9,-75.1
08031 39.9,-75.1
08032 39.8,-75.1
08033 39.9,-75
08034 39.9,-75
08035 39.9,-75.1
08036 40,-74.8
08037 39.6,-74.8
08038 39.5,-75.5
08039 39.7,-75.3
08041 40,-74.7
08042 40,-74.7
08043 39.8,-75
08045 39.9,-75
08046 40,-74.9
08048 40,-74.8
08049 39.9,-75
08050 39.7,-74.2
08051 39.8,-75.2
08052 40,-75
08053 39.9,-74.9
08054 39.9,-74.9
08055 39.9,-74.8
08056 39.8,-75.3
08057 40,-74.9
08059 39.9,-75.1
08060 40,-74.8
08061 39.8,-75.2
08062 39.7,-75.2
08063 39.9,-75.2
08064 39.9,-74.6
08065 40,-75
08066 39.8,-75.2
08067 39.7,-75.4
08068 40,-74.7
08069 39.7,-75.5
08070 39.6,-75.5
08071 39.7,-75.1
08072 39.5,-75.4
08073 40,-74.9
08074 39.7,-75.2
08075 40,-74.9
08077 40,-75
08078 39.9,-75.1
08079 39.5,-75.4
08080 39.8,-75.1
08081 39.7,-75
08083 39.8,-75
08084 39.8,-75
08085 39.8,-75.3
08086 39.9,-75.2
08087 39.6,-74.4
08088 39.8,-74.7
08089 39.7,-74.8
08090 39.8,-75.1
08091 39.8,-74.9
08092 39.6,-74.3
08093 39.9,-75.1
08094 39.7,-75
08095 39.6,-74.9
08096 39.8,-75.1
08097 39.8,-75.2
08098 39.6,-75.3
08102 40,-75.1
08103 39.9,-75.1
08104 39.9,-75.1
08105 40,-75.1
08106 39.9,-75.1
08107 39.9,-75.1
08108 39.9,-75.1
08109 39.9,-75
08110 40,-75.1
08201 39.4,-74.5
08202 39.1,-74.7
08203 39.4,-74.4
08204 39,-74.9
08205 39.5,-74.5
08210 39.1,-74.8
08212 38.9,-75
08215 39.6,-74.6
08217 39.6,-74.7
08221 39.3,-74.6
08223 39.3,-74.7
08224 39.6,-74.5
08225 39.4,-74.5
08226 39.3,-74.6
08230 39.2,-74.7
08232 39.4,-74.5
08234 39.4,-74.6
08240 39.5,-74.5
08241 39.5,-74.5
08242 39,-74.9
08243 39.2,-74.7
08244 39.3,-74.6
08245 39.2,-74.8
08246 39.2,-74.8
08247 39,-74.8
08248 39.2,-74.7
08251 39,-74.9
08260 39,-74.8
08270 39.3,-74.8
08302 39.4,-75.3
08310 39.5,-74.9
08311 39.3,-75.2
08312 39.7,-75.1
08314 39.2,-74.9
08316 39.3,-74.9
08317 39.4,-74.8
08318 39.6,-75.2
08319 39.4,-74.8
08320 39.4,-75.2
08321 39.2,-75.1
08322 39.6,-75
08323 39.4,-75.4
08324 39.2,-75
08326 39.5,-74.9
08327 39.3,-74.9
08328 39.6,-75.1
08329 39.3,-75
08330 39.5,-74.7
08332 39.4,-75
08340 39.4,-74.9
08341 39.5,-75
08343 39.6,-75.2
08344 39.6,-75
08345 39.3,-75.1
08346 39.6,-74.9
08348 39.3,-75
08349 39.3,-75.1
08350 39.5,-74.9
08352 39.5,-75.1
08353 39.5,-75.3
08360 39.5,-75
08361 39.4,-75
08401 39.4,-74.5
08402 39.3,-74.5
08403 39.3,-74.5
08406 39.3,-74.5
08501 40.2,-74.6
08502 40.4,-74.7
08505 40.1,-74.7
08510 40.2,-74.4
08511 40,-74.5
08512 40.3,-74.5
08514 40.1,-74.5
08515 40.1,-74.7
08518 40.1,-74.8
08520 40.3,-74.5
08525 40.4,-74.8
08527 40.1,-74.4
08528 40.4,-74.6
08530 40.4,-74.9
08533 40,-74.5
08534 40.3,-74.8
08535 40.2,-74.4
08536 40.3,-74.6
08540 40.4,-74.7
08542 40.4,-74.7
08544 40.3,-74.7
08550 40.3,-74.6
08551 40.4,-74.8
08553 40.4,-74.6
08554 40.1,-74.8
08555 40.2,-74.5
08558 40.4,-74.7
08559 40.4,-75
08560 40.3,-74.9
08561 40.2,-74.6
08562 40.1,-74.6
08608 40.2,-74.8
08609 40.2,-74.7
08610 40.2,-74.7
08611 40.2,-74.7
08618 40.2,-74.8
08619 40.2,-74.7
08620 40.2,-74.7
08628 40.3,-74.8
08629 40.2,-74.7
08638 40.3,-74.8
08640 40,-74.6
08641 40,-74.6
08648 40.3,-74.7
08690 40.2,-74.7
08691 40.2,-74.6
08701 40.1,-74.2
08720 40.1,-74.1
08721 39.9,-74.2
08722 39.9,-74.2
08723 40,-74.1
08724 40.1,-74.1
08730 40.1,-74.1
08731 39.9,-74.3
08732 39.9,-74.1
08733 40,-74.4
08734 39.9,-74.2
08735 40,-74.1
08736 40.1,-74.1
08738 40,-74.1
08740 39.9,-74.1
08741 39.9,-74.2
08742 40.1,-74.1
08750 40.1,-74
08751 39.9,-74.1
08752 39.8,-74.1
08753 40,-74.2
08755 40,-74.2
08757 40,-74.3
08758 39.8,-74.3
08759 40,-74.4
08801 40.6,-74.9
08802 40.7,-75
08804 40.6,-75.1
08805 40.6,-74.5
08807 40.6,-74.6
08809 40.6,-74.9
08810 40.4,-74.5
08812 40.6,-74.5
08816 40.4,-74.4
08817 40.5,-74.4
08820 40.6,-74.4
08821 40.5,-74.7
08822 40.5,-74.9
08823 40.4,-74.6
08824 40.4,-74.6
08825 40.5,-75
08826 40.7,-74.9
08827 40.7,-75
08828 40.4,-74.4
08829 40.7,-74.9
08830 40.6,-74.3
08831 40.3,-74.4
08832 40.5,-74.3
08833 40.6,-74.8
08835 40.5,-74.6
08836 40.6,-74.6
08837 40.5,-74.3
08840 40.5,-74.4
08844 40.5,-74.7
08846 40.6,-74.5
08848 40.6,-75.1
08850 40.4,-74.4
08852 40.4,-74.5
08853 40.5,-74.7
08854 40.5,-74.5
08857 40.4,-74.3
08858 40.7,-74.7
08859 40.5,-74.3
08861 40.5,-74.3
08863 40.5,-74.3
08865 40.7,-75.1
08867 40.6,-75
08869 40.6,-74.6
08872 40.5,-74.4
08873 40.5,-74.5
08876 40.6,-74.7
08879 40.5,-74.3
08880 40.6,-74.5
08882 40.4,-74.4
08884 40.4,-74.4
08886 40.7,-75.1
08887 40.5,-74.8
08889 40.6,-74.8
08890 40.5,-74.6
08901 40.5,-74.4
08902 40.4,-74.5
08904 40.5,-74.4
10001 40.8,-74
10002 40.7,-74
10003 40.7,-74
10004 40.7,-74
10005 40.7,-74
10006 40.7,-74
10007 40.7,-74
10009 40.7,-74
10010 40.7,-74
10011 40.7,-74
10012 40.7,-74
10013 40.7,-74
10014 40.7,-74
10016 40.7,-74
10017 40.8,-74
10018 40.8,-74
10019 40.8,-74
10020 40.8,-74
10021 40.8,-74
10022 40.8,-74
10023 40.8,-74
10024 40.8,-74
10025 40.8,-74
10026 40.8,-74
10027 40.8,-74
10028 40.8,-74
10029 40.8,-73.9
10030 40.8,-73.9
10031 40.8,-74
10032 40.8,-73.9
10033 40.8,-73.9
10034 40.9,-73.9
10035 40.8,-73.9
10036 40.8,-74
10037 40.8,-73.9
10038 40.7,-74
10039 40.8,-73.9
10040 40.9,-73.9
10044 40.8,-73.9
10065 40.8,-74
10069 40.8,-74
10075 40.8,-74
10103 40.8,-74
10110 40.8,-74
10111 40.8,-74
10112 40.8,-74
10115 40.8,-74
10119 40.8,-74
10128 40.8,-74
10152 40.8,-74
10153 40.8,-74
10154 40.8,-74
10162 40.8,-73.9
10165 40.8,-74
10167 40.8,-74
10168 40.8,-74
10169 40.8,-74
10170 40.8,-74
10171 40.8,-74
10172 40.8,-74
10173 40.8,-74
10174 40.8,-74
10177 40.8,-74
10199 40.8,-74
10271 40.7,-74
10278 40.7,-74
10279 40.7,-74
10280 40.7,-74
10282 40.7,-74
10301 40.6,-74.1
10302 40.6,-74.1
10303 40.6,-74.2
10304 40.6,-74.1
10305 40.6,-74.1
10306 40.6,-74.1
10307 40.5,-74.2
10308 40.6,-74.2
10309 40.5,-74.2
10310 40.6,-74.1
10311 40.6,-74.2
10312 40.5,-74.2
10314 40.6,-74.2
10451 40.8,-73.9
10452 40.8,-73.9
10453 40.9,-73.9
10454 40.8,-73.9
10455 40.8,-73.9
10456 40.8,-73.9
10457 40.8,-73.9
10458 40.9,-73.9
10459 40.8,-73.9
10460 40.8,-73.9
10461 40.8,-73.8
10462 40.8,-73.9
10463 40.9,-73.9
10464 40.9,-73.8
10465 40.8,-73.8
10466 40.9,-73.8
10467 40.9,-73.9
10468 40.9,-73.9
10469 40.9,-73.8
10470 40.9,-73.9
10471 40.9,-73.9
10472 40.8,-73.9
10473 40.8,-73.9
10474 40.8,-73.9
10475 40.9,-73.8
10501 41.3,-73.8
10502 41,-73.8
10503 41,-73.9
10504 41.1,-73.7
10505 41.3,-73.7
10506 41.2,-73.6
10507 41.2,-73.7
10509 41.4,-73.6
10510 41.1,-73.8
10511 41.3,-73.9
10512 41.4,-73.7
10514 41.2,-73.8
10516 41.5,-73.9
10517 41.3,-73.9
10518 41.3,-73.6
10519 41.3,-73.7
10520 41.2,-73.9
10522 41,-73.9
10523 41.1,-73.8
10524 41.4,-73.9
10526 41.3,-73.7
10527 41.3,-73.8
10528 41,-73.7
10530 41,-73.8
10532 41.1,-73.8
10533 41,-73.9
10535 41.3,-73.8
10536 41.3,-73.7
10537 41.3,-73.9
10538 40.9,-73.8
10540 41.3,-73.7
10541 41.4,-73.8
10542 41.4,-73.8
10543 41,-73.7
10545 41.2,-73.8
10546 41.2,-73.8
10547 41.3,-73.8
10548 41.2,-73.9
10549 41.2,-73.7
10550 40.9,-73.8
10552 40.9,-73.8
10553 40.9,-73.8
10560 41.3,-73.6
10562 41.2,-73.8
10566 41.3,-73.9
10567 41.3,-73.9
10570 41.1,-73.8
10573 41,-73.7
10576 41.2,-73.6
10577 41,-73.7
10578 41.3,-73.7
10579 41.4,-73.8
10580 41,-73.7
10583 41,-73.8
10588 41.3,-73.8
10589 41.3,-73.7
10590 41.3,-73.5
10591 41.1,-73.8
10594 41.1,-73.8
10595 41.1,-73.8
10596 41.3,-74
10597 41.3,-73.6
10598 41.3,-73.8
10601 41,-73.8
10603 41.1,-73.8
10604 41.1,-73.7
10605 41,-73.7
10606 41,-73.8
10607 41,-73.8
10701 40.9,-73.9
10703 41,-73.9
10704 40.9,-73.9
10705 40.9,-73.9
10706 41,-73.9
10707 41,-73.8
10708 40.9,-73.8
10709 41,-73.8
10710 41,-73.8
10801 40.9,-73.8
10803 40.9,-73.8
10804 40.9,-73.8
10805 40.9,-73.8
10901 41.2,-74.1
10910 41.3,-74.1
10911 41.3,-74
10913 41.1,-74
10914 41.4,-74.2
10915 41.5,-74.4
10916 41.4,-74.2
10917 41.3,-74.1
10918 41.3,-74.3
10919 41.5,-74.4
10920 41.2,-73.9
10921 41.3,-74.4
10922 41.3,-74
10923 41.2,-74
10924 41.4,-74.4
10925 41.2,-74.3
10926 41.3,-74.1
10927 41.2,-74
10928 41.3,-74
10930 41.4,-74.1
10931 41.1,-74.2
10932 41.5,-74.5
10933 41.4,-74.5
10940 41.4,-74.5
10941 41.5,-74.3
10950 41.3,-74.2
10952 41.1,-74.1
10953 41.4,-74.1
10954 41.1,-74
10956 41.2,-74
10958 41.4,-74.4
10960 41.1,-73.9
10962 41,-74
10963 41.5,-74.5
10964 41,-73.9
10965 41.1,-74
10968 41,-73.9
10969 41.3,-74.5
10970 41.2,-74.1
10973 41.4,-74.5
10974 41.2,-74.2
10975 41.3,-74.2
10976 41,-73.9
10977 41.1,-74
10979 41.2,-74.3
10980 41.2,-74.1
10983 41,-73.9
10984 41.2,-74
10985 41.6,-74.4
10986 41.3,-74
10987 41.2,-74.2
10988 41.3,-74.6
10989 41.1,-73.9
10990 41.3,-74.4
10992 41.4,-74.2
10993 41.2,-74
10994 41.1,-74
10996 41.4,-74
10998 41.3,-74.5
11001 40.7,-73.7
11003 40.7,-73.7
11004 40.7,-73.7
11005 40.8,-73.7
11010 40.7,-73.7
11020 40.8,-73.7
11021 40.8,-73.7
11023 40.8,-73.7
11024 40.8,-73.7
11030 40.8,-73.7
11040 40.7,-73.7
11042 40.8,-73.7
11050 40.8,-73.7
11096 40.6,-73.8
11101 40.7,-73.9
11102 40.8,-73.9
11103 40.8,-73.9
11104 40.7,-73.9
11105 40.8,-73.9
11106 40.8,-73.9
11109 40.7,-74
11201 40.7,-74
11203 40.6,-73.9
11204 40.6,-74
11205 40.7,-74
11206 40.7,-73.9
11207 40.7,-73.9
11208 40.7,-73.9
11209 40.6,-74
11210 40.6,-73.9
11211 40.7,-73.9
11212 40.7,-73.9
11213 40.7,-73.9
11214 40.6,-74
11215 40.7,-74
11216 40.7,-73.9
11217 40.7,-74
11218 40.6,-74
11219 40.6,-74
11220 40.6,-74
11221 40.7,-73.9
11222 40.7,-73.9
11223 40.6,-74
11224 40.6,-74
11225 40.7,-74
11226 40.6,-74
11228 40.6,-74
11229 40.6,-73.9
11230 40.6,-74
11231 40.7,-74
11232 40.7,-74
11233 40.7,-73.9
11234 40.6,-73.9
11235 40.6,-73.9
11236 40.6,-73.9
11237 40.7,-73.9
11238 40.7,-74
11239 40.6,-73.9
11249 40.7,-74
11354 40.8,-73.8
11355 40.8,-73.8
11356 40.8,-73.8
11357 40.8,-73.8
11358 40.8,-73.8
11359 40.8,-73.8
11360 40.8,-73.8
11361 40.8,-73.8
11362 40.8,-73.7
11363 40.8,-73.7
11364 40.7,-73.8
11365 40.7,-73.8
11366 40.7,-73.8
11367 40.7,-73.8
11368 40.7,-73.9
11369 40.8,-73.9
11370 40.8,-73.9
11371 40.8,-73.9
11372 40.8,-73.9
11373 40.7,-73.9
11374 40.7,-73.9
11375 40.7,-73.8
11377 40.7,-73.9
11378 40.7,-73.9
11379 40.7,-73.9
11385 40.7,-73.9
11411 40.7,-73.7
11412 40.7,-73.8
11413 40.7,-73.8
11414 40.7,-73.8
11415 40.7,-73.8
11416 40.7,-73.8
11417 40.7,-73.8
11418 40.7,-73.8
11419 40.7,-73.8
11420 40.7,-73.8
11421 40.7,-73.9
11422 40.7,-73.7
11423 40.7,-73.8
11424 40.7,-73.8
11426 40.7,-73.7
11427 40.7,-73.7
11428 40.7,-73.7
11429 40.7,-73.7
11430 40.6,-73.8
11432 40.7,-73.8
11433 40.7,-73.8
11434 40.7,-73.8
11435 40.7,-73.8
11436 40.7,-73.8
11439 40.7,-73.8
11451 40.7,-73.8
11501 40.7,-73.6
11507 40.8,-73.7
11509 40.6,-73.7
11510 40.7,-73.6
11514 40.7,-73.6
11516 40.6,-73.7
11518 40.6,-73.7
11520 40.6,-73.6
11530 40.7,-73.6
11542 40.9,-73.6
11545 40.8,-73.6
11547 40.8,-73.6
11548 40.8,-73.6
11549 40.7,-73.6
11550 40.7,-73.6
11552 40.7,-73.7
11553 40.7,-73.6
11554 40.7,-73.6
11556 40.7,-73.6
11557 40.6,-73.7
11558 40.6,-73.6
11559 40.6,-73.7
11560 40.9,-73.6
11561 40.6,-73.6
11563 40.7,-73.7
11565 40.7,-73.7
11566 40.7,-73.6
11568 40.8,-73.6
11569 40.6,-73.6
11570 40.7,-73.6
11572 40.6,-73.6
11575 40.7,-73.6
11576 40.8,-73.6
11577 40.8,-73.6
11579 40.8,-73.6
11580 40.7,-73.7
11581 40.7,-73.7
11590 40.8,-73.6
11596 40.8,-73.6
11598 40.6,-73.7
11691 40.6,-73.8
11692 40.6,-73.8
11693 40.6,-73.8
11694 40.6,-73.9
11697 40.6,-73.9
11701 40.7,-73.4
11702 40.6,-73.4
11703 40.7,-73.3
11704 40.7,-73.4
11705 40.7,-73.1
11706 40.7,-73.2
11709 40.9,-73.6
11710 40.7,-73.5
11713 40.8,-72.9
11714 40.7,-73.5
11715 40.8,-73
11716 40.8,-73.1
11717 40.8,-73.3
11718 40.7,-73.3
11719 40.8,-72.9
11720 40.9,-73.1
11721 40.9,-73.4
11722 40.8,-73.2
11724 40.9,-73.5
11725 40.8,-73.3
11726 40.7,-73.4
11727 40.9,-73
11729 40.8,-73.3
11730 40.7,-73.2
11731 40.9,-73.3
11732 40.8,-73.5
11733 40.9,-73.1
11735 40.7,-73.4
11738 40.8,-73
11739 40.7,-73.2
11740 40.9,-73.4
11741 40.8,-73.1
11742 40.8,-73
11743 40.9,-73.4
11746 40.8,-73.4
11747 40.8,-73.4
11749 40.8,-73.2
11751 40.7,-73.2
11752 40.8,-73.2
11753 40.8,-73.5
11754 40.9,-73.2
11755 40.9,-73.1
11756 40.7,-73.5
11757 40.7,-73.4
11758 40.7,-73.5
11762 40.7,-73.4
11763 40.8,-73
11764 40.9,-73
11765 40.9,-73.6
11766 40.9,-73
11767 40.8,-73.1
11768 40.9,-73.3
11769 40.7,-73.1
11770 40.6,-73.1
11771 40.9,-73.5
11772 40.8,-73
11776 40.9,-73
11777 41,-73.1
11778 40.9,-72.9
11779 40.8,-73.1
11780 40.9,-73.2
11782 40.7,-73.1
11783 40.7,-73.5
11784 40.9,-73
11786 41,-72.9
11787 40.9,-73.2
11788 40.8,-73.2
11789 41,-73
11790 40.9,-73.1
11791 40.8,-73.5
11792 41,-72.8
11793 40.6,-73.5
11794 40.9,-73.1
11795 40.7,-73.3
11796 40.7,-73.1
11797 40.8,-73.5
11798 40.8,-73.4
11801 40.8,-73.5
11803 40.8,-73.5
11804 40.8,-73.5
11901 40.9,-72.6
11930 41,-72.1
11931 40.9,-72.6
11932 40.9,-72.3
11933 40.9,-72.8
11934 40.8,-72.8
11935 41,-72.5
11937 41,-72.2
11939 41.1,-72.3
11940 40.8,-72.8
11941 40.8,-72.7
11942 40.8,-72.6
11944 41.1,-72.4
11946 40.9,-72.5
11947 40.9,-72.6
11948 41,-72.5
11949 40.9,-72.8
11950 40.8,-72.8
11951 40.8,-72.8
11952 41,-72.5
11953 40.9,-73
11954 41,-71.9
11955 40.8,-72.8
11956 41,-72.5
11957 41.2,-72.1
11958 41,-72.5
11959 40.8,-72.6
11960 40.8,-72.7
11961 40.9,-72.9
11962 40.9,-72.3
11963 41,-72.3
11964 41,-72.3
11965 41.1,-72.3
11967 40.8,-72.9
11968 40.9,-72.4
11970 40.9,-72.6
11971 41.1,-72.4
11972 40.8,-72.7
11973 40.9,-72.9
11975 40.9,-72.2
11976 40.9,-72.3
11977 40.8,-72.7
11978 40.8,-72.6
11980 40.8,-72.9
12007 42.5,-73.9
12008 42.9,-73.9
12009 42.7,-74
12010 42.9,-74.2
12015 42.3,-73.8
12017 42.3,-73.5
12018 42.6,-73.5
12019 42.9,-73.9
12020 43,-73.9
12022 42.7,-73.3
12023 42.6,-74.2
12024 42.5,-73.5
12025 43.1,-74.1
12027 42.9,-73.9
12028 42.9,-73.4
12029 42.4,-73.4
12031 42.8,-74.5
12032 43.3,-74.6
12033 42.5,-73.7
12035 42.7,-74.4
12036 42.5,-74.7
12037 42.3,-73.6
12040 42.6,-73.4
12041 42.5,-74
12042 42.4,-73.9
12043 42.7,-74.5
12045 42.5,-73.8
12046 42.5,-73.9
12047 42.8,-73.7
12051 42.3,-73.8
12052 42.8,-73.5
12053 42.8,-74.2
12054 42.6,-73.9
12056 42.8,-74.1
12057 43,-73.3
12058 42.3,-73.9
12059 42.6,-74.1
12060 42.4,-73.5
12061 42.6,-73.7
12062 42.5,-73.5
12063 42.6,-73.6
12064 42.6,-74.6
12065 42.9,-73.8
12066 42.8,-74.3
12067 42.6,-73.9
12068 43,-74.4
12069 42.9,-74.3
12070 43,-74.3
12071 42.6,-74.4
12072 42.9,-74.4
12074 43.1,-74.1
12075 42.3,-73.6
12076 42.4,-74.4
12077 42.6,-73.8
12078 43.1,-74.3
12082 42.8,-73.4
12083 42.4,-74
12084 42.7,-73.9
12085 42.7,-74
12086 43,-74.1
12087 42.4,-73.9
12090 42.9,-73.4
12092 42.7,-74.4
12093 42.5,-74.6
12094 42.9,-73.5
12095 43,-74.4
12106 42.4,-73.7
12108 43.5,-74.4
12110 42.8,-73.8
12115 42.5,-73.6
12116 42.5,-74.9
12117 43.2,-74.3
12118 42.9,-73.7
12120 42.5,-74.1
12121 42.8,-73.6
12122 42.5,-74.3
12123 42.5,-73.6
12124 42.4,-73.8
12125 42.5,-73.4
12130 42.4,-73.7
12131 42.5,-74.5
12132 42.5,-73.6
12134 43.3,-74.2
12136 42.4,-73.6
12137 42.9,-74.1
12138 42.7,-73.4
12139 43.5,-74.6
12140 42.7,-73.6
12143 42.5,-73.8
12144 42.6,-73.7
12147 42.5,-74.2
12148 42.8,-73.8
12149 42.6,-74.6
12150 42.9,-74.1
12151 42.9,-73.8
12153 42.6,-73.5
12154 42.9,-73.6
12155 42.6,-74.8
12156 42.5,-73.7
12157 42.7,-74.3
12158 42.5,-73.8
12159 42.7,-73.9
12160 42.8,-74.4
12161 42.5,-73.8
12164 43.6,-74.5
12165 42.3,-73.5
12166 42.8,-74.5
12167 42.4,-74.6
12168 42.6,-73.4
12169 42.6,-73.4
12170 43,-73.7
12172 42.3,-73.7
12173 42.4,-73.8
12174 42.4,-73.7
12175 42.6,-74.6
12176 42.4,-74
12177 43,-74.3
12180 42.7,-73.6
12182 42.8,-73.6
12183 42.7,-73.7
12184 42.4,-73.7
12185 42.9,-73.6
12186 42.6,-74
12187 42.6,-74.5
12188 42.8,-73.7
12189 42.7,-73.7
12190 43.5,-74.3
12192 42.4,-73.8
12193 42.5,-74
12194 42.5,-74.5
12195 42.5,-73.5
12196 42.6,-73.6
12197 42.6,-74.7
12198 42.7,-73.6
12202 42.6,-73.8
12203 42.7,-73.8
12204 42.7,-73.7
12205 42.7,-73.8
12206 42.7,-73.8
12207 42.7,-73.7
12208 42.7,-73.8
12209 42.6,-73.8
12210 42.7,-73.8
12211 42.7,-73.8
12222 42.7,-73.8
12226 42.7,-73.8
12302 42.9,-74
12303 42.7,-73.9
12304 42.8,-73.9
12305 42.8,-74
12306 42.8,-74
12307 42.8,-73.9
12308 42.8,-73.9
12309 42.8,-73.9
12401 42,-74
12404 41.8,-74.2
12405 42.3,-74.1
12406 42.1,-74.6
12407 42.3,-74.4
12409 42.1,-74.2
12410 42.1,-74.4
12411 41.9,-74
12412 42,-74.3
12413 42.3,-74
12414 42.2,-73.9
12416 42.1,-74.3
12417 41.9,-74
12418 42.4,-74.2
12419 41.9,-74.1
12420 41.7,-74.4
12421 42.3,-74.5
12422 42.4,-74.2
12423 42.4,-74.1
12424 42.2,-74.1
12427 42.2,-74.1
12428 41.7,-74.5
12429 41.8,-74
12430 42.2,-74.5
12431 42.4,-74
12432 42,-73.9
12433 42,-74.2
12434 42.4,-74.5
12435 41.7,-74.5
12436 42.2,-74.1
12438 42.2,-74.6
12439 42.3,-74.2
12440 41.8,-74.2
12441 42.2,-74.5
12442 42.2,-74.2
12443 41.9,-74.1
12444 42.2,-74.3
12446 41.8,-74.3
12448 42.1,-74.2
12449 42,-74
12450 42.1,-74.2
12451 42.3,-73.9
12452 42.2,-74.4
12453 42.1,-73.9
12454 42.3,-74.1
12455 42.1,-74.7
12456 42,-74
12457 42,-74.2
12458 41.8,-74.4
12459 42.2,-74.7
12460 42.4,-74.2
12461 41.9,-74.2
12463 42.2,-74
12464 42.1,-74.3
12465 42.2,-74.5
12466 41.9,-74
12468 42.3,-74.4
12469 42.4,-74.2
12470 42.3,-74.1
12471 41.8,-74
12472 41.8,-74.1
12473 42.3,-74
12474 42.3,-74.6
12475 42,-74
12477 42.1,-74
12480 42.1,-74.4
12481 42,-74.2
12482 42.3,-74
12483 41.7,-74.5
12484 41.9,-74.2
12485 42.2,-74.2
12486 41.8,-74.1
12487 41.9,-74
12489 41.8,-74.4
12490 42.1,-73.9
12491 42,-74.1
12492 42.2,-74.3
12493 41.8,-74
12494 41.9,-74.3
12495 42.1,-74.2
12496 42.3,-74.3
12498 42,-74.1
12501 41.9,-73.6
12502 42.1,-73.7
12503 42,-73.6
12504 42,-73.9
12507 42,-73.9
12508 41.5,-74
12512 41.6,-74
12513 42.2,-73.7
12514 41.9,-73.8
12515 41.7,-74.1
12516 42.1,-73.6
12517 42.1,-73.5
12518 41.4,-74
12520 41.4,-74
12521 42.2,-73.7
12522 41.7,-73.6
12523 42.1,-73.8
12524 41.5,-73.9
12525 41.7,-74.2
12526 42.1,-73.9
12527 41.5,-73.9
12528 41.7,-74
12529 42.2,-73.5
12530 42.2,-73.7
12531 41.5,-73.7
12533 41.6,-73.8
12534 42.2,-73.8
12538 41.8,-73.9
12540 41.7,-73.7
12542 41.6,-74
12543 41.5,-74.2
12544 42.3,-73.7
12545 41.8,-73.7
12546 41.9,-73.5
12547 41.7,-74
12548 41.7,-74.1
12549 41.5,-74.3
12550 41.5,-74.1
12553 41.5,-74.1
12561 41.8,-74.1
12563 41.5,-73.6
12564 41.6,-73.6
12565 42.2,-73.6
12566 41.6,-74.3
12567 42,-73.7
12569 41.7,-73.8
12570 41.6,-73.7
12571 42,-73.8
12572 41.9,-73.9
12574 41.9,-73.9
12575 41.5,-74.2
12577 41.4,-74.1
12578 41.8,-73.8
12580 41.9,-73.9
12581 41.9,-73.7
12582 41.5,-73.7
12583 42.1,-73.9
12585 41.7,-73.7
12586 41.6,-74.2
12589 41.6,-74.2
12590 41.6,-73.9
12592 41.8,-73.5
12594 41.7,-73.6
12601 41.7,-73.9
12603 41.7,-73.9
12604 41.7,-73.9
12701 41.7,-74.7
12719 41.5,-74.9
12720 41.6,-74.9
12721 41.6,-74.4
12722 41.6,-74.4
12723 41.8,-75
12724 41.9,-74.9
12725 42,-74.6
12726 41.7,-75
12729 41.5,-74.6
12732 41.6,-74.9
12733 41.7,-74.6
12734 41.7,-74.8
12736 41.9,-75
12737 41.5,-74.8
12738 41.7,-74.6
12740 41.9,-74.4
12741 41.8,-75.1
12742 41.7,-74.7
12743 41.5,-74.8
12745 41.8,-75
12746 41.4,-74.7
12747 41.8,-74.6
12748 41.8,-74.9
12749 41.7,-74.8
12750 41.7,-75
12751 41.7,-74.7
12752 41.7,-75
12754 41.8,-74.7
12758 41.9,-74.7
12759 41.8,-74.7
12760 41.9,-75.1
12762 41.7,-74.8
12763 41.7,-74.5
12764 41.6,-75
12765 41.9,-74.6
12766 41.8,-75
12767 41.8,-75
12768 41.9,-74.7
12769 41.7,-74.5
12770 41.4,-74.8
12771 41.4,-74.6
12775 41.6,-74.6
12776 42,-75
12777 41.6,-74.7
12778 41.7,-74.8
12779 41.7,-74.6
12780 41.4,-74.7
12781 41.6,-74.5
12783 41.7,-74.8
12784 41.7,-74.6
12785 41.5,-74.6
12786 41.6,-74.9
12787 41.8,-74.8
12788 41.8,-74.6
12789 41.7,-74.6
12790 41.6,-74.5
12791 41.8,-74.9
12792 41.5,-75
12801 43.3,-73.6
12803 43.3,-73.6
12804 43.3,-73.7
12808 43.7,-73.7
12809 43.2,-73.5
12810 43.5,-74
12811 43.6,-74.1
12812 43.9,-74.4
12814 43.6,-73.6
12815 43.7,-73.7
12816 43,-73.4
12817 43.6,-73.8
12819 43.6,-73.5
12820 43.5,-73.6
12821 43.5,-73.4
12822 43.2,-73.9
12823 43.2,-73.4
12824 43.5,-73.7
12827 43.4,-73.5
12828 43.3,-73.6
12831 43.2,-73.7
12832 43.4,-73.3
12833 43.2,-73.8
12834 43.1,-73.5
12835 43.3,-74
12836 43.7,-73.6
12837 43.5,-73.3
12838 43.3,-73.4
12839 43.4,-73.6
12841 43.6,-73.5
12842 43.7,-74.3
12843 43.6,-74
12844 43.5,-73.7
12845 43.4,-73.7
12846 43.3,-73.8
12847 44,-74.6
12849 43.4,-73.3
12850 43.1,-74
12851 43.9,-74.1
12852 44,-74.1
12853 43.7,-74.1
12854 43.5,-73.3
12855 44,-73.8
12856 43.7,-74.1
12857 43.8,-73.9
12858 43.9,-73.7
12859 43.2,-73.9
12860 43.7,-73.8
12861 43.7,-73.4
12862 43.7,-73.9
12863 43.1,-73.9
12864 43.7,-74.3
12865 43.2,-73.3
12866 43.1,-73.7
12870 43.8,-73.8
12871 43.1,-73.6
12872 43.9,-73.7
12873 43.1,-73.3
12874 43.7,-73.5
12878 43.4,-74.1
12883 43.8,-73.6
12884 43.1,-73.6
12885 43.5,-73.8
12886 43.6,-73.9
12887 43.5,-73.4
12901 44.7,-73.5
12903 44.7,-73.5
12910 44.9,-73.6
12911 44.5,-73.5
12912 44.5,-73.8
12913 44.4,-74
12914 44.9,-74.6
12915 44.9,-74
12916 44.8,-74.5
12917 44.9,-74.2
12918 44.7,-73.7
12919 45,-73.4
12920 44.9,-74.1
12921 44.9,-73.4
12922 44.4,-74.8
12923 44.9,-74
12924 44.5,-73.6
12926 45,-74.3
12927 44.2,-74.8
12928 44,-73.6
12929 44.7,-73.7
12930 44.7,-74.5
12932 44.2,-73.6
12933 44.9,-73.8
12934 44.8,-73.9
12935 44.8,-73.8
12936 44.3,-73.4
12937 45,-74.5
12939 44.4,-74.2
12941 44.4,-73.7
12942 44.3,-73.8
12943 44.1,-73.9
12944 44.4,-73.5
12945 44.3,-74.2
12946 44.2,-74
12950 44.3,-73.6
12952 44.7,-73.9
12953 44.7,-74.3
12955 44.8,-73.9
12956 44.1,-73.5
12957 44.9,-74.6
12958 45,-73.6
12959 45,-73.7
12960 44,-73.6
12961 44.1,-73.6
12962 44.7,-73.6
12964 44.1,-73.6
12965 44.7,-74.7
12966 44.8,-74.4
12967 44.8,-74.7
12969 44.7,-74.1
12970 44.4,-74.3
12972 44.6,-73.6
12973 44.3,-74.6
12974 44.1,-73.5
12975 44.5,-73.4
12976 44.5,-74.2
12977 44.3,-74.1
12978 44.6,-73.8
12979 45,-73.4
12980 44.6,-74.5
12981 44.6,-73.8
12983 44.3,-74.1
12985 44.6,-73.7
12986 44.2,-74.4
12987 44.4,-73.8
12989 44.5,-74.1
12992 44.8,-73.5
12993 44.2,-73.5
12996 44.4,-73.4
12997 44.4,-73.9
12998 44.1,-73.6
13020 42.8,-76.1
13021 42.9,-76.6
13024 42.9,-76.6
13026 42.7,-76.7
13027 43.2,-76.4
13028 43.3,-75.9
13029 43.2,-76.2
13030 43.2,-76
13031 43,-76.3
13032 43.1,-75.8
13033 43.2,-76.6
13034 43,-76.7
13035 42.9,-75.8
13036 43.3,-76.2
13037 43.1,-75.9
13039 43.2,-76.1
13040 42.6,-75.9
13041 43.2,-76.2
13042 43.3,-75.9
13044 43.3,-76
13045 42.6,-76.2
13051 42.9,-75.9
13052 42.7,-75.9
13053 42.5,-76.3
13054 43.2,-75.7
13057 43.1,-76
13060 43,-76.4
13061 42.9,-75.7
13062 42.5,-76.4
13063 42.8,-76
13065 42.8,-76.8
13066 43,-76
13068 42.5,-76.4
13069 43.3,-76.4
13071 42.7,-76.5
13072 42.8,-75.8
13073 42.6,-76.4
13074 43.3,-76.5
13076 43.4,-76.1
13077 42.7,-76.2
13078 43,-76.1
13080 43.1,-76.5
13081 42.7,-76.6
13082 43.1,-76
13083 43.6,-76
13084 42.9,-76.1
13087 42.7,-76.2
13088 43.1,-76.2
13090 43.2,-76.2
13092 42.7,-76.4
13101 42.6,-76.1
13102 42.6,-76.3
13103 43.3,-76.1
13104 43,-75.9
13108 43,-76.3
13110 42.9,-76.3
13111 43.3,-76.6
13112 43.1,-76.4
13113 43.2,-76.5
13114 43.5,-76.2
13115 43.4,-76.5
13116 43.1,-76
13117 43,-76.7
13118 42.8,-76.4
13119 43,-76.4
13120 42.9,-76.2
13121 43.5,-76.3
13122 42.8,-75.9
13123 43.2,-75.8
13124 42.7,-75.8
13126 43.4,-76.5
13131 43.4,-76.1
13132 43.3,-76.3
13134 43,-75.7
13135 43.3,-76.3
13136 42.6,-75.9
13138 42.9,-76
13140 43.1,-76.7
13141 42.8,-76.2
13142 43.6,-76.1
13143 43.2,-76.7
13144 43.6,-76
13145 43.7,-76.1
13146 43.1,-76.8
13147 42.8,-76.6
13148 42.9,-76.8
13152 42.9,-76.4
13153 43,-76.5
13154 43.1,-76.8
13155 42.7,-75.8
13156 43.3,-76.7
13157 43.2,-75.7
13158 42.7,-76
13159 42.8,-76.1
13160 42.8,-76.6
13162 43.2,-75.7
13163 43.1,-75.7
13164 43.1,-76.3
13165 42.9,-76.9
13166 43.1,-76.6
13167 43.3,-76.1
13202 43,-76.2
13203 43.1,-76.1
13204 43.1,-76.2
13205 43,-76.1
13206 43.1,-76.1
13207 43,-76.2
13208 43.1,-76.1
13209 43.1,-76.2
13210 43,-76.1
13211 43.1,-76.1
13212 43.1,-76.1
13214 43,-76.1
13215 43,-76.2
13219 43,-76.2
13224 43,-76.1
13244 43,-76.1
13290 43.1,-76.2
13301 43.4,-75.2
13302 43.5,-76
13303 43.4,-75.5
13304 43.2,-75.2
13305 43.9,-75.4
13308 43.3,-75.7
13309 43.5,-75.3
13310 42.9,-75.6
13312 43.7,-75.2
13313 42.9,-75.2
13314 42.8,-75.3
13315 42.7,-75.1
13316 43.4,-75.7
13317 42.9,-74.6
13318 42.9,-75.3
13319 43,-75.3
13320 42.8,-74.7
13321 43.1,-75.4
13322 43,-75.2
13323 43,-75.4
13324 43.3,-74.9
13325 43.6,-75.5
13326 42.7,-74.9
13327 44,-75.3
13328 43,-75.4
13329 43.1,-74.7
13331 43.8,-75
13332 42.8,-75.6
13333 42.8,-74.8
13334 42.8,-75.7
13335 42.7,-75.2
13337 42.8,-75
13338 43.5,-75
13339 42.9,-74.7
13340 43.1,-75.1
13342 42.6,-75.2
13343 43.8,-75.3
13345 43.7,-75.3
13346 42.8,-75.5
13348 42.7,-75.1
13350 43.1,-75
13352 43.3,-75.1
13353 43.4,-74.7
13354 43.3,-75.3
13355 42.8,-75.4
13357 43,-75.1
13360 43.7,-74.7
13361 42.9,-74.9
13363 43.3,-75.5
13364 42.8,-75.3
13365 43.1,-74.8
13367 43.7,-75.5
13368 43.6,-75.3
13402 42.9,-75.5
13403 43.2,-75.3
13404 43.7,-75.5
13406 43.1,-74.9
13407 43,-74.9
13408 42.9,-75.7
13409 43,-75.6
13410 42.9,-74.6
13411 42.6,-75.3
13413 43.1,-75.3
13415 42.6,-75.2
13416 43.2,-75
13417 43.1,-75.3
13418 42.8,-75.4
13420 43.7,-75
13421 43.1,-75.7
13424 43.2,-75.4
13425 43,-75.5
13428 42.9,-74.5
13431 43.2,-75.1
13433 43.6,-75.2
13435 43.3,-75.2
13436 43.8,-74.7
13437 43.6,-75.8
13438 43.4,-75.2
13439 42.9,-75
13440 43.2,-75.5
13441 43.2,-75.4
13450 42.7,-74.8
13452 43,-74.6
13454 43.2,-74.8
13455 42.9,-75.4
13456 43,-75.3
13457 42.8,-75
13459 42.8,-74.6
13460 42.7,-75.4
13461 43.1,-75.6
13464 42.7,-75.6
13468 42.8,-74.9
13469 43.2,-75.3
13470 43.2,-74.7
13471 43.4,-75.6
13472 43.7,-75.1
13473 43.6,-75.4
13475 42.9,-74.8
13476 43.1,-75.5
13477 43,-75.5
13478 43.1,-75.6
13480 42.9,-75.4
13482 42.7,-75.2
13483 43.4,-75.8
13484 42.9,-75.7
13485 42.8,-75.3
13486 43.4,-75.3
13488 42.7,-74.8
13489 43.5,-75.5
13490 43.1,-75.4
13491 42.9,-75.2
13492 43.1,-75.3
13493 43.4,-75.9
13494 43.5,-75.2
13495 43.1,-75.3
13501 43.1,-75.2
13502 43.1,-75.2
13601 44,-75.9
13602 44,-75.7
13603 44,-75.8
13605 43.8,-76.1
13606 43.9,-76
13607 44.3,-75.9
13608 44.3,-75.6
13611 43.8,-76.1
13612 44,-75.8
13613 44.8,-74.7
13614 44.5,-75.7
13615 44,-76
13616 44,-75.9
13617 44.6,-75.1
13618 44.1,-76.3
13619 44,-75.6
13620 43.9,-75.4
13621 44.8,-75.1
13622 44.1,-76.1
13623 44.4,-75.8
13624 44.2,-76.1
13625 44.5,-74.9
13626 43.9,-75.7
13628 44,-75.7
13630 44.5,-75.3
13632 44.1,-76.1
13633 44.5,-75.5
13634 44,-76.1
13635 44.3,-75.3
13636 43.7,-76.1
13637 44.1,-75.8
13638 44,-75.8
13639 44.3,-75.2
13640 44.3,-76
13641 44.3,-76
13642 44.3,-75.5
13643 44,-75.7
13645 44.3,-75.4
13646 44.4,-75.7
13647 44.6,-75
13648 44.2,-75.3
13649 44.9,-74.7
13650 43.8,-76.2
13651 43.9,-76.2
13652 44.4,-75.2
13654 44.6,-75.5
13655 45,-74.6
13656 44.2,-76
13658 44.7,-75.3
13659 43.7,-75.9
13660 44.8,-75.2
13661 43.7,-76.1
13662 44.9,-74.9
13664 44.6,-75.6
13665 44,-75.4
13666 44.2,-74.9
13667 44.8,-75
13668 44.8,-75
13669 44.7,-75.5
13670 44.2,-75.1
13672 44.5,-74.7
13673 44.2,-75.7
13674 43.7,-76.1
13675 44.3,-75.8
13676 44.7,-74.9
13678 44.8,-75
13679 44.3,-75.8
13680 44.6,-75.3
13681 44.4,-75.4
13682 43.8,-75.9
13683 45,-74.7
13684 44.4,-75
13685 43.9,-76.1
13687 44.4,-74.8
13690 44.1,-75
13691 44.2,-75.8
13692 44.3,-76
13693 44,-76.2
13694 44.9,-75.2
13695 44.1,-74.9
13696 44.7,-74.9
13697 44.8,-74.8
13699 44.7,-75
13730 42.2,-75.5
13731 42.1,-74.8
13732 42,-76.2
13733 42.3,-75.5
13734 42.1,-76.4
13736 42.3,-76.2
13738 42.6,-76.1
13739 42.3,-74.8
13740 42.3,-74.8
13743 42.2,-76.3
13744 42.2,-75.9
13746 42.2,-75.9
13747 42.5,-75
13748 42,-75.8
13750 42.5,-74.8
13751 42.5,-74.9
13752 42.2,-74.9
13753 42.3,-74.9
13754 42.1,-75.4
13755 42.1,-75
13756 42,-75.1
13757 42.4,-74.8
13760 42.1,-76.1
13774 42,-75.2
13775 42.3,-75.1
13776 42.5,-75.3
13777 42.3,-76
13778 42.4,-75.8
13780 42.4,-75.5
13782 42.2,-75
13783 42,-75.3
13784 42.4,-76.2
13786 42.4,-74.7
13787 42.2,-75.7
13788 42.3,-74.7
13790 42.2,-76
13795 42.1,-75.8
13796 42.6,-75.1
13797 42.3,-76
13801 42.5,-75.8
13802 42.2,-76
13803 42.5,-76.1
13804 42.2,-75.4
13806 42.4,-75
13807 42.6,-75
13808 42.5,-75.3
13809 42.4,-75.4
13810 42.6,-75.1
13811 42.2,-76.2
13812 42,-76.4
13813 42.2,-75.6
13814 42.6,-75.5
13815 42.5,-75.5
13820 42.5,-75
13825 42.4,-75.2
13826 42.1,-75.6
13827 42.1,-76.2
13830 42.4,-75.6
13832 42.7,-75.7
13833 42.2,-75.8
13834 42.6,-75
13835 42.4,-76.2
13838 42.3,-75.4
13839 42.2,-75.3
13841 42.4,-75.8
13842 42.4,-74.7
13843 42.6,-75.3
13844 42.6,-75.7
13846 42.4,-75.1
13847 42.2,-75.3
13849 42.3,-75.3
13850 42,-76
13856 42.2,-75.2
13859 42.4,-75.2
13860 42.5,-74.9
13861 42.5,-75.1
13862 42.3,-75.9
13863 42.4,-75.9
13864 42.3,-76.4
13865 42.1,-75.6
13901 42.2,-75.9
13902 42.1,-76
13903 42,-75.9
13904 42.1,-75.8
13905 42.2,-75.9
14001 43,-78.5
14004 42.9,-78.5
14005 42.9,-78.3
14006 42.6,-79
14008 43.3,-78.6
14009 42.6,-78.4
14011 42.8,-78.3
14012 43.3,-78.5
14013 43.1,-78.4
14020 43,-78.2
14024 42.6,-78.2
14025 42.6,-78.7
14026 42.9,-78.7
14027 42.6,-79
14028 43.3,-78.7
14029 42.5,-78.3
14030 42.6,-78.5
14031 43,-78.6
14032 43,-78.6
14033 42.7,-78.7
14034 42.5,-78.9
14035 42.5,-78.9
14036 43,-78.4
14037 42.8,-78.5
14039 42.9,-78.2
14040 42.9,-78.4
14041 42.4,-79
14042 42.5,-78.5
14043 42.9,-78.7
14047 42.7,-79
14048 42.5,-79.3
14051 43,-78.7
14052 42.8,-78.6
14054 42.9,-78.1
14055 42.6,-78.6
14056 43,-78.3
14057 42.6,-78.9
14058 43.1,-78.2
14059 42.8,-78.6
14060 42.4,-78.3
14061 42.6,-79.1
14062 42.5,-79.2
14063 42.4,-79.3
14065 42.5,-78.3
14066 42.6,-78.2
14067 43.2,-78.6
14068 43,-78.8
14069 42.6,-78.6
14070 42.4,-78.9
14072 43,-79
14075 42.7,-78.8
14080 42.6,-78.6
14081 42.6,-79.1
14082 42.7,-78.4
14083 42.7,-78.4
14085 42.7,-78.9
14086 42.9,-78.6
14091 42.5,-78.9
14092 43.2,-79
14094 43.2,-78.7
14098 43.3,-78.4
14101 42.4,-78.5
14102 42.8,-78.6
14103 43.2,-78.4
14105 43.2,-78.5
14108 43.3,-78.7
14109 43.1,-79
14111 42.6,-78.9
14112 42.7,-78.9
14113 42.7,-78.3
14120 43.1,-78.8
14125 43.1,-78.3
14126 43.3,-78.7
14127 42.8,-78.7
14129 42.5,-79
14130 42.6,-78.1
14131 43.2,-78.9
14132 43.1,-78.9
14134 42.5,-78.5
14135 42.5,-79.2
14136 42.5,-79.2
14138 42.4,-79.1
14139 42.7,-78.5
14141 42.5,-78.7
14143 43,-78.1
14145 42.7,-78.4
14150 43,-78.9
14166 42.5,-79.4
14167 42.7,-78.3
14168 42.5,-79
14169 42.8,-78.5
14170 42.7,-78.7
14171 42.4,-78.6
14172 43.3,-78.8
14173 42.5,-78.5
14174 43.2,-79
14201 42.9,-78.9
14202 42.9,-78.9
14203 42.9,-78.9
14204 42.9,-78.9
14206 42.9,-78.8
14207 43,-78.9
14208 42.9,-78.9
14209 42.9,-78.9
14210 42.9,-78.8
14211 42.9,-78.8
14212 42.9,-78.8
14213 42.9,-78.9
14214 42.9,-78.8
14215 42.9,-78.8
14216 42.9,-78.9
14217 43,-78.9
14218 42.8,-78.8
14219 42.8,-78.8
14220 42.8,-78.8
14221 43,-78.7
14222 42.9,-78.9
14223 43,-78.8
14224 42.8,-78.7
14225 42.9,-78.8
14226 43,-78.8
14227 42.9,-78.7
14228 43,-78.8
14260 43,-78.8
14261 43,-78.8
14301 43.1,-79
14302 43.1,-79
14303 43.1,-79
14304 43.1,-78.9
14305 43.1,-79
14411 43.2,-78.2
14413 43.2,-77
14414 42.9,-77.7
14415 42.8,-77
14416 43.1,-78
14418 42.6,-77.2
14420 43.2,-77.9
14422 43.1,-78.1
14423 42.9,-77.8
14424 42.9,-77.3
14425 43,-77.3
14427 42.6,-78.1
14428 43.1,-77.9
14432 43,-77.1
14433 43.1,-76.9
14435 42.7,-77.7
14437 42.6,-77.7
14441 42.7,-77
14445 43.1,-77.5
14450 43.1,-77.4
14453 43,-77.5
14454 42.8,-77.8
14456 42.8,-77
14462 42.7,-77.8
14463 42.8,-77.1
14464 43.3,-77.9
14466 42.8,-77.6
14467 43,-77.6
14468 43.3,-77.8
14469 42.9,-77.5
14470 43.2,-78.1
14471 42.7,-77.5
14472 43,-77.6
14475 42.9,-77.5
14476 43.3,-78
14477 43.3,-78.1
14478 42.6,-77.1
14479 43.2,-78.3
14480 42.8,-77.7
14481 42.8,-77.9
14482 43,-78
14485 42.9,-77.6
14486 42.9,-77.9
14487 42.8,-77.6
14489 43.1,-77
14502 43.1,-77.3
14504 43,-77.2
14505 43.2,-77.2
14506 43,-77.5
14507 42.7,-77.3
14510 42.7,-77.9
14511 43,-77.9
14512 42.6,-77.4
14513 43.1,-77.1
14514 43.1,-77.8
14515 43.3,-77.7
14516 43.2,-76.9
14517 42.6,-77.9
14519 43.2,-77.3
14521 42.7,-76.8
14522 43.1,-77.2
14525 42.9,-78
14526 43.2,-77.4
14527 42.7,-77.1
14529 42.5,-77.6
14530 42.7,-78
14532 43,-77
14533 42.8,-77.9
14534 43.1,-77.5
14536 42.5,-78.1
14537 43,-77.2
14539 42.8,-77.9
14541 42.8,-76.8
14542 43.2,-76.9
14543 43,-77.7
14544 42.8,-77.2
14545 42.7,-77.7
14546 43,-77.8
14548 43,-77.2
14549 42.7,-78
14550 42.7,-78.1
14551 43.2,-77
14555 43.3,-77
14556 42.7,-77.8
14557 43,-78.1
14559 43.2,-77.8
14560 42.7,-77.6
14561 42.8,-77.1
14564 43,-77.4
14568 43.1,-77.3
14569 42.8,-78.2
14571 43.3,-78.3
14572 42.6,-77.6
14580 43.2,-77.4
14585 42.9,-77.6
14586 43,-77.7
14588 42.7,-76.9
14589 43.2,-77.2
14590 43.2,-76.8
14591 42.8,-78.1
14592 42.9,-77.9
14604 43.2,-77.6
14605 43.2,-77.6
14606 43.2,-77.7
14607 43.2,-77.6
14608 43.2,-77.6
14609 43.2,-77.6
14610 43.1,-77.5
14611 43.1,-77.6
14612 43.3,-77.7
14613 43.2,-77.6
14614 43.2,-77.6
14615 43.2,-77.7
14616 43.2,-77.7
14617 43.2,-77.6
14618 43.1,-77.6
14619 43.1,-77.6
14620 43.1,-77.6
14621 43.2,-77.6
14622 43.2,-77.6
14623 43.1,-77.6
14624 43.1,-77.7
14625 43.2,-77.5
14626 43.2,-77.7
14627 43.1,-77.6
14642 43.1,-77.6
14701 42.1,-79.3
14706 42.1,-78.5
14707 42.1,-78.1
14708 42,-78.1
14709 42.4,-78
14710 42.1,-79.4
14711 42.3,-78.1
14712 42.2,-79.4
14714 42.3,-78.2
14715 42.1,-78.1
14716 42.4,-79.4
14717 42.4,-78.2
14718 42.3,-79.3
14719 42.3,-78.9
14720 42.1,-79.3
14721 42,-78.3
14722 42.2,-79.5
14723 42.3,-79.2
14724 42,-79.7
14726 42.3,-79
14727 42.2,-78.3
14728 42.3,-79.4
14729 42.4,-78.7
14731 42.3,-78.7
14732 42.2,-79.1
14733 42.2,-79.2
14735 42.5,-78.1
14736 42.1,-79.7
14737 42.3,-78.4
14738 42.1,-79.1
14739 42.2,-78.2
14740 42.2,-79.2
14741 42.2,-78.6
14742 42.1,-79.3
14743 42.2,-78.4
14744 42.4,-78.2
14747 42.2,-79.1
14748 42.2,-78.6
14750 42.1,-79.3
14752 42.4,-79.3
14753 42,-78.6
14754 42,-78.2
14755 42.2,-78.8
14756 42.2,-79.4
14757 42.2,-79.5
14760 42.1,-78.4
14767 42.1,-79.5
14769 42.4,-79.5
14770 42,-78.3
14772 42.1,-79
14774 42.1,-78.1
14775 42.2,-79.7
14777 42.4,-78.3
14778 42.1,-78.5
14779 42.1,-78.8
14781 42.2,-79.6
14782 42.3,-79.3
14783 42.1,-78.9
14784 42.3,-79.4
14785 42.2,-79.4
14787 42.3,-79.6
14788 42.1,-78.4
14801 42.1,-77.3
14802 42.3,-77.8
14803 42.2,-77.8
14804 42.3,-77.9
14805 42.4,-76.7
14806 42.2,-77.8
14807 42.4,-77.7
14808 42.6,-77.5
14809 42.4,-77.4
14810 42.3,-77.3
14812 42.3,-77
14813 42.3,-78
14814 42.2,-77
14815 42.4,-77.1
14816 42.2,-76.7
14817 42.4,-76.3
14818 42.5,-76.8
14819 42.2,-77.4
14820 42.2,-77.4
14821 42.2,-77.2
14822 42.4,-77.8
14823 42.2,-77.5
14824 42.3,-76.7
14825 42.1,-76.6
14826 42.5,-77.5
14827 42.2,-77.1
14830 42.1,-77
14836 42.5,-77.9
14837 42.5,-77
14838 42.2,-76.7
14839 42.1,-77.6
14840 42.4,-77.2
14841 42.5,-76.8
14842 42.6,-77
14843 42.3,-77.6
14845 42.2,-76.8
14846 42.5,-78
14847 42.6,-76.7
14850 42.4,-76.5
14853 42.4,-76.5
14854 42.5,-76.6
14855 42.1,-77.5
14856 42.4,-77.4
14858 42,-77.1
14859 42.1,-76.5
14860 42.6,-76.8
14861 42.1,-76.7
14864 42.3,-76.8
14865 42.4,-76.8
14867 42.3,-76.6
14869 42.4,-76.8
14870 42.2,-77.1
14871 42,-76.9
14872 42.2,-76.9
14873 42.5,-77.3
14874 42.5,-77.2
14877 42.1,-77.7
14878 42.4,-76.9
14879 42.3,-77.2
14880 42.2,-78
14881 42.4,-76.4
14882 42.6,-76.6
14883 42.2,-76.5
14884 42.5,-77.9
14885 42,-77.6
14886 42.5,-76.7
14889 42.2,-76.6
14891 42.4,-76.9
14892 42,-76.5
14893 42.5,-77.1
14894 42,-76.8
14895 42.1,-77.9
14897 42,-77.8
14898 42.1,-77.4
14901 42.1,-76.7
14903 42.1,-76.9
14904 42.1,-76.8
14905 42.1,-76.8
15001 40.6,-80.3
15003 40.6,-80.2
15004 40.3,-80.4
15005 40.6,-80.2
15006 40.6,-79.9
15007 40.7,-79.9
15009 40.7,-80.4
15010 40.8,-80.4
15012 40.2,-79.8
15014 40.6,-79.7
15015 40.6,-80.1
15017 40.3,-80.1
15018 40.3,-79.8
15019 40.4,-80.3
15020 40.2,-80
15021 40.4,-80.4
15022 40.1,-79.9
15024 40.6,-79.8
15025 40.3,-79.9
15026 40.5,-80.4
15027 40.7,-80.2
15028 40.3,-79.8
15030 40.6,-79.8
15031 40.3,-80.2
15033 40.2,-79.9
15034 40.4,-79.9
15035 40.4,-79.8
15037 40.3,-79.9
15038 40.3,-79.9
15042 40.7,-80.2
15043 40.6,-80.5
15044 40.6,-79.9
15045 40.3,-79.9
15046 40.6,-80.2
15047 40.3,-79.8
15049 40.6,-79.8
15050 40.6,-80.4
15051 40.6,-79.9
15052 40.7,-80.4
15053 40.4,-80.4
15054 40.4,-80.4
15055 40.3,-80.1
15056 40.6,-80.2
15057 40.4,-80.2
15059 40.7,-80.5
15060 40.4,-80.3
15061 40.7,-80.3
15062 40.2,-79.9
15063 40.2,-79.9
15064 40.4,-80.1
15065 40.6,-79.7
15066 40.7,-80.3
15067 40.2,-80
15068 40.6,-79.7
15071 40.4,-80.2
15072 40.1,-79.9
15074 40.7,-80.2
15075 40.6,-79.8
15076 40.6,-79.8
15077 40.6,-80.4
15078 40.4,-80.4
15081 40.6,-80.2
15082 40.4,-80.2
15083 40.3,-79.8
15084 40.6,-79.8
15085 40.4,-79.7
15086 40.7,-80.1
15087 40.2,-79.9
15088 40.3,-79.9
15089 40.2,-79.7
15090 40.6,-80.1
15101 40.6,-80
15102 40.3,-80
15104 40.4,-79.9
15106 40.4,-80.1
15108 40.5,-80.2
15110 40.4,-79.9
15112 40.4,-79.8
15116 40.5,-79.9
15120 40.4,-79.9
15122 40.4,-79.9
15123 40.3,-79.9
15126 40.5,-80.3
15129 40.3,-80
15131 40.3,-79.8
15132 40.3,-79.8
15133 40.3,-79.9
15135 40.3,-79.8
15136 40.5,-80.1
15137 40.4,-79.8
15139 40.5,-79.8
15140 40.4,-79.8
15142 40.4,-80.1
15143 40.6,-80.1
15144 40.5,-79.8
15145 40.4,-79.8
15146 40.4,-79.8
15147 40.5,-79.8
15148 40.4,-79.8
15201 40.5,-79.9
15202 40.5,-80.1
15203 40.4,-80
15204 40.5,-80.1
15205 40.4,-80.1
15206 40.5,-79.9
15207 40.4,-79.9
15208 40.5,-79.9
15209 40.5,-80
15210 40.4,-80
15211 40.4,-80
15212 40.5,-80
15213 40.4,-80
15214 40.5,-80
15215 40.5,-79.9
15216 40.4,-80
15217 40.4,-79.9
15218 40.4,-79.9
15219 40.4,-80
15220 40.4,-80
15221 40.4,-79.9
15222 40.4,-80
15223 40.5,-80
15224 40.5,-79.9
15225 40.5,-80.1
15226 40.4,-80
15227 40.4,-80
15228 40.4,-80
15229 40.5,-80
15232 40.5,-79.9
15233 40.5,-80
15234 40.4,-80
15235 40.5,-79.8
15236 40.3,-80
15237 40.5,-80
15238 40.5,-79.9
15239 40.5,-79.7
15241 40.3,-80.1
15243 40.4,-80.1
15260 40.4,-80
15275 40.5,-80.2
15282 40.4,-80
15290 40.5,-80
15301 40.2,-80.3
15310 39.8,-80.5
15311 40,-80.2
15312 40.3,-80.4
15313 40.1,-80
15314 40.1,-80
15315 39.8,-80
15316 39.8,-80.3
15317 40.3,-80.2
15320 39.9,-80
15321 40.3,-80.2
15322 40,-80.1
15323 40.1,-80.4
15324 40.1,-80.1
15325 39.9,-80
15327 39.8,-80
15329 40,-80.3
15330 40.2,-80.1
15331 40.1,-80
15332 40.2,-80
15333 40,-80
15334 39.8,-80
15337 40,-80.4
15338 39.8,-80
15340 40.3,-80.3
15341 39.8,-80.3
15342 40.2,-80.2
15344 39.9,-80.1
15345 40,-80.1
15346 39.9,-80.1
15347 40.2,-80.2
15348 40,-80
15349 39.8,-80.1
15350 40.3,-80.2
15351 39.9,-79.9
15352 39.8,-80.4
15353 40,-80.3
15357 39.9,-80
15358 40.1,-80
15359 39.9,-80.3
15360 40.1,-80.1
15361 40.3,-80.3
15362 39.8,-80.2
15363 40.3,-80.2
15364 40,-80.3
15365 40.2,-80.4
15366 40.2,-80
15367 40.3,-80.1
15368 40,-80
15370 39.9,-80.2
15376 40.1,-80.5
15377 40,-80.4
15378 40.3,-80.3
15379 40.2,-80.4
15380 39.9,-80.5
15401 39.9,-79.7
15410 39.9,-79.9
15411 39.7,-79.3
15412 40.1,-79.9
15413 40,-79.9
15416 39.9,-79.7
15417 40,-79.9
15419 40.1,-79.9
15420 40,-79.9
15421 39.8,-79.6
15422 40,-79.8
15423 40.1,-79.9
15424 39.8,-79.4
15425 40,-79.5
15427 40.1,-80
15428 40.1,-79.7
15429 40,-79.9
15430 40,-79.7
15431 39.9,-79.6
15432 40.1,-79.9
15433 40,-79.9
15434 40.1,-79.9
15435 39.9,-79.8
15436 39.8,-79.7
15437 39.8,-79.6
15438 40.1,-79.9
15440 39.7,-79.6
15442 40,-79.8
15443 39.9,-79.9
15444 40,-79.9
15445 39.9,-79.7
15446 40,-79.4
15447 40,-79.9
15448 40.1,-79.7
15449 40,-79.8
15450 40,-80
15451 39.7,-79.8
15454 39.9,-79.9
15455 40,-79.6
15456 39.9,-79.7
15458 39.9,-79.9
15459 39.8,-79.5
15460 39.8,-79.9
15461 39.8,-79.9
15462 40.1,-79.4
15463 40,-79.9
15464 39.9,-79.4
15465 39.9,-79.6
15466 40.1,-79.9
15467 39.8,-79.9
15468 40,-79.8
15469 40,-79.4
15470 39.9,-79.5
15472 39.9,-79.7
15473 40.1,-79.8
15474 39.8,-79.9
15475 40,-79.9
15476 39.9,-79.9
15477 40.1,-79.9
15478 39.8,-79.8
15479 40.2,-79.7
15480 40,-79.8
15482 40.1,-79.8
15483 40.1,-79.9
15484 39.9,-79.8
15486 40,-79.7
15488 40,-79.8
15489 40,-79.7
15490 40.1,-79.5
15492 40.1,-79.8
15501 40,-79.1
15502 40,-79.2
15510 40,-79
15520 40.1,-79.1
15521 40.2,-78.6
15522 39.9,-78.5
15530 39.9,-78.9
15531 40.2,-79.1
15532 39.8,-79.1
15533 40,-78.3
15534 39.9,-78.7
15535 39.8,-78.4
15536 39.9,-78.2
15537 40,-78.4
15538 39.9,-78.8
15539 40.1,-78.6
15540 39.8,-79.2
15541 40,-79
15542 39.9,-79.1
15544 40.1,-79.1
15545 39.8,-78.8
15546 40.1,-79
15547 40.2,-79.1
15550 40,-78.7
15551 39.9,-79.3
15552 39.8,-79
15554 40.1,-78.6
15555 40.1,-79.1
15557 39.9,-79.2
15558 39.8,-79.1
15559 40.1,-78.7
15560 40,-78.9
15561 40.1,-79.1
15562 39.7,-79.1
15563 40.1,-78.9
15564 39.7,-78.8
15565 39.8,-79.1
15601 40.3,-79.5
15610 40.1,-79.4
15611 40.3,-79.7
15612 40.1,-79.6
15613 40.5,-79.6
15615 40.4,-79.7
15616 40.2,-79.6
15617 40.3,-79.7
15618 40.6,-79.4
15619 40.3,-79.5
15620 40.3,-79.3
15622 40,-79.3
15623 40.4,-79.6
15624 40.4,-79.5
15625 40.3,-79.7
15626 40.4,-79.6
15627 40.4,-79.3
15628 40.1,-79.4
15629 40.6,-79.6
15631 40.1,-79.6
15632 40.4,-79.6
15633 40.4,-79.5
15634 40.3,-79.6
15635 40.3,-79.5
15636 40.4,-79.7
15637 40.3,-79.7
15638 40.3,-79.4
15639 40.2,-79.6
15640 40.2,-79.7
15641 40.6,-79.6
15642 40.3,-79.7
15644 40.3,-79.6
15646 40.1,-79.3
15647 40.3,-79.7
15650 40.3,-79.4
15655 40.2,-79.2
15656 40.6,-79.6
15658 40.3,-79.2
15660 40.2,-79.8
15661 40.3,-79.4
15662 40.3,-79.5
15663 40.3,-79.7
15665 40.3,-79.7
15666 40.2,-79.5
15668 40.5,-79.7
15670 40.4,-79.4
15671 40.4,-79.3
15672 40.2,-79.6
15673 40.6,-79.6
15674 40.2,-79.5
15675 40.3,-79.6
15676 40.2,-79.5
15677 40.2,-79.2
15678 40.3,-79.7
15679 40.2,-79.7
15680 40.5,-79.5
15681 40.5,-79.4
15682 40.7,-79.6
15683 40.1,-79.6
15684 40.5,-79.5
15686 40.6,-79.4
15687 40.1,-79.3
15688 40.2,-79.6
15689 40.2,-79.5
15690 40.6,-79.5
15691 40.3,-79.7
15692 40.3,-79.7
15693 40.2,-79.4
15695 40.2,-79.7
15696 40.3,-79.4
15697 40.2,-79.6
15698 40.2,-79.7
15701 40.6,-79.2
15705 40.6,-79.2
15710 40.6,-78.9
15711 41,-79
15712 40.8,-78.8
15713 40.6,-79.3
15714 40.6,-78.8
15715 41,-78.9
15716 40.5,-79.2
15717 40.5,-79.2
15720 40.5,-79.1
15721 40.8,-78.8
15722 40.6,-78.7
15723 40.7,-79.2
15724 40.7,-78.8
15725 40.5,-79.3
15727 40.6,-79.3
15728 40.7,-79
15729 40.7,-78.9
15730 41,-79.1
15731 40.5,-79.2
15732 40.7,-79.2
15733 41,-79
15734 40.7,-79
15736 40.7,-79.4
15737 40.6,-78.8
15738 40.7,-78.8
15739 40.7,-79.2
15741 40.8,-78.9
15742 40.8,-78.9
15744 40.9,-79.1
15745 40.6,-78.9
15746 40.8,-78.9
15747 40.8,-79.1
15748 40.5,-79.1
15750 40.5,-79.2
15752 40.5,-79.3
15753 40.8,-78.6
15754 40.6,-79.2
15756 40.6,-79.3
15757 40.9,-78.7
15759 40.8,-79
15760 40.6,-78.8
15761 40.6,-78.9
15762 40.6,-78.8
15763 40.9,-79.1
15764 41,-79
15765 40.6,-79
15767 41,-79
15770 41,-79.1
15771 40.8,-79
15772 40.9,-78.9
15773 40.6,-78.7
15774 40.7,-79.3
15775 40.6,-78.8
15776 41,-79.1
15777 40.7,-79
15778 41,-79.2
15779 40.4,-79.2
15780 40.9,-79
15781 41,-79
15783 40.6,-79.3
15784 41,-79.1
15801 41.1,-78.7
15821 41.4,-78.4
15823 41.3,-78.7
15824 41.2,-78.8
15825 41.2,-79
15827 41.3,-78.5
15828 41.4,-79.1
15829 41.2,-79.2
15831 41.4,-78.6
15832 41.4,-78.2
15834 41.5,-78.3
15840 41.2,-78.8
15841 41.3,-78.5
15845 41.5,-78.7
15846 41.3,-78.6
15847 41.1,-79
15848 41,-78.7
15849 41.2,-78.6
15851 41.1,-78.9
15853 41.4,-78.8
15856 41.1,-78.6
15857 41.5,-78.5
15860 41.3,-79
15861 41.4,-78
15863 41,-78.8
15864 41.1,-79.2
15865 41.1,-78.8
15866 41,-78.8
15868 41.3,-78.4
15870 41.6,-78.6
15901 40.3,-78.9
15902 40.3,-78.9
15904 40.3,-78.8
15905 40.3,-79
15906 40.4,-78.9
15909 40.4,-78.9
15920 40.5,-79
15921 40.3,-78.7
15922 40.5,-78.9
15923 40.4,-79.2
15924 40.1,-78.8
15925 40.4,-78.6
15926 40,-78.8
15927 40.5,-78.8
15928 40.2,-78.9
15929 40.5,-79
15930 40.3,-78.7
15931 40.5,-78.8
15934 40.3,-78.8
15935 40.2,-79
15936 40.2,-78.9
15937 40.2,-79
15938 40.4,-78.6
15940 40.5,-78.6
15942 40.4,-78.8
15943 40.5,-78.8
15944 40.4,-79.1
15945 40.4,-78.9
15946 40.4,-78.6
15948 40.5,-78.8
15949 40.4,-79.1
15951 40.3,-78.8
15952 40.3,-78.8
15953 40.2,-78.9
15954 40.4,-79
15955 40.3,-78.7
15956 40.4,-78.8
15957 40.5,-78.9
15958 40.4,-78.7
15960 40.5,-78.9
15961 40.5,-78.9
15962 40.4,-78.7
15963 40.2,-78.8
16001 40.9,-79.9
16002 40.8,-79.9
16020 41.1,-79.9
16022 41.1,-79.7
16023 40.8,-79.7
16024 40.7,-80
16025 40.9,-79.8
16027 40.8,-80
16028 41,-79.6
16029 40.9,-79.8
16030 41.1,-79.8
16033 40.8,-80
16034 40.9,-79.7
16035 41.1,-80
16036 41.1,-79.7
16037 40.8,-80.1
16038 41.2,-80
16040 41.1,-79.8
16041 41,-79.7
16045 40.9,-79.9
16046 40.7,-80
16048 41.1,-79.8
16049 41.1,-79.7
16050 41,-79.8
16051 40.9,-80.1
16052 40.9,-80.1
16053 40.8,-80
16054 41.2,-79.7
16055 40.7,-79.7
16056 40.7,-79.8
16057 41,-80.1
16059 40.7,-79.9
16061 41,-79.9
16063 40.8,-80.1
16066 40.7,-80.1
16101 41,-80.3
16102 41,-80.4
16105 41.1,-80.3
16110 41.5,-80.4
16111 41.5,-80.3
16112 41,-80.5
16113 41.3,-80.4
16114 41.4,-80.2
16115 40.8,-80.5
16116 41,-80.4
16117 40.9,-80.3
16120 40.9,-80.5
16121 41.2,-80.5
16123 40.8,-80.2
16124 41.3,-80.3
16125 41.4,-80.4
16127 41.2,-80.1
16130 41.4,-80.2
16131 41.5,-80.4
16132 41,-80.5
16133 41.3,-80.1
16134 41.5,-80.5
16136 40.8,-80.3
16137 41.2,-80.2
16140 41.1,-80.5
16141 40.9,-80.4
16142 41.1,-80.3
16143 41.1,-80.5
16145 41.4,-80.1
16146 41.2,-80.5
16148 41.2,-80.4
16150 41.3,-80.4
16151 41.4,-80.2
16153 41.3,-80.1
16154 41.3,-80.4
16155 41.1,-80.5
16156 41.1,-80.2
16157 40.9,-80.3
16159 41.2,-80.5
16160 40.9,-80.4
16161 41.2,-80.5
16172 41.1,-80.3
16201 40.8,-79.5
16210 40.9,-79.5
16211 40.8,-79.2
16212 40.8,-79.6
16213 41.1,-79.6
16214 41.2,-79.4
16217 41.3,-79.2
16218 40.9,-79.6
16220 41.4,-79.3
16222 40.9,-79.3
16223 41,-79.4
16224 41.1,-79.3
16226 40.7,-79.5
16228 40.8,-79.5
16229 40.7,-79.7
16230 41,-79.3
16232 41.2,-79.6
16233 41.4,-79.3
16235 41.3,-79.3
16236 40.8,-79.5
16238 40.8,-79.5
16239 41.5,-79.1
16240 41,-79.2
16242 41,-79.4
16244 40.8,-79.3
16245 41,-79.3
16246 40.8,-79.2
16248 41,-79.5
16249 40.8,-79.3
16250 40.8,-79.2
16253 41,-79.3
16254 41.3,-79.5
16255 41.1,-79.5
16256 40.9,-79.1
16258 41.2,-79.3
16259 40.9,-79.5
16260 41.4,-79.2
16262 40.8,-79.7
16263 40.8,-79.3
16301 41.5,-79.6
16311 41.5,-80
16312 41.9,-79.3
16313 41.7,-79.1
16314 41.5,-80.1
16316 41.6,-80.3
16317 41.5,-79.9
16319 41.3,-79.6
16321 41.6,-79.4
16322 41.6,-79.4
16323 41.4,-79.8
16326 41.4,-79.4
16327 41.6,-80
16328 41.7,-79.7
16329 41.9,-79.3
16331 41.3,-79.6
16332 41.4,-79.4
16333 41.7,-78.9
16334 41.3,-79.4
16335 41.6,-80.2
16340 41.8,-79.4
16341 41.6,-79.5
16342 41.3,-79.9
16343 41.4,-79.8
16344 41.5,-79.7
16345 41.9,-79.1
16346 41.4,-79.7
16347 41.7,-79.1
16350 42,-79.3
16351 41.7,-79.4
16352 41.8,-79
16353 41.5,-79.4
16354 41.6,-79.7
16360 41.7,-79.9
16361 41.4,-79.3
16362 41.5,-80
16364 41.4,-79.5
16365 41.8,-79.2
16370 41.6,-79.4
16371 41.9,-79.3
16372 41.2,-79.9
16373 41.2,-79.7
16374 41.3,-79.8
16401 41.9,-80.4
16402 42,-79.5
16403 41.8,-80
16404 41.7,-79.8
16405 41.9,-79.5
16406 41.8,-80.4
16407 41.9,-79.7
16410 41.9,-80.3
16411 42,-80.4
16412 41.9,-80.2
16415 42,-80.2
16416 41.8,-79.5
16417 42,-80.3
16420 41.7,-79.5
16421 42.2,-79.9
16422 41.7,-80.3
16423 42,-80.3
16424 41.7,-80.4
16426 42,-80.1
16427 41.9,-80
16428 42.2,-79.8
16430 42,-80.4
16433 41.7,-80.1
16434 41.8,-79.7
16435 41.8,-80.4
16436 41.9,-79.5
16438 41.9,-79.8
16440 41.8,-80.1
16441 42,-80
16442 42,-79.8
16443 41.9,-80.5
16444 41.9,-80.1
16475 41.9,-80.4
16501 42.1,-80.1
16502 42.1,-80.1
16503 42.1,-80.1
16504 42.1,-80
16505 42.1,-80.1
16506 42.1,-80.2
16507 42.1,-80.1
16508 42.1,-80.1
16509 42.1,-80
16510 42.1,-80
16511 42.2,-80
16546 42.1,-80.1
16550 42.1,-80.1
16563 42.1,-80
16601 40.6,-78.4
16602 40.5,-78.4
16611 40.6,-78.1
16613 40.5,-78.5
16616 40.8,-78.5
16617 40.6,-78.3
16619 40.7,-78.4
16620 40.8,-78.4
16621 40.3,-78.1
16622 40.3,-78.1
16623 40.3,-78
16624 40.6,-78.6
16625 40.3,-78.5
16627 40.8,-78.5
16630 40.5,-78.6
16631 40.3,-78.3
16633 40.2,-78.2
16634 40.2,-78.2
16635 40.4,-78.5
16636 40.6,-78.5
16637 40.3,-78.5
16638 40.3,-78.2
16639 40.7,-78.5
16640 40.7,-78.6
16641 40.5,-78.6
16645 40.8,-78.5
16646 40.7,-78.7
16647 40.4,-78.1
16648 40.4,-78.3
16650 40.1,-78.3
16651 40.9,-78.4
16652 40.5,-78
16654 40.5,-78
16655 40.2,-78.5
16656 40.8,-78.6
16657 40.3,-78.2
16659 40.2,-78.4
16661 40.8,-78.5
16662 40.3,-78.3
16664 40.2,-78.4
16665 40.4,-78.4
16666 40.9,-78.3
16667 40.2,-78.5
16668 40.7,-78.6
16669 40.7,-77.9
16670 40.3,-78.5
16671 40.8,-78.4
16672 40.2,-78.2
16673 40.3,-78.4
16674 40.2,-78.1
16675 40.7,-78.7
16677 40.8,-78.2
16678 40.2,-78.2
16679 40.2,-78.2
16680 40.7,-78.4
16682 40.3,-78.5
16683 40.7,-78.1
16684 40.6,-78.3
16685 40.3,-78.1
16686 40.7,-78.2
16689 40.1,-78.1
16691 40.1,-78.1
16692 40.8,-78.7
16693 40.5,-78.2
16694 40.2,-78.1
16695 40.2,-78.3
16699 40.4,-78.6
16701 41.9,-78.8
16720 41.6,-78
16724 41.7,-78.4
16725 41.9,-78.7
16726 41.8,-78.6
16727 42,-78.5
16729 42,-78.5
16730 41.8,-78.4
16731 42,-78.4
16732 41.9,-78.6
16733 41.7,-78.6
16734 41.6,-78.8
16735 41.6,-78.8
16738 41.8,-78.7
16740 41.7,-78.5
16743 41.8,-78.2
16744 41.9,-78.6
16745 41.9,-78.5
16746 41.8,-78.1
16748 41.9,-78.1
16749 41.8,-78.4
16750 41.9,-78.3
16801 40.8,-77.8
16802 40.8,-77.9
16803 40.8,-77.9
16820 40.9,-77.4
16821 41,-78.2
16822 41.1,-77.7
16823 40.9,-77.8
16825 41,-78.3
16826 41.1,-77.6
16827 40.8,-77.8
16828 40.8,-77.7
16829 41.1,-77.9
16830 41.1,-78.4
16832 40.8,-77.4
16833 40.9,-78.6
16834 41.1,-78.1
16835 40.9,-77.9
16836 41.1,-78.3
16837 40.9,-78.5
16838 41,-78.7
16839 41,-78.1
16840 40.9,-78.2
16841 41,-77.7
16843 41,-78.5
16844 40.9,-77.9
16845 41.1,-77.9
16847 41,-78.2
16848 41,-77.5
16849 41,-78.1
16851 40.8,-77.8
16852 40.9,-77.5
16853 40.9,-77.8
16854 40.9,-77.5
16855 41,-78.4
16856 40.9,-77.7
16858 41,-78.2
16859 41,-78
16860 40.9,-78.2
16861 40.9,-78.5
16863 40.9,-78.5
16864 41.2,-77.8
16865 40.7,-78
16866 40.9,-78.2
16868 40.7,-77.9
16870 40.8,-78
16871 41.2,-78
16872 41,-77.4
16874 41,-78
16875 40.8,-77.6
16876 41,-78.3
16877 40.7,-78.1
16878 40.9,-78.4
16879 41,-78.1
16881 41,-78.3
16882 40.9,-77.3
16901 41.7,-77.3
16910 41.7,-76.8
16911 41.7,-77.1
16912 41.7,-77.1
16914 41.9,-76.8
16915 41.8,-78
16917 41.7,-77.1
16920 42,-77.3
16921 41.7,-77.5
16922 41.7,-77.7
16923 42,-77.9
16925 41.9,-76.8
16926 41.7,-76.7
16927 42,-77.7
16928 42,-77.4
16929 42,-77.1
16930 41.6,-77.1
16932 41.8,-76.9
16933 41.8,-77.1
16935 41.9,-77.3
16936 42,-77
16937 42,-77.7
16938 41.6,-77.4
16939 41.7,-77
16940 42,-77.2
16941 42,-77.8
16942 42,-77.4
16943 41.8,-77.6
16946 41.9,-77.1
16947 41.8,-76.8
16948 41.9,-77.8
16950 41.9,-77.5
17002 40.5,-77.9
17003 40.4,-76.6
17004 40.6,-77.7
17005 40.6,-76.8
17006 40.3,-77.5
17007 40.1,-77.1
17009 40.6,-77.6
17010 40.3,-76.6
17011 40.2,-76.9
17013 40.2,-77.2
17014 40.7,-77.2
17015 40.2,-77.2
17016 40.3,-76.4
17017 40.6,-76.9
17018 40.4,-76.8
17019 40.1,-77
17020 40.4,-77
17021 40.3,-77.7
17022 40.2,-76.6
17023 40.6,-76.8
17024 40.4,-77.3
17025 40.3,-77
17026 40.5,-76.4
17027 40.2,-77
17028 40.4,-76.7
17029 40.6,-77.6
17030 40.6,-76.7
17032 40.5,-76.8
17033 40.3,-76.6
17034 40.2,-76.8
17035 40.4,-77.6
17036 40.3,-76.7
17037 40.4,-77.4
17038 40.5,-76.5
17039 40.3,-76.2
17040 40.3,-77.3
17041 40.2,-76.5
17042 40.3,-76.4
17043 40.2,-76.9
17044 40.6,-77.6
17045 40.6,-77
17046 40.4,-76.4
17047 40.4,-77.4
17048 40.6,-76.7
17049 40.7,-77.3
17050 40.2,-77
17051 40.5,-77.8
17052 40.3,-78
17053 40.3,-77
17054 40.5,-77.7
17055 40.2,-77
17056 40.5,-77.4
17057 40.2,-76.7
17058 40.5,-77.5
17059 40.6,-77.4
17060 40.5,-77.9
17061 40.6,-76.9
17062 40.5,-77.2
17063 40.8,-77.5
17064 40.2,-76.5
17065 40.1,-77.2
17066 40.4,-77.9
17067 40.4,-76.3
17068 40.4,-77.2
17069 40.5,-77
17070 40.2,-76.9
17071 40.3,-77.6
17073 40.3,-76.3
17074 40.5,-77.1
17075 40.4,-77.8
17076 40.6,-77.3
17077 40.4,-76.5
17078 40.3,-76.6
17080 40.6,-76.8
17081 40.2,-77.3
17082 40.5,-77.4
17084 40.7,-77.6
17086 40.7,-77.1
17087 40.4,-76.3
17088 40.3,-76.3
17090 40.3,-77.2
17093 40.3,-76.9
17094 40.6,-77.2
17097 40.6,-76.7
17098 40.6,-76.6
17099 40.6,-77.6
17101 40.3,-76.9
17102 40.3,-76.9
17103 40.3,-76.9
17104 40.3,-76.9
17109 40.3,-76.8
17110 40.3,-76.9
17111 40.3,-76.8
17112 40.4,-76.8
17113 40.2,-76.8
17120 40.3,-76.9
17201 40,-77.7
17202 39.9,-77.7
17210 40.2,-77.7
17211 39.8,-78.4
17212 39.8,-78.1
17213 40.3,-77.8
17214 39.7,-77.5
17215 40.1,-77.9
17217 40.2,-77.7
17219 40.2,-77.7
17220 40.2,-77.7
17221 40,-77.8
17222 39.9,-77.5
17223 40.1,-77.9
17224 40,-77.9
17225 39.8,-77.8
17228 40,-78.1
17229 40.1,-78
17232 40.1,-77.6
17233 40,-78
17235 39.9,-77.7
17236 39.8,-77.9
17237 39.8,-77.5
17238 39.9,-78.1
17239 40.1,-77.8
17240 40.2,-77.6
17241 40.2,-77.4
17243 40.3,-77.8
17244 40.1,-77.7
17246 40.1,-77.7
17247 39.8,-77.6
17249 40.2,-77.9
17250 39.7,-77.5
17251 40.1,-77.7
17252 39.9,-77.8
17253 40.2,-78
17254 40,-77.6
17255 40.1,-77.9
17257 40.1,-77.5
17260 40.3,-77.9
17261 39.9,-77.5
17262 40.1,-77.8
17263 39.7,-77.7
17264 40.2,-78
17265 40,-77.8
17266 40.1,-77.4
17267 39.8,-78.2
17268 39.8,-77.6
17271 40.1,-77.8
17301 39.9,-77
17302 39.8,-76.4
17303 39.9,-77.3
17304 40,-77.2
17306 40,-77.2
17307 40,-77.3
17309 39.9,-76.4
17311 39.8,-76.8
17313 39.9,-76.7
17314 39.7,-76.3
17315 40,-76.9
17316 40,-77
17317 40,-76.5
17318 40,-76.7
17319 40.2,-76.8
17320 39.8,-77.4
17321 39.7,-76.4
17322 39.9,-76.5
17323 40.1,-77
17324 40,-77.2
17325 39.8,-77.2
17327 39.8,-76.8
17329 39.8,-76.9
17331 39.8,-77
17339 40.1,-76.9
17340 39.8,-77.1
17342 39.9,-76.7
17343 39.9,-77.3
17344 39.8,-77
17345 40.1,-76.7
17347 40,-76.7
17349 39.7,-76.7
17350 39.9,-77.1
17352 39.8,-76.5
17353 39.9,-77.4
17355 39.8,-76.7
17356 39.9,-76.6
17360 39.9,-76.8
17361 39.8,-76.7
17362 39.8,-76.9
17363 39.8,-76.6
17364 39.9,-76.9
17365 40.1,-76.9
17366 39.9,-76.6
17368 40,-76.5
17370 40.1,-76.8
17371 39.9,-76.8
17372 40,-77.1
17401 40,-76.7
17402 40,-76.7
17403 39.9,-76.7
17404 40,-76.8
17406 40,-76.6
17407 39.9,-76.7
17408 39.9,-76.8
17501 40.2,-76.2
17502 40.1,-76.7
17504 40,-76.3
17505 40.1,-76.2
17506 40.1,-76.1
17507 40.2,-76
17508 40.1,-76.2
17509 39.9,-76
17512 40,-76.5
17516 39.9,-76.4
17517 40.2,-76.1
17518 39.8,-76.3
17519 40.1,-76
17520 40.1,-76.3
17522 40.2,-76.2
17527 40,-76
17529 40,-76.1
17532 39.9,-76.3
17534 40,-76.1
17535 40,-76
17536 39.8,-76.1
17538 40.1,-76.4
17540 40.1,-76.2
17543 40.2,-76.3
17545 40.2,-76.4
17547 40.1,-76.6
17550 40.1,-76.6
17551 40,-76.4
17552 40.1,-76.5
17554 40,-76.4
17555 40.1,-76
17557 40.1,-76.1
17560 39.9,-76.2
17562 40,-76.1
17563 39.8,-76.2
17565 39.9,-76.3
17566 39.9,-76.1
17568 39.9,-76.2
17569 40.3,-76.1
17570 40.1,-76.6
17572 40,-76.2
17576 40,-76.2
17578 40.2,-76.2
17579 40,-76.2
17581 40.2,-76.1
17582 40,-76.5
17584 40,-76.3
17601 40.1,-76.3
17602 40,-76.2
17603 40,-76.3
17606 40.1,-76.3
17701 41.3,-76.9
17702 41.2,-77.1
17720 41.2,-77.2
17721 41.2,-77.3
17723 41.4,-77.5
17724 41.6,-76.8
17727 41.5,-77.5
17728 41.3,-77.1
17729 41.5,-77.7
17730 41.1,-76.9
17731 41.4,-76.6
17737 41.3,-76.7
17739 41.4,-77.4
17740 41.2,-77.3
17742 41.2,-76.6
17744 41.2,-77.2
17745 41.3,-77.5
17747 41,-77.3
17748 41.1,-77.3
17749 41.1,-76.8
17750 41.1,-77.5
17751 41.1,-77.5
17752 41.2,-76.9
17754 41.3,-76.9
17756 41.2,-76.7
17758 41.4,-76.5
17760 41.4,-77.7
17762 41.3,-76.7
17763 41.5,-76.9
17764 41.3,-77.8
17765 41.6,-77
17768 41.6,-76.8
17769 41.5,-77.5
17771 41.4,-77
17772 41.1,-76.7
17774 41.3,-76.5
17776 41.4,-77.3
17777 41.1,-76.8
17778 41.3,-78
17779 41.2,-77.4
17801 40.8,-76.8
17810 41.1,-77
17812 40.7,-77.2
17813 40.8,-77.2
17814 41.3,-76.4
17815 41,-76.4
17820 40.9,-76.4
17821 41,-76.6
17822 41,-76.6
17823 40.7,-76.8
17824 40.9,-76.5
17827 40.8,-77
17829 40.9,-77.2
17830 40.7,-76.8
17832 40.8,-76.5
17834 40.8,-76.5
17835 40.9,-77.2
17836 40.7,-76.6
17837 41,-76.9
17840 40.8,-76.4
17841 40.7,-77.4
17842 40.8,-77
17844 41,-77.1
17845 40.9,-77.2
17846 41.1,-76.5
17847 41,-76.8
17850 41,-76.9
17851 40.8,-76.4
17853 40.7,-77
17855 40.9,-77
17856 41,-77
17857 40.9,-76.8
17858 40.8,-76.4
17859 41.1,-76.4
17860 40.8,-76.6
17861 40.8,-77.1
17862 40.9,-77.1
17864 40.7,-76.9
17865 41,-76.8
17866 40.8,-76.6
17867 40.7,-76.7
17868 41,-76.6
17870 40.8,-76.9
17872 40.8,-76.7
17876 40.9,-76.8
17878 41.2,-76.3
17880 40.9,-77.1
17881 40.8,-76.7
17884 41.1,-76.7
17885 40.9,-77.3
17886 41,-76.9
17887 41.1,-76.9
17888 40.8,-76.4
17889 40.9,-76.9
17901 40.7,-76.3
17920 40.8,-76.3
17921 40.8,-76.4
17922 40.6,-76.1
17923 40.7,-76.3
17925 40.8,-76.1
17929 40.6,-76.2
17930 40.7,-76.1
17931 40.8,-76.2
17933 40.6,-76.2
17934 40.8,-76.2
17935 40.8,-76.3
17936 40.8,-76.3
17938 40.7,-76.5
17941 40.7,-76.6
17943 40.8,-76.4
17944 40.7,-76.3
17945 40.8,-76.4
17946 40.8,-76.3
17948 40.8,-76.1
17949 40.8,-76.2
17951 40.7,-76.2
17952 40.8,-76.1
17953 40.7,-76.1
17954 40.7,-76.3
17957 40.6,-76.5
17959 40.7,-76.2
17960 40.7,-75.9
17961 40.6,-76.1
17963 40.6,-76.4
17964 40.7,-76.5
17965 40.7,-76.2
17967 40.9,-76.2
17968 40.6,-76.6
17970 40.7,-76.2
17972 40.6,-76.2
17974 40.7,-76.2
17976 40.8,-76.2
17978 40.6,-76.7
17979 40.6,-76.2
17980 40.5,-76.6
17981 40.6,-76.4
17982 40.8,-76
17983 40.6,-76.6
17985 40.9,-76.2
18011 40.5,-75.6
18012 40.8,-75.6
18013 40.9,-75.2
18014 40.8,-75.4
18015 40.6,-75.4
18017 40.7,-75.4
18018 40.6,-75.4
18020 40.7,-75.3
18030 40.8,-75.7
18031 40.6,-75.6
18032 40.7,-75.5
18034 40.5,-75.4
18035 40.8,-75.5
18036 40.5,-75.4
18037 40.7,-75.5
18038 40.8,-75.5
18040 40.7,-75.2
18041 40.4,-75.5
18042 40.6,-75.2
18045 40.7,-75.3
18046 40.5,-75.6
18049 40.5,-75.5
18051 40.6,-75.7
18052 40.7,-75.5
18053 40.7,-75.7
18054 40.4,-75.4
18055 40.6,-75.3
18056 40.4,-75.5
18058 40.9,-75.5
18059 40.7,-75.5
18062 40.5,-75.6
18063 40.8,-75.2
18064 40.8,-75.3
18065 40.7,-75.6
18066 40.7,-75.7
18067 40.7,-75.5
18069 40.6,-75.6
18070 40.4,-75.5
18071 40.8,-75.6
18072 40.8,-75.3
18073 40.4,-75.5
18074 40.3,-75.5
18076 40.4,-75.5
18077 40.6,-75.2
18078 40.7,-75.6
18079 40.7,-75.7
18080 40.7,-75.6
18081 40.6,-75.3
18083 40.8,-75.3
18085 40.7,-75.3
18086 40.7,-75.5
18087 40.6,-75.6
18088 40.8,-75.6
18091 40.8,-75.3
18092 40.5,-75.5
18101 40.6,-75.5
18102 40.6,-75.5
18103 40.6,-75.5
18104 40.6,-75.5
18106 40.6,-75.6
18109 40.6,-75.4
18195 40.6,-75.6
18201 41,-76
18202 41,-76
18210 41,-75.6
18211 40.7,-75.8
18212 40.8,-75.7
18214 40.8,-76.1
18216 40.9,-75.9
18218 40.8,-75.9
18219 41,-76.1
18220 40.8,-76.1
18221 41,-75.9
18222 41,-76
18223 41,-76
18224 41,-75.9
18225 41,-76
18229 40.9,-75.7
18230 40.9,-75.9
18231 40.9,-76
18232 40.8,-75.9
18234 41,-76
18235 40.8,-75.7
18237 40.9,-76.1
18239 41,-76
18240 40.9,-75.8
18241 40.9,-76.2
18242 40.9,-76.1
18244 40.8,-75.7
18245 40.9,-76
18246 41,-76.2
18248 40.9,-76.1
18249 41,-76.1
18250 40.8,-75.9
18252 40.8,-76
18254 40.9,-76
18255 40.9,-75.8
18256 40.9,-76.1
18301 41,-75.2
18302 41.1,-75.1
18321 41,-75.3
18322 40.9,-75.4
18323 41.2,-75.3
18324 41.2,-75
18325 41.3,-75.3
18326 41.2,-75.2
18327 41,-75.1
18328 41.2,-75
18330 41,-75.4
18331 40.9,-75.4
18332 41.1,-75.3
18333 40.9,-75.5
18334 41.1,-75.4
18335 41.1,-75.1
18336 41.4,-74.7
18337 41.3,-74.9
18340 41.4,-74.8
18342 41.2,-75.3
18343 40.9,-75.1
18344 41.1,-75.3
18346 41.1,-75.4
18347 41.2,-75.5
18349 41.1,-75.4
18350 41.1,-75.5
18351 40.9,-75.1
18353 40.9,-75.4
18354 40.9,-75.3
18355 41.1,-75.4
18356 41,-75.1
18357 41.2,-75.2
18360 41,-75.3
18370 41.1,-75.3
18371 41.2,-75
18372 41,-75.3
18403 41.5,-75.5
18405 41.6,-75.1
18407 41.6,-75.5
18411 41.5,-75.7
18413 41.6,-75.5
18414 41.5,-75.7
18415 41.8,-75.1
18417 41.8,-75.2
18419 41.6,-75.8
18420 41.6,-75.7
18421 41.7,-75.5
18424 41.2,-75.5
18425 41.4,-75
18426 41.3,-75.2
18428 41.5,-75.1
18430 41.7,-75.5
18431 41.6,-75.3
18433 41.6,-75.6
18434 41.5,-75.5
18435 41.5,-75
18436 41.4,-75.4
18437 41.9,-75.3
18438 41.4,-75.2
18439 41.8,-75.3
18440 41.6,-75.8
18441 41.7,-75.6
18443 41.7,-75.1
18444 41.3,-75.6
18445 41.3,-75.4
18446 41.7,-75.8
18447 41.5,-75.6
18451 41.4,-75.2
18452 41.5,-75.6
18453 41.7,-75.4
18454 41.8,-75.4
18455 41.9,-75.4
18456 41.6,-75.3
18457 41.5,-75
18458 41.4,-74.9
18460 41.3,-75.3
18461 41.9,-75.3
18462 41.9,-75.4
18463 41.3,-75.4
18464 41.4,-75.2
18465 41.8,-75.5
18466 41.2,-75.4
18469 41.7,-75.2
18470 41.7,-75.5
18471 41.5,-75.7
18472 41.6,-75.4
18473 41.5,-75.2
18503 41.4,-75.7
18504 41.4,-75.7
18505 41.4,-75.6
18507 41.4,-75.7
18508 41.5,-75.7
18509 41.4,-75.6
18510 41.4,-75.6
18512 41.4,-75.6
18517 41.4,-75.7
18518 41.4,-75.7
18519 41.5,-75.6
18602 41.2,-75.8
18603 41.1,-76.2
18610 41.1,-75.5
18612 41.3,-76
18614 41.5,-76.4
18615 41.5,-75.9
18616 41.5,-76.6
18617 41.2,-76.1
18618 41.4,-76
18619 41.4,-76.7
18621 41.3,-76.1
18622 41.2,-76.3
18623 41.7,-76.2
18624 41.1,-75.6
18625 41.5,-75.9
18626 41.4,-76.5
18627 41.3,-76
18628 41.4,-76.3
18629 41.5,-76.1
18630 41.7,-76
18631 41,-76.3
18632 41.5,-76.4
18634 41.2,-76
18635 41,-76.2
18636 41.4,-76.1
18640 41.3,-75.7
18641 41.3,-75.7
18642 41.4,-75.8
18643 41.4,-75.8
18644 41.3,-75.9
18651 41.3,-76
18655 41.2,-76.2
18656 41.3,-76.2
18657 41.5,-76
18660 41.1,-76.1
18661 41.1,-75.7
18701 41.2,-75.9
18702 41.2,-75.8
18704 41.3,-75.9
18705 41.3,-75.8
18706 41.2,-75.9
18707 41.1,-75.9
18708 41.3,-76
18709 41.3,-75.9
18801 41.8,-75.9
18810 41.9,-76.5
18812 42,-76
18814 41.8,-76.6
18816 41.7,-75.9
18817 41.9,-76.6
18818 41.9,-76.1
18820 41.8,-75.7
18821 42,-75.7
18822 41.9,-75.8
18823 41.8,-75.7
18824 41.7,-75.8
18825 41.8,-75.6
18826 41.7,-75.7
18828 41.8,-76.1
18829 41.8,-76.2
18830 42,-76.1
18831 41.9,-76.6
18832 41.7,-76.6
18833 41.6,-76.5
18834 41.8,-75.7
18837 41.9,-76.3
18840 42,-76.5
18842 41.8,-75.6
18843 41.8,-75.9
18844 41.7,-75.9
18845 41.8,-76.2
18846 41.6,-76.2
18847 41.9,-75.6
18848 41.8,-76.5
18850 41.9,-76.5
18851 41.9,-76.2
18853 41.7,-76.3
18854 41.8,-76.4
18901 40.3,-75.2
18902 40.4,-75.1
18912 40.3,-75.1
18913 40.4,-75.1
18914 40.3,-75.2
18915 40.3,-75.3
18917 40.4,-75.2
18920 40.5,-75.1
18921 40.5,-75.2
18923 40.4,-75.2
18925 40.3,-75.1
18927 40.3,-75.2
18929 40.3,-75.1
18930 40.5,-75.2
18932 40.3,-75.3
18933 40.4,-75
18935 40.4,-75.4
18936 40.2,-75.2
18938 40.4,-75
18940 40.3,-74.9
18942 40.5,-75.2
18944 40.4,-75.2
18946 40.3,-75
18947 40.4,-75.1
18950 40.4,-75.1
18951 40.5,-75.3
18954 40.2,-75
18955 40.5,-75.3
18960 40.4,-75.3
18962 40.3,-75.3
18964 40.3,-75.3
18966 40.2,-75
18969 40.3,-75.4
18970 40.4,-75.4
18972 40.5,-75.1
18974 40.2,-75.1
18976 40.2,-75.1
18977 40.3,-74.9
18980 40.3,-75
19001 40.1,-75.1
19002 40.2,-75.2
19003 40,-75.3
19004 40,-75.2
19006 40.1,-75.1
19007 40.1,-74.9
19008 40,-75.4
19009 40.1,-75.1
19010 40,-75.3
19012 40.1,-75.1
19013 39.8,-75.4
19014 39.9,-75.4
19015 39.9,-75.4
19017 39.9,-75.5
19018 39.9,-75.3
19020 40.1,-74.9
19021 40.1,-74.9
19022 39.9,-75.3
19023 39.9,-75.3
19025 40.1,-75.2
19026 40,-75.3
19027 40.1,-75.1
19029 39.9,-75.3
19030 40.2,-74.8
19031 40.1,-75.2
19032 39.9,-75.3
19033 39.9,-75.3
19034 40.1,-75.2
19035 40.1,-75.3
19036 39.9,-75.3
19038 40.1,-75.2
19040 40.2,-75.1
19041 40,-75.3
19043 39.9,-75.3
19044 40.2,-75.2
19046 40.1,-75.1
19047 40.2,-74.9
19050 39.9,-75.3
19052 39.9,-75.4
19053 40.2,-75
19054 40.2,-74.8
19055 40.2,-74.8
19056 40.1,-74.9
19057 40.1,-74.9
19060 39.9,-75.5
19061 39.8,-75.4
19063 39.9,-75.4
19064 39.9,-75.3
19066 40,-75.2
19067 40.2,-74.9
19070 39.9,-75.3
19072 40,-75.3
19073 40,-75.4
19074 39.9,-75.3
19075 40.1,-75.2
19076 39.9,-75.3
19078 39.9,-75.3
19079 39.9,-75.3
19081 39.9,-75.3
19082 40,-75.3
19083 40,-75.3
19085 40,-75.3
19086 39.9,-75.4
19087 40.1,-75.4
19090 40.1,-75.1
19094 39.9,-75.3
19095 40.1,-75.2
19096 40,-75.3
19102 40,-75.2
19103 40,-75.2
19104 40,-75.2
19106 39.9,-75.1
19107 40,-75.2
19108 40,-75.2
19109 39.9,-75.2
19111 40.1,-75.1
19112 39.9,-75.2
19113 39.9,-75.3
19114 40.1,-75
19115 40.1,-75
19116 40.1,-75
19118 40.1,-75.2
19119 40.1,-75.2
19120 40,-75.1
19121 40,-75.2
19122 40,-75.1
19123 40,-75.1
19124 40,-75.1
19125 40,-75.1
19126 40.1,-75.1
19127 40,-75.2
19128 40,-75.2
19129 40,-75.2
19130 40,-75.2
19131 40,-75.2
19132 40,-75.2
19133 40,-75.1
19134 40,-75.1
19135 40,-75.1
19136 40,-75
19137 40,-75.1
19138 40.1,-75.2
19139 40,-75.2
19140 40,-75.1
19141 40,-75.1
19142 39.9,-75.2
19143 39.9,-75.2
19144 40,-75.2
19145 39.9,-75.2
19146 39.9,-75.2
19147 39.9,-75.2
19148 39.9,-75.2
19149 40,-75.1
19150 40.1,-75.2
19151 40,-75.3
19152 40.1,-75
19153 39.9,-75.2
19154 40.1,-75
19301 40,-75.5
19310 39.9,-76
19311 39.8,-75.8
19312 40,-75.5
19316 40.1,-75.8
19317 39.9,-75.6
19319 39.9,-75.5
19320 40,-75.8
19330 39.9,-75.9
19333 40,-75.4
19335 40,-75.7
19341 40,-75.6
19342 39.9,-75.5
19343 40.1,-75.8
19344 40.1,-75.9
19345 40,-75.6
19348 39.9,-75.7
19350 39.8,-75.8
19352 39.8,-75.9
19355 40,-75.5
19358 40,-75.8
19362 39.8,-76.1
19363 39.8,-76
19365 40,-75.9
19367 40,-75.9
19369 40,-75.9
19372 40,-75.8
19373 39.9,-75.5
19374 39.8,-75.8
19375 39.9,-75.7
19380 40,-75.6
19382 39.9,-75.6
19383 39.9,-75.6
19390 39.8,-75.8
19401 40.1,-75.3
19403 40.1,-75.4
19405 40.1,-75.3
19406 40.1,-75.4
19422 40.2,-75.3
19425 40.1,-75.6
19426 40.2,-75.4
19428 40.1,-75.3
19435 40.3,-75.6
19436 40.2,-75.2
19437 40.2,-75.3
19438 40.3,-75.4
19440 40.3,-75.3
19442 40.1,-75.6
19444 40.1,-75.3
19446 40.2,-75.3
19453 40.1,-75.5
19454 40.2,-75.2
19456 40.1,-75.5
19457 40.2,-75.6
19460 40.1,-75.5
19462 40.1,-75.3
19464 40.3,-75.6
19465 40.2,-75.7
19468 40.2,-75.5
19472 40.3,-75.6
19473 40.3,-75.5
19474 40.2,-75.4
19475 40.2,-75.6
19477 40.2,-75.2
19490 40.2,-75.4
19492 40.3,-75.5
19501 40.2,-76.1
19503 40.4,-75.6
19504 40.4,-75.6
19505 40.4,-75.6
19506 40.5,-76.1
19507 40.5,-76.3
19508 40.3,-75.8
19510 40.4,-75.9
19511 40.5,-75.7
19512 40.4,-75.7
19516 40.5,-76
19518 40.3,-75.8
19520 40.2,-75.8
19522 40.4,-75.8
19523 40.2,-75.9
19525 40.3,-75.6
19526 40.5,-76
19529 40.6,-75.9
19530 40.5,-75.8
19533 40.4,-76
19534 40.6,-75.9
19535 40.3,-75.8
19536 40.5,-75.8
19538 40.5,-75.7
19539 40.5,-75.7
19540 40.2,-76
19541 40.5,-76
19543 40.2,-75.9
19544 40.4,-76.3
19545 40.3,-75.6
19547 40.4,-75.8
19549 40.6,-76
19550 40.5,-76.2
19551 40.4,-76.1
19554 40.5,-76.1
19555 40.5,-76
19559 40.5,-76.2
19560 40.4,-75.9
19562 40.5,-75.7
19564 40.5,-75.9
19565 40.3,-76.1
19567 40.4,-76.2
19601 40.4,-75.9
19602 40.3,-75.9
19604 40.4,-75.9
19605 40.4,-75.9
19606 40.3,-75.9
19607 40.3,-75.9
19608 40.3,-76
19609 40.3,-76
19610 40.3,-76
19611 40.3,-75.9
19701 39.6,-75.7
19702 39.6,-75.7
19703 39.8,-75.5
19706 39.6,-75.6
19707 39.8,-75.7
19709 39.5,-75.7
19710 39.8,-75.6
19711 39.7,-75.7
19713 39.7,-75.7
19716 39.7,-75.7
19717 39.7,-75.7
19720 39.6,-75.6
19730 39.5,-75.7
19731 39.5,-75.6
19732 39.8,-75.6
19733 39.6,-75.7
19734 39.4,-75.7
19735 39.8,-75.6
19736 39.8,-75.6
19801 39.7,-75.5
19802 39.8,-75.5
19803 39.8,-75.5
19804 39.7,-75.6
19805 39.7,-75.6
19806 39.8,-75.6
19807 39.8,-75.6
19808 39.7,-75.7
19809 39.8,-75.5
19810 39.8,-75.5
19901 39.2,-75.5
19902 39.1,-75.5
19904 39.2,-75.6
19930 38.6,-75.1
19931 38.6,-75.6
19933 38.7,-75.6
19934 39.1,-75.6
19936 39.2,-75.6
19938 39.3,-75.7
19939 38.6,-75.2
19940 38.5,-75.6
19941 38.8,-75.4
19943 39,-75.6
19944 38.5,-75.1
19945 38.5,-75.2
19946 39,-75.4
19947 38.7,-75.4
19950 38.8,-75.6
19951 38.7,-75.3
19952 38.9,-75.6
19953 39.2,-75.7
19954 38.9,-75.5
19955 39.2,-75.7
19956 38.5,-75.5
19958 38.7,-75.2
19960 38.9,-75.4
19962 39.1,-75.5
19963 38.9,-75.4
19964 39.1,-75.7
19966 38.6,-75.3
19967 38.5,-75.1
19968 38.8,-75.3
19970 38.6,-75.1
19971 38.7,-75.1
19973 38.6,-75.6
19975 38.5,-75.2
19977 39.3,-75.5
19979 39.1,-75.6
19980 39.1,-75.6
20001 38.9,-77
20002 38.9,-77
20003 38.9,-77
20004 38.9,-77
20005 38.9,-77
20006 38.9,-77
20007 38.9,-77.1
20008 38.9,-77.1
20009 38.9,-77
20010 38.9,-77
20011 39,-77
20012 39,-77
20015 39,-77.1
20016 38.9,-77.1
20017 38.9,-77
20018 38.9,-77
20019 38.9,-76.9
20020 38.9,-77
20024 38.9,-77
20032 38.8,-77
20036 38.9,-77
20037 38.9,-77.1
20045 38.9,-77
20052 38.9,-77
20057 38.9,-77.1
20059 38.9,-77
20064 38.9,-77
20105 39,-77.6
20106 38.7,-78
20109 38.8,-77.5
20110 38.7,-77.5
20111 38.7,-77.4
20112 38.7,-77.4
20115 38.8,-77.9
20117 39,-77.7
20119 38.6,-77.6
20120 38.9,-77.5
20121 38.8,-77.5
20124 38.8,-77.4
20129 39.2,-77.6
20130 39,-77.9
20132 39.2,-77.7
20135 39.1,-77.9
20136 38.7,-77.5
20137 38.8,-77.7
20141 39.1,-77.8
20143 38.9,-77.6
20144 38.9,-77.9
20147 39,-77.5
20148 39,-77.5
20151 38.9,-77.4
20152 38.9,-77.5
20155 38.8,-77.6
20158 39.1,-77.7
20164 39,-77.4
20165 39.1,-77.4
20166 39,-77.5
20169 38.9,-77.6
20170 39,-77.4
20171 38.9,-77.4
20175 39.1,-77.6
20176 39.2,-77.5
20180 39.3,-77.6
20181 38.7,-77.5
20184 39,-77.9
20186 38.7,-77.8
20187 38.7,-77.7
20190 39,-77.3
20191 38.9,-77.4
20194 39,-77.3
20197 39.2,-77.6
20198 38.9,-77.7
20204 38.9,-77
20220 38.9,-77
20230 38.9,-77
20240 38.9,-77
20245 38.9,-77
20250 38.9,-77
20260 38.9,-77
20317 38.9,-77
20319 38.9,-77
20373 38.9,-77
20388 38.9,-77
20390 38.9,-77
20408 38.9,-77
20415 38.9,-77
20418 38.9,-77
20422 38.9,-77
20427 38.9,-77
20431 38.9,-77
20510 38.9,-77
20515 38.9,-77
20520 38.9,-77
20530 38.9,-77
20535 38.9,-77
20540 38.9,-77
20542 38.9,-77
20551 38.9,-77
20560 38.9,-77
20565 38.9,-77
20566 38.9,-77.1
20591 38.9,-77
20601 38.6,-76.9
20602 38.6,-76.9
20603 38.6,-77
20606 38.3,-76.7
20607 38.7,-77
20608 38.6,-76.7
20609 38.3,-76.7
20611 38.5,-77
20612 38.5,-76.7
20613 38.7,-76.8
20615 38.4,-76.5
20616 38.7,-77.1
20617 38.5,-76.9
20618 38.3,-76.8
20619 38.3,-76.5
20620 38.2,-76.5
20621 38.3,-76.8
20622 38.4,-76.9
20623 38.7,-76.8
20624 38.3,-76.7
20625 38.3,-76.8
20626 38.2,-76.8
20628 38.2,-76.3
20629 38.3,-76.5
20630 38.2,-76.5
20632 38.4,-77
20634 38.2,-76.5
20636 38.4,-76.6
20637 38.5,-76.8
20639 38.6,-76.6
20640 38.5,-77.2
20645 38.3,-76.9
20646 38.5,-77
20650 38.3,-76.6
20653 38.2,-76.4
20656 38.3,-76.7
20657 38.4,-76.4
20658 38.6,-77.2
20659 38.4,-76.7
20660 38.4,-76.7
20661 38.3,-76.8
20662 38.4,-77.2
20664 38.3,-76.9
20667 38.2,-76.4
20670 38.3,-76.4
20674 38.1,-76.5
20675 38.6,-77
20676 38.5,-76.5
20677 38.5,-77
20678 38.5,-76.6
20680 38.1,-76.4
20684 38.1,-76.4
20685 38.4,-76.5
20686 38.2,-76.4
20687 38.1,-76.3
20688 38.3,-76.5
20689 38.7,-76.6
20690 38.2,-76.5
20692 38.2,-76.5
20693 38.5,-77.1
20695 38.6,-77
20701 39.1,-76.8
20705 39,-76.9
20706 39,-76.9
20707 39.1,-76.9
20708 39,-76.8
20710 38.9,-76.9
20711 38.8,-76.6
20712 38.9,-77
20714 38.7,-76.5
20715 39,-76.7
20716 38.9,-76.7
20720 39,-76.8
20721 38.9,-76.8
20722 38.9,-77
20723 39.1,-76.9
20724 39.1,-76.8
20732 38.7,-76.5
20733 38.8,-76.5
20735 38.8,-76.9
20736 38.7,-76.6
20737 39,-76.9
20740 39,-76.9
20742 39,-76.9
20743 38.9,-76.9
20744 38.7,-77
20745 38.8,-77
20746 38.8,-76.9
20747 38.9,-76.9
20748 38.8,-76.9
20751 38.8,-76.6
20754 38.7,-76.7
20755 39.1,-76.7
20758 38.7,-76.6
20759 39.2,-76.9
20762 38.8,-76.9
20763 39.1,-76.8
20764 38.8,-76.5
20765 38.8,-76.5
20769 39,-76.8
20770 39,-76.9
20771 39,-76.9
20772 38.8,-76.8
20774 38.9,-76.8
20776 38.9,-76.6
20777 39.2,-77
20778 38.8,-76.6
20779 38.8,-76.6
20781 39,-76.9
20782 39,-77
20783 39,-77
20784 39,-76.9
20785 38.9,-76.9
20794 39.2,-76.8
20812 39,-77.1
20814 39,-77.1
20815 39,-77.1
20816 39,-77.1
20817 39,-77.2
20818 39,-77.2
20832 39.2,-77.1
20833 39.2,-77.1
20837 39.1,-77.4
20838 39.2,-77.4
20839 39.2,-77.4
20841 39.2,-77.3
20842 39.2,-77.4
20850 39.1,-77.2
20851 39.1,-77.1
20852 39.1,-77.1
20853 39.1,-77.1
20854 39,-77.2
20855 39.1,-77.1
20860 39.2,-77
20861 39.1,-77
20862 39.2,-77
20866 39.1,-76.9
20868 39.1,-77
20871 39.3,-77.3
20872 39.3,-77.2
20874 39.1,-77.3
20876 39.2,-77.2
20877 39.1,-77.2
20878 39.1,-77.3
20879 39.2,-77.2
20880 39.1,-77.2
20882 39.2,-77.2
20886 39.2,-77.2
20889 39,-77.1
20892 39,-77.1
20894 39,-77.1
20895 39,-77.1
20896 39,-77.1
20899 39.1,-77.2
20901 39,-77
20902 39,-77
20903 39,-77
20904 39.1,-77
20905 39.1,-77
20906 39.1,-77.1
20910 39,-77
20912 39,-77
21001 39.5,-76.2
21005 39.5,-76.1
21009 39.5,-76.3
21010 39.4,-76.3
21012 39,-76.5
21013 39.5,-76.5
21014 39.5,-76.4
21015 39.5,-76.3
21017 39.5,-76.2
21023 39.5,-76.7
21028 39.6,-76.2
21029 39.2,-77
21030 39.5,-76.7
21031 39.5,-76.7
21032 39,-76.6
21034 39.6,-76.2
21035 38.9,-76.6
21036 39.2,-77
21037 38.9,-76.5
21040 39.4,-76.3
21042 39.3,-76.9
21043 39.3,-76.8
21044 39.2,-76.9
21045 39.2,-76.8
21046 39.2,-76.8
21047 39.5,-76.4
21048 39.5,-76.9
21050 39.6,-76.4
21051 39.5,-76.5
21052 39.2,-76.4
21053 39.7,-76.7
21054 39.1,-76.7
21056 39.1,-76.4
21057 39.4,-76.5
21060 39.2,-76.6
21061 39.2,-76.6
21071 39.5,-76.8
21074 39.6,-76.8
21075 39.2,-76.8
21076 39.2,-76.7
21077 39.2,-76.7
21078 39.6,-76.1
21082 39.5,-76.5
21084 39.6,-76.5
21085 39.4,-76.4
21087 39.4,-76.4
21090 39.2,-76.7
21093 39.4,-76.6
21102 39.7,-76.8
21104 39.3,-76.9
21105 39.7,-76.7
21108 39.1,-76.6
21111 39.6,-76.6
21113 39.1,-76.7
21114 39,-76.7
21117 39.4,-76.8
21120 39.6,-76.7
21122 39.1,-76.5
21128 39.4,-76.4
21130 39.5,-76.2
21131 39.5,-76.6
21132 39.7,-76.4
21133 39.4,-76.8
21136 39.4,-76.8
21140 39,-76.6
21144 39.1,-76.7
21146 39.1,-76.6
21152 39.6,-76.7
21153 39.4,-76.7
21154 39.7,-76.4
21155 39.6,-76.8
21156 39.4,-76.4
21157 39.5,-77
21158 39.7,-77
21160 39.7,-76.3
21161 39.7,-76.6
21162 39.4,-76.4
21163 39.3,-76.8
21201 39.3,-76.6
21202 39.3,-76.6
21204 39.4,-76.6
21205 39.3,-76.6
21206 39.3,-76.5
21207 39.3,-76.7
21208 39.4,-76.7
21209 39.4,-76.7
21210 39.4,-76.6
21211 39.3,-76.6
21212 39.4,-76.6
21213 39.3,-76.6
21214 39.4,-76.6
21215 39.3,-76.7
21216 39.3,-76.7
21217 39.3,-76.6
21218 39.3,-76.6
21219 39.2,-76.4
21220 39.3,-76.4
21221 39.3,-76.4
21222 39.3,-76.5
21223 39.3,-76.7
21224 39.3,-76.5
21225 39.2,-76.6
21226 39.2,-76.6
21227 39.2,-76.7
21228 39.3,-76.7
21229 39.3,-76.7
21230 39.3,-76.6
21231 39.3,-76.6
21233 39.3,-76.6
21234 39.4,-76.5
21236 39.4,-76.5
21237 39.3,-76.5
21239 39.4,-76.6
21240 39.2,-76.7
21244 39.3,-76.8
21250 39.3,-76.7
21251 39.3,-76.6
21252 39.4,-76.6
21285 39.4,-76.6
21286 39.4,-76.6
21287 39.3,-76.6
21401 39,-76.6
21402 39,-76.5
21403 38.9,-76.5
21405 39,-76.5
21409 39,-76.4
21502 39.6,-78.8
21520 39.6,-79.3
21521 39.5,-79
21523 39.5,-79.1
21524 39.7,-78.8
21529 39.7,-78.8
21530 39.7,-78.5
21531 39.6,-79.4
21532 39.6,-79
21536 39.7,-79.2
21538 39.4,-79.2
21539 39.6,-79
21540 39.5,-79.1
21541 39.5,-79.4
21542 39.6,-79
21543 39.6,-79
21545 39.7,-78.9
21550 39.4,-79.4
21555 39.6,-78.6
21557 39.5,-78.9
21560 39.6,-78.7
21561 39.5,-79.2
21562 39.5,-79
21601 38.8,-76.1
21607 39.1,-75.9
21610 39.4,-76.1
21612 38.8,-76.3
21613 38.5,-76.1
21617 39,-76
21619 38.9,-76.3
21620 39.2,-76.1
21622 38.4,-76.2
21623 39.1,-76
21624 38.8,-76.3
21625 38.9,-76
21626 38.3,-76.1
21627 38.2,-76
21628 39.2,-75.9
21629 38.9,-75.8
21631 38.6,-75.9
21632 38.7,-75.8
21634 38.3,-76.2
21635 39.3,-75.8
21636 39,-75.8
21638 38.9,-76.2
21639 39,-75.8
21640 39.1,-75.8
21641 38.9,-75.9
21643 38.6,-75.9
21644 39.1,-75.9
21645 39.3,-76
21647 38.8,-76.3
21648 38.5,-76.2
21649 39.1,-75.8
21650 39.3,-75.8
21651 39.3,-75.9
21652 38.7,-76.3
21653 38.7,-76.2
21654 38.7,-76.1
21655 38.7,-75.9
21657 38.9,-76
21658 38.9,-76.1
21659 38.6,-75.8
21660 39,-75.9
21661 39.1,-76.2
21662 38.7,-76.2
21663 38.8,-76.2
21664 38.6,-75.9
21665 38.8,-76.4
21666 38.9,-76.3
21667 39.3,-76.1
21668 39.2,-75.9
21669 38.5,-76.3
21671 38.7,-76.3
21672 38.3,-76.1
21673 38.6,-76
21675 38.3,-76.1
21676 38.8,-76.3
21677 38.5,-76.2
21678 39.3,-76.1
21679 38.9,-76.1
21701 39.4,-77.3
21702 39.5,-77.4
21703 39.4,-77.5
21704 39.4,-77.4
21705 39.4,-77.4
21710 39.3,-77.4
21711 39.7,-78
21713 39.5,-77.7
21714 39.4,-77.5
21715 39.4,-77.7
21716 39.3,-77.6
21717 39.3,-77.4
21718 39.4,-77.6
21719 39.7,-77.5
21722 39.7,-77.9
21723 39.3,-77
21727 39.7,-77.3
21733 39.6,-77.8
21734 39.6,-77.7
21737 39.2,-77
21738 39.3,-77
21740 39.6,-77.7
21742 39.7,-77.7
21746 39.6,-77.7
21750 39.7,-78.2
21754 39.3,-77.3
21755 39.4,-77.6
21756 39.5,-77.7
21757 39.6,-77.3
21758 39.4,-77.7
21762 39.5,-77.2
21766 39.7,-78.4
21767 39.7,-77.7
21769 39.4,-77.6
21770 39.4,-77.3
21771 39.4,-77.2
21773 39.5,-77.6
21774 39.4,-77.3
21776 39.5,-77.1
21777 39.3,-77.5
21778 39.6,-77.3
21779 39.4,-77.7
21780 39.7,-77.5
21781 39.6,-77.8
21782 39.5,-77.8
21783 39.7,-77.6
21784 39.4,-77
21787 39.7,-77.2
21788 39.6,-77.4
21790 39.3,-77.5
21791 39.5,-77.2
21793 39.5,-77.3
21794 39.3,-77
21795 39.6,-77.8
21797 39.3,-77.1
21798 39.5,-77.3
21801 38.3,-75.7
21804 38.3,-75.5
21810 38.3,-75.7
21811 38.3,-75.2
21813 38.4,-75.2
21814 38.3,-75.9
21817 38,-75.8
21821 38.2,-75.9
21822 38.3,-75.7
21824 38,-76
21826 38.3,-75.6
21829 38.1,-75.4
21830 38.4,-75.7
21835 38.5,-75.9
21837 38.5,-75.8
21838 38,-75.7
21840 38.2,-75.9
21841 38.2,-75.3
21842 38.4,-75.1
21849 38.4,-75.5
21850 38.4,-75.4
21851 38.1,-75.5
21853 38.2,-75.7
21856 38.3,-75.8
21861 38.5,-75.7
21862 38.4,-75.2
21863 38.2,-75.4
21864 38,-75.4
21865 38.3,-75.8
21866 38,-76
21867 38.1,-75.8
21869 38.4,-75.9
21871 38.1,-75.7
21872 38.4,-75.3
21874 38.4,-75.4
21875 38.4,-75.5
21890 38.2,-75.7
21901 39.6,-76
21902 39.6,-76.1
21903 39.6,-76
21904 39.6,-76.1
21911 39.7,-76
21912 39.4,-75.8
21913 39.4,-75.9
21914 39.6,-76
21915 39.5,-75.8
21917 39.7,-76.1
21918 39.7,-76.2
21919 39.4,-75.9
21920 39.7,-75.8
21921 39.6,-75.9
21930 39.4,-75.9
22003 38.8,-77.2
22015 38.8,-77.3
22025 38.6,-77.3
22026 38.6,-77.3
22027 38.9,-77.2
22030 38.8,-77.3
22031 38.9,-77.3
22032 38.8,-77.3
22033 38.9,-77.4
22035 38.9,-77.4
22039 38.7,-77.3
22041 38.8,-77.1
22042 38.9,-77.2
22043 38.9,-77.2
22044 38.9,-77.2
22046 38.9,-77.2
22060 38.7,-77.2
22066 39,-77.3
22079 38.7,-77.2
22101 38.9,-77.2
22102 39,-77.2
22124 38.9,-77.3
22125 38.7,-77.3
22134 38.5,-77.4
22150 38.8,-77.2
22151 38.8,-77.2
22152 38.8,-77.2
22153 38.7,-77.2
22172 38.6,-77.4
22180 38.9,-77.3
22181 38.9,-77.3
22182 38.9,-77.3
22191 38.6,-77.3
22192 38.7,-77.3
22193 38.6,-77.4
22201 38.9,-77.1
22202 38.9,-77.1
22203 38.9,-77.1
22204 38.9,-77.1
22205 38.9,-77.1
22206 38.8,-77.1
22207 38.9,-77.1
22209 38.9,-77.1
22211 38.9,-77.1
22213 38.9,-77.2
22214 38.9,-77.1
22301 38.8,-77.1
22302 38.8,-77.1
22303 38.8,-77.1
22304 38.8,-77.1
22305 38.8,-77.1
22306 38.7,-77.1
22307 38.8,-77.1
22308 38.7,-77.1
22309 38.7,-77.1
22310 38.8,-77.1
22311 38.8,-77.1
22312 38.8,-77.2
22314 38.8,-77.1
22315 38.8,-77.1
22401 38.3,-77.5
22405 38.3,-77.4
22406 38.4,-77.5
22407 38.3,-77.6
22408 38.2,-77.5
22427 38.1,-77.3
22432 37.9,-76.4
22433 38.4,-77.9
22435 38,-76.6
22436 38.1,-77.1
22437 37.8,-76.8
22438 38,-77
22443 38.2,-77
22448 38.3,-77
22454 37.8,-76.8
22460 37.9,-76.6
22469 38.1,-76.6
22472 38,-76.7
22473 37.9,-76.4
22476 38,-77.1
22480 37.7,-76.4
22482 37.7,-76.3
22485 38.3,-77.2
22488 38,-76.6
22503 37.8,-76.5
22504 37.8,-76.7
22508 38.3,-77.8
22509 38.1,-77.1
22511 38,-76.5
22514 38,-77.3
22520 38.1,-76.8
22529 38,-76.7
22534 38.1,-77.7
22535 38.1,-77.2
22538 38.2,-77.3
22539 37.9,-76.3
22542 38.3,-77.9
22546 37.9,-77.4
22548 37.8,-76.7
22551 38.2,-77.7
22553 38.3,-77.6
22554 38.4,-77.4
22556 38.5,-77.5
22560 37.9,-77
22567 38.2,-77.9
22572 38,-76.8
22576 37.7,-76.4
22578 37.6,-76.4
22580 38.1,-77.4
22601 39.2,-78.2
22602 39.1,-78.3
22603 39.3,-78.2
22610 38.8,-78.3
22611 39.2,-78
22620 39.1,-78
22623 38.8,-78.1
22624 39.3,-78.1
22625 39.4,-78.3
22627 38.8,-78.1
22630 38.9,-78.2
22637 39.3,-78.4
22639 38.8,-78
22640 38.8,-78.1
22641 39.1,-78.4
22642 38.9,-78
22643 38.9,-78
22644 39,-78.5
22645 39,-78.3
22646 39.1,-78.1
22650 38.8,-78.4
22652 38.8,-78.4
22654 39.1,-78.5
22655 39.1,-78.2
22656 39.2,-78.1
22657 39,-78.4
22660 39,-78.4
22663 39.1,-78.1
22664 38.9,-78.5
22701 38.4,-78
22709 38.3,-78.2
22711 38.5,-78.3
22712 38.6,-77.8
22713 38.5,-78.1
22714 38.5,-77.9
22715 38.4,-78.2
22716 38.6,-78.1
22718 38.5,-77.8
22719 38.5,-78.3
22720 38.5,-77.6
22722 38.5,-78.2
22723 38.3,-78.4
22724 38.6,-77.9
22725 38.4,-78.2
22726 38.4,-77.8
22727 38.4,-78.3
22728 38.6,-77.7
22729 38.4,-78
22730 38.4,-78.2
22731 38.3,-78.3
22732 38.3,-78.2
22733 38.3,-78
22734 38.5,-77.8
22735 38.5,-78.2
22736 38.4,-77.7
22737 38.6,-78
22738 38.3,-78.3
22740 38.6,-78.3
22741 38.4,-77.9
22742 38.5,-77.7
22743 38.5,-78.4
22746 38.6,-78
22747 38.7,-78.2
22749 38.6,-78.2
22801 38.4,-78.9
22802 38.5,-78.9
22807 38.4,-78.9
22810 38.8,-78.8
22811 38.8,-79
22812 38.4,-79
22815 38.7,-78.8
22820 38.7,-79
22821 38.5,-79.1
22824 38.8,-78.6
22827 38.4,-78.6
22830 38.7,-79
22831 38.6,-79.1
22832 38.5,-78.8
22834 38.6,-78.9
22835 38.7,-78.5
22840 38.4,-78.7
22841 38.3,-78.9
22842 38.8,-78.7
22843 38.4,-79.1
22844 38.7,-78.7
22845 38.8,-78.8
22846 38.4,-78.8
22847 38.7,-78.7
22849 38.5,-78.6
22850 38.6,-78.9
22851 38.5,-78.5
22853 38.7,-78.8
22901 38.1,-78.6
22902 37.9,-78.5
22903 38,-78.6
22904 38,-78.5
22908 38,-78.5
22911 38.1,-78.4
22920 38,-78.8
22922 37.7,-78.9
22923 38.2,-78.3
22931 37.9,-78.7
22932 38.1,-78.7
22935 38.3,-78.6
22936 38.2,-78.5
22937 37.8,-78.6
22938 37.9,-78.8
22939 38.1,-79
22940 38.2,-78.6
22942 38.1,-78.2
22943 38,-78.8
22946 37.8,-78.6
22947 38,-78.3
22948 38.4,-78.1
22949 37.8,-78.9
22952 37.9,-79
22957 38.2,-78.2
22958 37.9,-78.9
22959 37.9,-78.7
22960 38.2,-78.1
22963 37.8,-78.3
22964 37.7,-79
22967 37.8,-79
22968 38.2,-78.4
22969 37.8,-78.7
22971 37.7,-78.8
22972 38.2,-78.2
22973 38.3,-78.5
22974 38,-78.3
22976 37.8,-79
22980 38.1,-78.9
22989 38.3,-78.1
23002 37.3,-78
23004 37.7,-78.4
23005 37.8,-77.5
23009 37.8,-77.2
23011 37.5,-76.8
23015 37.9,-77.6
23021 37.4,-76.4
23022 37.7,-78.3
23023 37.8,-77
23024 37.9,-77.8
23025 37.4,-76.4
23027 37.6,-78.1
23030 37.3,-77.1
23032 37.7,-76.7
23035 37.5,-76.4
23038 37.8,-78.1
23039 37.7,-77.8
23040 37.5,-78.3
23043 37.6,-76.3
23045 37.4,-76.3
23047 37.8,-77.5
23050 37.5,-76.4
23055 37.8,-78.2
23056 37.4,-76.4
23059 37.7,-77.6
23060 37.7,-77.5
23061 37.4,-76.5
23062 37.3,-76.5
23063 37.7,-78
23065 37.8,-77.9
23066 37.5,-76.3
23068 37.5,-76.3
23069 37.8,-77.3
23070 37.6,-76.4
23071 37.5,-76.4
23072 37.3,-76.4
23075 37.6,-77.3
23076 37.5,-76.3
23079 37.7,-76.7
23081 37.2,-76.8
23083 37.3,-78.1
23084 37.9,-78.1
23085 37.7,-76.8
23086 37.7,-77.1
23089 37.5,-76.9
23091 37.7,-76.8
23092 37.6,-76.5
23093 38,-78
23102 37.7,-77.8
23103 37.6,-77.7
23106 37.7,-77.2
23108 37.7,-76.7
23109 37.4,-76.3
23110 37.6,-76.8
23111 37.6,-77.2
23112 37.4,-77.7
23113 37.5,-77.7
23114 37.5,-77.7
23116 37.7,-77.3
23117 38,-77.9
23119 37.4,-76.3
23120 37.4,-77.8
23123 37.7,-78.3
23124 37.6,-77
23126 37.9,-77.1
23128 37.4,-76.4
23129 37.7,-77.8
23130 37.4,-76.3
23138 37.3,-76.3
23139 37.5,-77.9
23140 37.4,-77
23141 37.5,-77.2
23146 37.7,-77.7
23147 37.4,-77
23148 37.8,-77.1
23149 37.6,-76.6
23150 37.5,-77.3
23153 37.8,-78
23156 37.5,-76.7
23160 37.6,-77.8
23161 37.7,-76.9
23163 37.4,-76.3
23168 37.4,-76.8
23169 37.6,-76.5
23173 37.6,-77.5
23175 37.7,-76.6
23176 37.6,-76.4
23177 37.7,-77
23180 37.7,-76.6
23181 37.6,-76.9
23185 37.2,-76.7
23188 37.3,-76.7
23192 37.8,-77.7
23219 37.5,-77.4
23220 37.5,-77.5
23221 37.5,-77.5
23222 37.6,-77.4
23223 37.6,-77.4
23224 37.5,-77.5
23225 37.5,-77.5
23226 37.6,-77.5
23227 37.6,-77.4
23228 37.6,-77.5
23229 37.6,-77.6
23230 37.6,-77.5
23231 37.4,-77.3
23233 37.6,-77.6
23234 37.5,-77.5
23235 37.5,-77.6
23236 37.5,-77.6
23237 37.4,-77.5
23238 37.6,-77.6
23250 37.5,-77.3
23284 37.5,-77.5
23294 37.6,-77.5
23298 37.5,-77.4
23301 37.7,-75.6
23302 37.9,-75.5
23303 37.9,-75.5
23304 37,-76.6
23306 37.6,-75.9
23307 37.4,-75.9
23308 37.8,-75.6
23310 37.3,-76
23314 37,-76.5
23315 36.7,-76.8
23316 37.3,-76
23320 36.8,-76.2
23321 36.8,-76.4
23322 36.6,-76.3
23323 36.7,-76.4
23324 36.8,-76.3
23325 36.8,-76.2
23336 37.9,-75.3
23337 37.9,-75.5
23347 37.4,-76
23350 37.5,-75.9
23354 37.5,-75.9
23356 38,-75.4
23357 37.8,-75.7
23358 37.7,-75.9
23359 37.9,-75.6
23389 37.7,-75.8
23395 38,-75.4
23398 37.5,-75.9
23401 37.6,-75.8
23405 37.4,-75.9
23407 37.8,-75.6
23408 37.5,-75.8
23409 37.9,-75.7
23410 37.6,-75.7
23413 37.5,-75.8
23414 37.8,-75.6
23415 38,-75.5
23416 37.9,-75.6
23417 37.7,-75.8
23418 37.6,-75.7
23420 37.6,-75.8
23421 37.8,-75.6
23422 37.6,-75.8
23423 37.5,-75.7
23426 37.9,-75.7
23427 37.9,-75.7
23430 37,-76.7
23432 36.9,-76.6
23433 36.9,-76.5
23434 36.7,-76.6
23435 36.8,-76.5
23436 36.9,-76.5
23437 36.6,-76.8
23438 36.6,-76.7
23440 37.8,-76
23441 37.7,-75.7
23442 37.9,-75.6
23451 36.9,-76
23452 36.8,-76.1
23453 36.8,-76.1
23454 36.9,-76.1
23455 36.9,-76.1
23456 36.7,-76
23457 36.6,-76
23459 36.9,-76.2
23460 36.8,-76
23461 36.8,-76
23462 36.8,-76.1
23464 36.8,-76.2
23480 37.6,-75.7
23486 37.5,-75.8
23487 36.8,-76.7
23488 37.9,-75.6
23502 36.9,-76.2
23503 36.9,-76.3
23504 36.9,-76.3
23505 36.9,-76.3
23507 36.9,-76.3
23508 36.9,-76.3
23509 36.9,-76.3
23510 36.9,-76.3
23511 36.9,-76.3
23513 36.9,-76.2
23517 36.9,-76.3
23518 36.9,-76.2
23523 36.8,-76.3
23551 36.9,-76.3
23601 37,-76.5
23602 37.1,-76.5
23603 37.2,-76.6
23604 37.1,-76.6
23605 37,-76.4
23606 37.1,-76.5
23607 37,-76.4
23608 37.1,-76.5
23651 37,-76.3
23661 37,-76.4
23662 37.1,-76.4
23663 37,-76.3
23664 37.1,-76.3
23665 37.1,-76.4
23666 37.1,-76.4
23667 37,-76.3
23668 37,-76.3
23669 37.1,-76.3
23681 37.1,-76.4
23690 37.2,-76.5
23691 37.3,-76.6
23692 37.2,-76.4
23693 37.1,-76.4
23696 37.2,-76.4
23701 36.8,-76.4
23702 36.8,-76.3
23703 36.9,-76.4
23704 36.8,-76.3
23707 36.8,-76.3
23708 36.8,-76.3
23709 36.8,-76.3
23801 37.2,-77.3
23803 37.2,-77.5
23805 37.1,-77.4
23821 36.9,-77.9
23824 37.1,-78
23827 36.6,-77.2
23828 36.6,-77.3
23829 36.7,-77.2
23830 37,-77.4
23831 37.3,-77.5
23832 37.4,-77.6
23833 37.2,-77.7
23834 37.3,-77.4
23836 37.4,-77.3
23837 36.8,-77.1
23838 37.3,-77.6
23839 37.1,-76.9
23840 37.1,-77.7
23841 37.1,-77.6
23842 37.1,-77.2
23843 36.9,-77.8
23844 36.7,-77.3
23845 36.6,-78
23846 37.1,-76.8
23847 36.7,-77.6
23850 37.2,-77.7
23851 36.7,-77
23856 36.8,-77.7
23857 36.6,-77.9
23860 37.3,-77.2
23866 36.9,-76.9
23867 36.8,-77.5
23868 36.7,-77.8
23870 36.8,-77.5
23872 37,-77.7
23874 36.6,-77.1
23875 37.2,-77.3
23876 37,-77.8
23878 36.8,-77
23879 36.6,-77.6
23881 37.2,-77
23882 36.9,-77.4
23883 37.1,-76.7
23884 36.9,-77.3
23885 37.2,-77.6
23887 36.6,-77.8
23888 37,-77
23889 36.9,-77.7
23890 37,-77.1
23891 37,-77.2
23893 36.6,-77.9
23894 37.1,-77.8
23897 36.8,-77.3
23898 36.8,-76.9
23899 37.2,-77
23901 37.3,-78.4
23909 37.3,-78.4
23915 36.7,-78.3
23917 36.6,-78.3
23919 36.6,-78.1
23920 36.7,-78
23921 37.6,-78.6
23922 37.2,-78.2
23923 37.1,-78.6
23924 36.8,-78.4
23927 36.6,-78.6
23930 37.2,-78.1
23934 37.2,-78.6
23936 37.5,-78.5
23937 36.9,-78.5
23938 36.9,-78
23942 37.1,-78.3
23943 37.2,-78.5
23944 36.9,-78.1
23947 37,-78.4
23950 36.7,-78.1
23952 36.9,-78.3
23954 37.1,-78.4
23955 37.1,-78.1
23958 37.3,-78.7
23959 37.1,-78.8
23960 37.3,-78.6
23962 37,-78.7
23963 37.2,-78.8
23964 36.8,-78.6
23966 37.3,-78.3
23967 36.9,-78.6
23968 36.7,-78.5
23970 36.7,-78.2
23974 37,-78.2
23976 36.9,-78.6
24011 37.3,-79.9
24012 37.3,-79.9
24013 37.3,-79.9
24014 37.2,-79.9
24015 37.3,-80
24016 37.3,-80
24017 37.3,-80
24018 37.2,-80
24019 37.3,-80
24020 37.4,-79.9
24022 37.3,-79.9
24053 36.6,-80.5
24054 36.7,-79.7
24055 36.8,-80
24058 37.2,-80.6
24059 37.2,-80.1
24060 37.3,-80.4
24061 37.2,-80.4
24064 37.4,-79.8
24065 37.1,-80
24066 37.5,-79.7
24067 37,-80.1
24069 36.6,-79.6
24070 37.4,-80.2
24072 37,-80.2
24073 37.1,-80.4
24076 36.6,-80.4
24077 37.4,-79.9
24078 36.7,-79.9
24079 37.1,-80.2
24082 36.6,-80.1
24083 37.4,-79.9
24084 37.2,-80.7
24085 37.7,-79.9
24086 37.3,-80.6
24087 37.2,-80.2
24088 36.9,-80.1
24089 36.7,-80
24090 37.5,-79.9
24091 36.9,-80.3
24092 37,-79.8
24093 37.4,-80.9
24095 37.2,-79.7
24101 37.2,-79.8
24102 36.8,-80
24104 37.1,-79.5
24105 36.9,-80.6
24112 36.7,-79.8
24120 36.7,-80.4
24121 37.2,-79.6
24122 37.4,-79.7
24124 37.3,-80.9
24127 37.5,-80.2
24128 37.3,-80.5
24129 37.1,-80.6
24131 37.6,-80.2
24132 37.2,-80.7
24133 36.7,-80.1
24134 37.2,-80.8
24136 37.3,-80.6
24137 36.9,-79.7
24138 37.1,-80.3
24139 37,-79.5
24141 37.1,-80.6
24142 37.1,-80.6
24147 37.4,-80.8
24148 36.6,-79.9
24149 37,-80.4
24150 37.4,-80.6
24151 37,-79.9
24153 37.3,-80.1
24161 37,-79.5
24162 37.1,-80.2
24165 36.6,-80.1
24167 37.3,-80.7
24168 36.7,-79.9
24171 36.7,-80.2
24174 37.3,-79.7
24175 37.5,-80
24176 37,-79.7
24179 37.3,-79.8
24184 37.1,-79.8
24185 36.8,-80.3
24201 36.6,-82.2
24202 36.7,-82.2
24210 36.8,-82
24211 36.7,-82
24216 36.9,-82.8
24217 37.1,-82.2
24219 36.8,-82.7
24220 37.1,-82.2
24221 36.6,-83
24224 36.9,-82.3
24225 37,-82.1
24226 37.1,-82.3
24228 37.2,-82.5
24230 37,-82.5
24236 36.6,-81.7
24237 37,-82.3
24239 37.1,-82.1
24243 36.8,-82.9
24244 36.7,-82.8
24245 36.8,-82.5
24246 36.9,-82.7
24248 36.6,-83.5
24250 36.8,-82.6
24251 36.7,-82.6
24256 37.2,-82.3
24258 36.6,-82.4
24260 37,-82
24263 36.7,-83.2
24265 36.8,-82.9
24266 36.9,-82.1
24269 37.1,-82.4
24270 36.7,-82.3
24271 36.7,-82.4
24272 37,-82.3
24273 37,-82.7
24277 36.7,-83
24279 37.1,-82.6
24280 37,-81.9
24281 36.6,-83.3
24282 36.8,-83.1
24283 36.9,-82.3
24290 36.6,-82.6
24292 36.6,-81.6
24293 37,-82.6
24301 37.1,-80.8
24311 36.9,-81.4
24312 36.8,-80.9
24313 36.9,-80.8
24314 37.2,-81.2
24315 37.1,-81.1
24316 37,-81.7
24317 36.6,-80.7
24318 37,-81.4
24319 36.8,-81.7
24322 36.8,-81.1
24323 36.9,-81.2
24324 37,-80.8
24325 36.8,-80.6
24326 36.7,-81.2
24327 36.8,-81.8
24328 36.6,-80.7
24330 36.7,-81
24333 36.6,-80.9
24340 36.8,-81.8
24343 36.8,-80.7
24347 37,-80.7
24348 36.7,-81.2
24350 36.8,-81
24351 36.6,-80.8
24352 36.7,-80.5
24354 36.8,-81.5
24360 36.9,-80.9
24361 36.8,-81.8
24363 36.6,-81.4
24366 37.3,-81.1
24368 36.9,-81.3
24370 36.9,-81.7
24374 36.8,-81.2
24375 36.8,-81.4
24377 37,-81.6
24378 36.7,-81.4
24380 36.9,-80.5
24381 36.7,-80.8
24382 37,-81.1
24401 38.1,-79.1
24411 38.1,-79.3
24412 38.1,-79.8
24413 38.5,-79.6
24415 37.9,-79.3
24416 37.7,-79.4
24421 38.2,-79.2
24422 37.8,-79.8
24426 37.8,-80
24430 38.1,-79.3
24431 38.2,-78.8
24432 38.1,-79.4
24433 38.4,-79.4
24435 37.9,-79.3
24437 38.2,-78.9
24439 38,-79.5
24440 38,-79.2
24441 38.2,-78.8
24442 38.4,-79.4
24445 38,-79.9
24448 37.8,-79.8
24450 37.8,-79.5
24457 37.8,-79.9
24458 38.3,-79.5
24459 38,-79.3
24460 38,-79.7
24464 37.9,-79.1
24465 38.4,-79.6
24467 38.3,-79
24469 38.2,-78.9
24471 38.3,-78.8
24472 37.9,-79.2
24473 37.9,-79.4
24474 37.8,-79.8
24476 38,-79.2
24477 38,-79
24479 38.2,-79.2
24482 38.2,-79
24483 37.8,-79.2
24484 38.2,-79.8
24485 38.3,-79.3
24486 38.3,-78.9
24487 38.2,-79.6
24501 37.4,-79.1
24502 37.4,-79.2
24503 37.5,-79.2
24504 37.4,-79
24515 37.4,-79.2
24517 37.1,-79.2
24520 36.6,-79
24521 37.6,-79.1
24522 37.4,-78.8
24523 37.3,-79.5
24526 37.6,-79.4
24527 36.7,-79.3
24528 37.1,-78.9
24529 36.6,-78.6
24530 36.8,-79.6
24531 36.8,-79.4
24534 36.9,-78.8
24536 37.5,-79.3
24538 37.4,-79
24539 36.8,-78.9
24540 36.6,-79.4
24541 36.6,-79.5
24549 36.7,-79.5
24550 37.2,-79.3
24551 37.4,-79.3
24553 37.5,-78.8
24554 37.1,-79.1
24555 37.7,-79.5
24556 37.4,-79.4
24557 37,-79.3
24558 36.8,-79
24562 37.7,-78.6
24563 37.1,-79.3
24565 36.9,-79.2
24566 36.7,-79.3
24569 37,-79.1
24570 37.3,-79.4
24571 37.1,-79.4
24572 37.5,-79.1
24574 37.6,-79.2
24577 36.9,-79
24578 37.7,-79.6
24579 37.6,-79.5
24580 36.6,-78.7
24581 37.7,-78.8
24586 36.6,-79.3
24588 37.3,-79.1
24589 36.8,-78.8
24590 37.8,-78.5
24592 36.7,-79
24593 37.3,-78.9
24594 36.6,-79.2
24595 37.6,-79.1
24597 36.8,-79.1
24598 36.6,-78.8
24599 37.6,-78.7
24601 37.2,-81.6
24602 37.2,-81.7
24603 37.3,-82.2
24604 37.2,-81.5
24605 37.2,-81.4
24606 37.3,-81.4
24607 37.3,-82.3
24609 37,-81.8
24612 37.1,-81.8
24613 37.3,-81.3
24614 37.3,-82.1
24620 37.4,-82
24622 37.2,-81.8
24630 37.2,-81.5
24631 37.2,-82
24634 37.3,-81.9
24635 37.3,-81.3
24637 37.1,-81.7
24639 37.2,-81.9
24641 37.1,-81.8
24646 37.1,-82
24649 37.1,-81.9
24651 37.1,-81.5
24656 37.2,-82.1
24657 37.2,-81.8
24701 37.3,-81.2
24712 37.5,-81
24714 37.5,-81.2
24715 37.3,-81.3
24716 37.5,-81.4
24719 37.5,-81.3
24724 37.3,-81.3
24726 37.5,-81.3
24729 37.4,-81.3
24731 37.4,-81.2
24733 37.5,-81.2
24736 37.4,-81.3
24737 37.4,-81.3
24738 37.3,-81.3
24739 37.4,-81
24740 37.4,-81.1
24747 37.4,-81.2
24801 37.5,-81.6
24808 37.3,-81.4
24811 37.4,-81.7
24813 37.4,-81.7
24815 37.2,-81.6
24816 37.5,-81.7
24817 37.3,-81.8
24818 37.6,-81.6
24822 37.6,-81.7
24823 37.7,-81.8
24826 37.3,-81.6
24827 37.8,-81.6
24828 37.5,-81.7
24830 37.3,-81.6
24831 37.4,-81.5
24834 37.5,-81.7
24836 37.4,-81.6
24839 37.6,-81.8
24843 37.5,-81.7
24844 37.5,-81.8
24845 37.5,-81.8
24846 37.5,-81.9
24847 37.6,-81.4
24848 37.3,-81.4
24849 37.7,-81.6
24850 37.4,-81.9
24851 37.6,-81.8
24853 37.4,-81.5
24854 37.7,-81.6
24855 37.4,-81.4
24857 37.7,-81.7
24860 37.7,-81.6
24861 37.4,-81.4
24862 37.5,-82
24866 37.3,-81.6
24867 37.6,-81.5
24868 37.4,-81.4
24869 37.6,-81.8
24870 37.7,-81.5
24871 37.3,-81.5
24872 37.4,-81.9
24873 37.4,-81.9
24874 37.6,-81.5
24878 37.4,-81.6
24879 37.3,-81.8
24880 37.6,-81.5
24881 37.4,-81.7
24882 37.6,-81.8
24884 37.3,-81.6
24887 37.4,-81.4
24888 37.4,-81.5
24892 37.3,-81.7
24894 37.2,-81.7
24895 37.4,-81.6
24898 37.6,-81.6
24901 37.9,-80.5
24910 37.7,-80.7
24915 38.5,-79.8
24916 37.8,-80.6
24918 37.5,-80.7
24920 38.6,-79.7
24924 38.2,-80.2
24925 37.7,-80.4
24927 38.3,-80
24931 37.9,-80.6
24934 38.3,-79.9
24935 37.6,-80.8
24938 37.9,-80.4
24941 37.6,-80.4
24943 37.8,-80.7
24944 38.4,-79.8
24945 37.5,-80.7
24946 38.2,-80.3
24951 37.5,-80.6
24954 38.2,-80.1
24957 37.9,-80.4
24962 37.7,-80.7
24963 37.4,-80.8
24966 38.1,-80.4
24970 37.7,-80.5
24974 37.6,-80.4
24976 37.7,-80.5
24977 37.9,-80.7
24981 37.6,-80.7
24983 37.6,-80.5
24984 37.5,-80.4
24985 37.6,-80.7
24986 37.9,-80.1
24991 38,-80.5
24993 37.7,-80.6
25002 38.1,-81.3
25003 38.2,-81.8
25005 38.6,-81.3
25007 37.8,-81.4
25008 37.9,-81.3
25009 38.2,-81.7
25011 38.5,-81.8
25015 38.2,-81.5
25019 38.4,-81.1
25021 37.9,-81.7
25022 37.8,-81.8
25024 38.2,-81.6
25025 38.3,-81.4
25028 37.9,-81.7
25030 38.5,-81.2
25031 38.1,-81.3
25033 38.6,-81.9
25035 38.2,-81.5
25036 38.2,-81.3
25039 38.2,-81.4
25040 38.1,-81.2
25043 38.4,-81
25044 37.9,-81.3
25045 38.4,-81.3
25047 37.9,-81.8
25048 37.9,-81.4
25049 38.1,-81.6
25051 38.2,-81.7
25053 38,-81.9
25054 38.1,-81.5
25057 38.1,-81.2
25059 38.2,-81.2
25060 38,-81.5
25061 38.2,-81.4
25062 37.9,-81.4
25063 38.6,-80.9
25064 38.4,-81.7
25067 38.2,-81.4
25070 38.5,-81.9
25071 38.5,-81.5
25075 38.1,-81.4
25076 37.9,-81.9
25081 38.1,-81.8
25082 38.6,-82
25083 38.1,-81.4
25085 38.2,-81.2
25086 38.2,-81.4
25088 38.4,-81.2
25090 38.2,-81.2
25093 38,-81.6
25102 38.2,-81.4
25103 38.2,-81.4
25106 38.8,-82.1
25107 38.2,-81.7
25108 38,-81.9
25109 38.5,-81.9
25110 38.2,-81.3
25111 38.4,-81.1
25112 38.4,-81.8
25113 38.6,-81
25114 38,-81.8
25115 38.1,-81.2
25118 38.1,-81.3
25119 38,-81.3
25121 37.9,-81.9
25123 38.7,-81.9
25124 38.6,-81.8
25125 38.3,-81.2
25126 38.2,-81.4
25130 38,-81.8
25132 38.3,-81.3
25133 38.5,-81.1
25134 38.1,-81.5
25136 38.2,-81.3
25139 38.1,-81.3
25140 37.8,-81.5
25141 38.6,-81
25142 38.1,-81.7
25143 38.4,-81.8
25148 38,-81.5
25149 37.9,-81.8
25152 38,-81.2
25154 38.1,-81.7
25156 38.4,-81.5
25159 38.5,-81.8
25160 38.3,-81.3
25161 38.1,-81.3
25162 38.2,-81.4
25164 38.5,-81.2
25165 38.2,-81.7
25168 38.6,-81.9
25169 38.1,-81.8
25173 38.1,-81.2
25174 37.9,-81.4
25177 38.4,-81.9
25180 37.8,-81.4
25181 38,-81.6
25183 37.9,-81.8
25185 38.2,-81.2
25186 38.2,-81.3
25187 38.7,-82
25193 38,-81.6
25201 38.3,-81.5
25202 38.3,-81.9
25203 38,-81.9
25204 37.9,-81.6
25205 38,-81.8
25206 38,-81.7
25208 37.8,-81.6
25209 38,-81.5
25211 38.5,-80.9
25213 38.5,-81.9
25214 38.2,-81.5
25231 38.6,-81.6
25234 38.8,-81.1
25235 38.7,-81.1
25239 38.9,-81.8
25241 38.8,-81.8
25243 38.7,-81.5
25244 38.8,-81.5
25245 38.7,-81.7
25247 39,-82
25248 38.6,-81.6
25251 38.6,-81.2
25252 38.9,-81.5
25253 38.9,-82
25259 38.7,-81.2
25260 39,-82
25261 38.8,-81.1
25262 38.9,-81.8
25264 38.9,-81.9
25265 39,-82
25266 38.6,-81.2
25267 38.9,-81
25268 38.7,-81.1
25270 38.9,-81.5
25271 38.8,-81.7
25275 38.9,-81.6
25276 38.8,-81.3
25285 38.5,-81.1
25286 38.6,-81.4
25287 39,-82.1
25301 38.4,-81.6
25302 38.4,-81.6
25303 38.4,-81.7
25304 38.3,-81.6
25305 38.3,-81.6
25306 38.3,-81.5
25309 38.3,-81.8
25311 38.4,-81.6
25312 38.5,-81.6
25313 38.4,-81.7
25314 38.3,-81.7
25315 38.2,-81.6
25320 38.5,-81.6
25387 38.4,-81.7
25401 39.5,-78
25403 39.5,-78
25404 39.5,-77.9
25405 39.4,-78
25411 39.5,-78.2
25413 39.3,-78.1
25414 39.2,-77.9
25419 39.6,-77.9
25420 39.4,-78.1
25421 39.4,-78.2
25422 39.5,-78.4
25425 39.3,-77.8
25427 39.5,-78.1
25428 39.4,-78
25430 39.3,-77.9
25431 39.5,-78.6
25432 39.3,-77.8
25434 39.4,-78.5
25437 39.4,-78.6
25438 39.3,-77.9
25442 39.4,-77.8
25443 39.4,-77.8
25444 39.4,-78.5
25446 39.2,-78
25501 38.2,-82
25502 38.7,-82.1
25503 38.6,-82.1
25504 38.4,-82.3
25505 38,-82
25506 38.2,-82.2
25507 38.4,-82.5
25508 38,-82
25510 38.4,-82.1
25511 38.1,-82.3
25512 38.2,-82.3
25514 38.1,-82.5
25515 38.8,-82.1
25517 38.1,-82.5
25520 38.6,-82.2
25521 38.2,-82
25523 38.3,-82.1
25524 38,-82.1
25526 38.4,-82
25529 38.2,-81.8
25530 38.4,-82.6
25534 38.1,-82.3
25535 38.3,-82.4
25537 38.5,-82.3
25540 38.2,-82.1
25541 38.5,-82.1
25544 38.2,-82.1
25545 38.5,-82.2
25547 37.9,-81.9
25550 38.9,-82.1
25555 38.2,-82.5
25557 38.1,-82.2
25559 38.3,-82.2
25560 38.4,-81.9
25564 38.3,-81.9
25565 38.1,-82
25567 38.2,-81.9
25570 38.2,-82.4
25571 38.3,-82.2
25573 38.2,-81.9
25601 37.9,-82
25606 37.8,-81.8
25607 37.8,-81.8
25608 37.6,-81.9
25611 37.7,-81.9
25612 37.8,-82
25617 37.7,-81.8
25621 37.6,-81.9
25624 37.9,-82
25625 37.8,-82.1
25628 37.8,-81.9
25630 37.8,-81.7
25632 37.7,-81.9
25634 37.7,-81.8
25635 37.7,-81.9
25637 37.9,-82
25638 37.7,-82.1
25639 37.9,-82
25644 37.7,-82
25646 37.8,-81.9
25647 37.8,-82
25649 37.9,-82.1
25650 37.7,-81.8
25651 37.6,-82
25652 37.8,-82
25653 37.8,-82
25654 37.8,-81.9
25661 37.7,-82.3
25666 37.9,-82.3
25667 37.7,-82.3
25669 37.9,-82.5
25670 37.7,-82.2
25671 37.9,-82.2
25672 37.6,-82.1
25674 37.9,-82.3
25676 37.8,-82.2
25678 37.6,-82.1
25685 37.8,-82.3
25688 37.6,-82.2
25690 37.7,-82.2
25692 37.6,-82.1
25696 37.7,-82.1
25699 38,-82.3
25701 38.4,-82.4
25702 38.4,-82.3
25703 38.4,-82.4
25704 38.3,-82.5
25705 38.4,-82.4
25755 38.4,-82.4
25801 37.8,-81.3
25810 37.6,-81.3
25811 37.6,-81.3
25812 38.1,-81.1
25813 37.8,-81.1
25817 37.8,-81.4
25818 37.9,-81.2
25820 37.5,-81.2
25823 37.7,-81.2
25825 37.6,-81.1
25826 37.6,-81.4
25827 37.7,-81.3
25831 38,-80.9
25832 37.7,-81.1
25836 37.8,-81.3
25837 38.1,-81
25839 37.8,-81.4
25840 38,-81.1
25841 37.6,-81.1
25843 37.6,-81.1
25844 37.8,-81.4
25845 37.7,-81.5
25846 37.9,-81.2
25848 37.7,-81.4
25849 37.7,-81.3
25851 37.8,-81.3
25853 37.6,-81.3
25854 38.1,-81
25855 37.9,-81.2
25857 37.6,-81.2
25862 38.1,-81
25864 37.9,-81
25865 37.7,-81.4
25866 38,-81.2
25868 38.1,-81
25870 37.6,-81.4
25871 37.8,-81.2
25873 37.8,-81.2
25875 37.7,-81.5
25876 37.6,-81.4
25878 37.7,-81.2
25879 38,-81.1
25880 37.9,-81.2
25882 37.6,-81.4
25901 37.9,-81.1
25902 37.6,-81.2
25904 37.9,-81.2
25907 37.9,-81.1
25908 37.7,-81.2
25909 37.8,-81.2
25911 37.8,-81.2
25913 37.7,-81.5
25915 37.6,-81.3
25916 37.7,-81.5
25917 38,-81.3
25918 37.7,-81
25920 37.7,-81.3
25921 37.7,-81.3
25922 37.5,-81.1
25928 37.5,-81.3
25932 37.8,-81.3
25936 37.9,-81
25938 38.2,-81
25942 38,-81
25943 37.6,-81.3
25951 37.7,-80.9
25958 38,-80.8
25962 38,-80.8
25966 37.8,-80.8
25969 37.6,-81
25971 37.5,-81
25972 38,-80.7
25976 37.8,-80.9
25977 37.8,-80.9
25978 37.6,-80.9
25979 37.5,-80.9
25981 38.1,-80.7
25984 38,-80.6
25985 37.8,-80.8
25986 37.9,-80.8
25989 37.7,-81
26003 40.1,-80.7
26030 40.2,-80.7
26031 40,-80.7
26032 40.2,-80.6
26033 39.8,-80.6
26034 40.6,-80.6
26035 40.3,-80.6
26036 40,-80.6
26037 40.3,-80.6
26038 40,-80.7
26039 39.8,-80.7
26040 40,-80.7
26041 39.9,-80.7
26047 40.5,-80.6
26050 40.6,-80.6
26055 39.8,-80.8
26056 40.5,-80.6
26058 40.2,-80.7
26059 40.1,-80.6
26060 40.1,-80.5
26062 40.4,-80.6
26070 40.3,-80.6
26074 40.2,-80.6
26075 40.2,-80.7
26101 39.2,-81.6
26104 39.3,-81.5
26105 39.3,-81.5
26133 39.1,-81.7
26134 39.4,-81.3
26136 39,-81.1
26137 39,-81
26138 39,-81.1
26141 38.9,-81.2
26142 39.2,-81.5
26143 39.1,-81.4
26146 39.5,-81
26147 38.9,-81.1
26148 39.1,-81.2
26149 39.5,-80.9
26150 39.1,-81.5
26151 38.9,-81.2
26152 39,-81.2
26155 39.6,-80.8
26159 39.6,-80.9
26160 39,-81.4
26161 39.2,-81.2
26162 39.6,-80.8
26164 39,-81.7
26167 39.5,-80.7
26169 39.1,-81.6
26170 39.4,-81.2
26175 39.5,-81
26178 39.1,-81
26180 39.2,-81.4
26181 39.2,-81.7
26184 39.3,-81.4
26187 39.4,-81.4
26201 39,-80.2
26202 38.2,-80.6
26203 38.5,-80.6
26205 38.3,-80.6
26206 38.3,-80.4
26208 38.3,-80.6
26209 38.4,-80.1
26210 38.9,-80.3
26215 38.7,-80.4
26217 38.6,-80.4
26218 38.8,-80.3
26222 38.7,-80.3
26224 38.7,-80.2
26228 38.8,-80.4
26230 38.6,-80.2
26234 38.8,-80.3
26236 38.7,-80.2
26237 38.8,-80.2
26238 39.1,-80.2
26241 38.9,-79.8
26250 39,-80
26253 38.8,-79.8
26254 39,-79.6
26257 38.9,-80
26259 38.8,-79.9
26260 39.1,-79.4
26261 38.2,-80.5
26263 39,-79.4
26264 38.6,-79.8
26266 38.4,-80.5
26267 38.9,-80.1
26268 38.7,-79.8
26269 39.1,-79.7
26270 38.8,-79.6
26271 39,-79.5
26273 38.6,-80
26275 39,-79.9
26276 39,-79.7
26278 38.8,-80
26280 38.7,-80
26282 38.5,-80.1
26283 39.1,-79.8
26285 38.9,-79.9
26287 39.2,-79.7
26288 38.5,-80.3
26289 39,-79.5
26291 38.4,-80.1
26292 39.1,-79.5
26293 38.8,-79.9
26294 38.5,-80
26296 38.8,-79.6
26298 38.5,-80.3
26301 39.3,-80.4
26320 39.4,-80.8
26321 39.1,-80.7
26323 39.3,-80.3
26325 39.1,-80.9
26327 39.1,-80.9
26330 39.3,-80.2
26335 38.8,-80.7
26337 39.2,-81.2
26338 39.1,-80.6
26339 39.4,-80.6
26342 39,-80.9
26343 38.8,-80.4
26346 39.3,-81.1
26347 39.3,-80.1
26348 39.5,-80.5
26349 39.2,-80.1
26351 38.9,-80.8
26354 39.4,-80
26361 39.4,-80.3
26362 39.2,-81.1
26366 39.4,-80.3
26369 39.3,-80.3
26372 39,-80.3
26374 39.5,-79.9
26376 38.8,-80.5
26377 39.5,-80.6
26378 39.1,-80.4
26384 39,-80.7
26385 39.2,-80.4
26386 39.4,-80.4
26404 39.3,-80.3
26405 39.2,-79.9
26408 39.2,-80.3
26410 39.4,-79.8
26411 39.2,-80.7
26412 38.9,-80.6
26415 39.3,-80.9
26416 39.2,-80
26419 39.6,-80.6
26421 39.2,-80.9
26422 39.3,-80.4
26424 39.3,-80.2
26425 39.3,-79.7
26426 39.3,-80.6
26430 38.9,-80.8
26431 39.4,-80.3
26435 39.3,-80.1
26436 39.3,-80.7
26437 39.5,-80.5
26438 39.3,-80.3
26440 39.3,-79.9
26443 39.1,-80.8
26444 39.4,-79.8
26447 38.9,-80.5
26448 39.4,-80.5
26451 39.2,-80.4
26452 39,-80.5
26456 39.3,-80.8
26463 39.4,-80.3
26501 39.6,-80
26505 39.7,-79.9
26506 39.6,-80
26508 39.6,-79.9
26519 39.6,-79.6
26520 39.5,-79.8
26521 39.7,-80.2
26524 39.5,-79.8
26525 39.7,-79.6
26534 39.6,-80
26537 39.5,-79.7
26541 39.7,-80.1
26542 39.6,-79.8
26543 39.7,-80
26544 39.7,-80.2
26546 39.7,-80
26547 39.5,-79.8
26554 39.5,-80.1
26559 39.5,-80.2
26560 39.5,-80.1
26562 39.6,-80.4
26563 39.5,-80.3
26568 39.4,-80.3
26570 39.6,-80.2
26571 39.5,-80.3
26572 39.5,-80.3
26574 39.6,-80.2
26575 39.7,-80.4
26576 39.5,-80.3
26581 39.7,-80.6
26582 39.5,-80.4
26585 39.6,-80.4
26586 39.5,-80.1
26587 39.5,-80.3
26588 39.6,-80.1
26590 39.7,-80.3
26591 39.5,-80.3
26601 38.6,-80.6
26610 38.5,-80.7
26611 38.9,-80.8
26615 38.8,-80.7
26617 38.5,-80.8
26619 38.8,-80.7
26621 38.7,-80.5
26623 38.7,-80.9
26624 38.7,-80.8
26627 38.8,-80.6
26629 38.6,-80.7
26631 38.8,-80.6
26636 38.7,-81
26638 38.8,-81
26651 38.3,-81
26656 38.3,-81.2
26660 38.4,-80.7
26662 38.3,-80.8
26667 38.2,-81
26671 38.3,-80.9
26676 38.2,-80.6
26678 38.2,-80.9
26679 38.2,-80.8
26680 38.1,-80.9
26681 38.2,-80.7
26684 38.2,-80.9
26690 38.2,-81.1
26691 38.4,-80.7
26704 39.3,-78.6
26705 39.3,-79.6
26707 39.2,-79.4
26710 39.3,-79
26711 39.3,-78.5
26714 39.2,-78.6
26716 39.3,-79.5
26717 39.3,-79.2
26719 39.5,-78.8
26720 39.3,-79.3
26722 39.5,-78.6
26726 39.4,-79
26731 39.1,-79.1
26739 39.2,-79.3
26743 39.3,-79.1
26750 39.5,-79
26753 39.6,-78.8
26755 39.2,-78.7
26757 39.3,-78.8
26761 39.3,-78.7
26763 39.5,-78.7
26764 39.4,-79.6
26767 39.6,-78.8
26801 39.1,-78.8
26802 38.7,-79.2
26804 38.7,-79.5
26807 38.6,-79.4
26808 39.2,-78.5
26810 39,-78.8
26812 38.9,-78.9
26814 38.8,-79.5
26815 38.5,-79.4
26817 39.4,-78.4
26818 39.1,-79
26823 39.1,-78.5
26833 39.1,-79.2
26836 39,-79
26838 38.8,-79.1
26845 39.2,-79
26847 39,-79.1
26851 39,-78.6
26852 39.2,-78.9
26855 39,-79.2
26865 39.2,-78.5
26866 38.8,-79.2
26884 38.8,-79.4
26886 38.9,-79.4
27006 35.9,-80.4
27007 36.4,-80.6
27009 36.2,-80.1
27011 36.2,-80.7
27012 36,-80.4
27013 35.8,-80.7
27014 35.8,-80.6
27016 36.4,-80.2
27017 36.4,-80.8
27018 36.2,-80.5
27019 36.3,-80.2
27020 36.1,-80.8
27021 36.3,-80.3
27022 36.5,-80.2
27023 36.1,-80.5
27024 36.5,-80.8
27025 36.4,-80
27027 36.4,-80
27028 35.9,-80.6
27030 36.5,-80.6
27040 36.2,-80.4
27041 36.4,-80.5
27042 36.4,-80.1
27043 36.3,-80.4
27045 36.2,-80.3
27046 36.5,-80.1
27047 36.3,-80.6
27048 36.5,-79.9
27050 36.2,-80.4
27051 36.2,-80.2
27052 36.3,-80.2
27053 36.5,-80.4
27054 35.8,-80.6
27055 36.1,-80.6
27101 36.1,-80.2
27103 36.1,-80.3
27104 36.1,-80.3
27105 36.2,-80.2
27106 36.1,-80.3
27107 36,-80.2
27109 36.1,-80.3
27110 36.1,-80.2
27127 36,-80.3
27201 36,-79.5
27202 36.2,-79.5
27203 35.7,-79.8
27205 35.6,-79.9
27207 35.6,-79.4
27208 35.6,-79.5
27209 35.3,-79.8
27212 36.5,-79.3
27213 35.6,-79.4
27214 36.2,-79.7
27215 36,-79.5
27217 36.2,-79.4
27229 35.2,-79.8
27231 36.2,-79.2
27233 35.9,-79.7
27235 36.1,-80
27239 35.6,-80.1
27242 35.3,-79.6
27243 36.1,-79.2
27244 36.2,-79.5
27247 35.5,-79.8
27248 35.8,-79.7
27249 36.2,-79.6
27252 35.6,-79.4
27253 36,-79.3
27256 35.6,-79.3
27258 36.1,-79.4
27259 35.5,-79.5
27260 36,-80
27262 36,-80
27263 35.9,-79.9
27265 36,-80
27268 36,-80
27278 36.1,-79.1
27281 35.2,-79.6
27282 36,-79.9
27283 36,-79.6
27284 36.1,-80.1
27288 36.5,-79.8
27291 36.4,-79.2
27292 35.7,-80.2
27295 35.9,-80.3
27298 35.9,-79.6
27299 35.8,-80.4
27301 36.1,-79.7
27302 36.1,-79.3
27305 36.5,-79.2
27306 35.2,-80
27310 36.2,-80
27311 36.5,-79.5
27312 35.8,-79.2
27313 35.9,-79.8
27314 36.3,-79.2
27315 36.5,-79.4
27316 35.7,-79.6
27317 35.8,-79.8
27320 36.3,-79.7
27325 35.5,-79.6
27326 36.5,-79.6
27330 35.5,-79.2
27332 35.4,-79.1
27340 35.9,-79.3
27341 35.5,-79.7
27342 36.1,-79.6
27343 36.5,-79.1
27344 35.7,-79.4
27349 35.9,-79.4
27350 35.8,-79.9
27351 35.7,-80.3
27355 35.8,-79.6
27356 35.4,-79.8
27357 36.3,-80
27358 36.2,-79.9
27360 35.9,-80.1
27370 35.8,-80
27371 35.4,-79.9
27374 35.9,-80.3
27376 35.3,-79.5
27377 36,-79.6
27379 36.4,-79.3
27401 36.1,-79.8
27403 36.1,-79.8
27405 36.1,-79.7
27406 36,-79.8
27407 36,-79.9
27408 36.1,-79.8
27409 36.1,-80
27410 36.1,-79.9
27411 36.1,-79.8
27412 36.1,-79.8
27455 36.2,-79.8
27501 35.5,-78.7
27502 35.7,-78.9
27503 36.2,-78.9
27504 35.4,-78.5
27505 35.4,-79
27506 35.4,-78.7
27507 36.5,-78.6
27508 36,-78.3
27509 36.1,-78.8
27510 35.9,-79.1
27511 35.8,-78.8
27513 35.8,-78.8
27514 36,-79.1
27516 35.9,-79.2
27517 35.8,-79
27518 35.7,-78.8
27519 35.8,-78.9
27520 35.6,-78.5
27521 35.4,-78.7
27522 36.1,-78.7
27523 35.8,-79
27524 35.4,-78.4
27525 36.1,-78.5
27526 35.5,-78.8
27527 35.7,-78.4
27529 35.6,-78.6
27530 35.4,-78.1
27531 35.3,-78
27533 35.4,-78
27534 35.4,-77.9
27536 36.3,-78.4
27537 36.4,-78.4
27539 35.7,-78.8
27540 35.6,-78.9
27541 36.3,-79.1
27542 35.6,-78.1
27544 36.2,-78.4
27545 35.8,-78.5
27546 35.4,-78.9
27549 36.1,-78.3
27551 36.4,-78.1
27553 36.5,-78.3
27555 35.6,-78.2
27556 36.4,-78.3
27557 35.8,-78.2
27559 35.6,-79.1
27560 35.9,-78.8
27562 35.6,-79
27563 36.4,-78.2
27565 36.4,-78.6
27568 35.5,-78.2
27569 35.4,-78.2
27570 36.4,-78.2
27571 35.9,-78.5
27572 36.3,-78.9
27573 36.4,-79
27574 36.5,-78.8
27576 35.6,-78.3
27577 35.5,-78.3
27581 36.2,-78.7
27582 36.4,-78.6
27583 36.3,-78.9
27584 36.5,-78.4
27587 36,-78.6
27589 36.3,-78.1
27591 35.8,-78.4
27592 35.6,-78.7
27593 35.6,-78.4
27594 36.5,-78.2
27596 36,-78.4
27597 35.8,-78.3
27599 35.9,-79.1
27601 35.8,-78.6
27603 35.7,-78.7
27604 35.8,-78.6
27605 35.8,-78.7
27606 35.7,-78.7
27607 35.8,-78.7
27608 35.8,-78.6
27609 35.8,-78.6
27610 35.7,-78.5
27612 35.9,-78.7
27613 35.9,-78.7
27614 35.9,-78.6
27615 35.9,-78.6
27616 35.9,-78.5
27617 35.9,-78.8
27695 35.8,-78.7
27697 35.8,-78.6
27701 36,-78.9
27703 36,-78.8
27704 36,-78.8
27705 36,-79
27707 36,-79
27708 36,-78.9
27709 35.9,-78.9
27712 36.1,-78.9
27713 35.9,-78.9
27801 35.9,-77.7
27803 35.9,-77.8
27804 36,-77.8
27805 36.2,-77.1
27806 35.3,-76.8
27807 35.8,-78.1
27808 35.5,-76.8
27809 36,-77.7
27810 35.5,-76.5
27812 35.8,-77.4
27813 35.6,-77.9
27814 35.4,-76.9
27815 35.9,-77.7
27816 36.1,-78.1
27817 35.5,-77.1
27818 36.5,-77
27819 35.8,-77.5
27820 36.4,-77.2
27821 35.3,-76.9
27822 35.8,-77.8
27823 36.2,-77.7
27824 35.6,-76
27825 35.8,-77.2
27826 35.6,-76.2
27827 35.7,-77.5
27828 35.6,-77.6
27829 35.7,-77.6
27830 35.6,-78
27831 36.5,-77.6
27832 36.5,-77.7
27834 35.7,-77.4
27837 35.5,-77.2
27839 36.3,-77.6
27840 35.9,-77.2
27841 35.9,-77.3
27842 36.5,-77.9
27843 36,-77.4
27844 36.2,-77.9
27845 36.4,-77.4
27846 35.8,-76.9
27847 36.2,-77.2
27849 36.1,-77.2
27850 36.4,-77.9
27851 35.6,-78
27852 35.8,-77.6
27853 36.5,-77.3
27855 36.4,-77.1
27856 36,-78
27857 36,-77.3
27858 35.5,-77.3
27860 35.7,-76.6
27861 35.8,-77.3
27862 36.5,-77.2
27863 35.5,-78
27864 35.8,-77.6
27865 35.7,-76.9
27866 36.5,-77.5
27869 36.3,-77.3
27870 36.4,-77.7
27871 35.8,-77.3
27872 36.2,-77.2
27873 35.7,-77.8
27874 36.1,-77.4
27875 35.5,-76.5
27876 36.5,-77.4
27877 36.5,-77.2
27878 35.9,-77.8
27879 35.6,-77.3
27880 35.7,-78.1
27881 36,-77.4
27882 35.9,-78.1
27883 35.6,-77.8
27884 35.7,-77.3
27885 35.4,-76.2
27886 35.9,-77.5
27888 35.6,-77.7
27889 35.6,-77
27890 36.4,-77.6
27891 36.1,-77.7
27892 35.8,-77.1
27893 35.7,-77.9
27896 35.8,-78
27897 36.3,-77.2
27909 36.3,-76.3
27910 36.3,-77
27915 35.3,-75.5
27916 36.3,-75.9
27917 36.4,-76
27919 36.3,-76.5
27920 35.3,-75.5
27921 36.3,-76.1
27922 36.3,-76.8
27923 36.4,-75.9
27924 36.2,-76.8
27925 35.8,-76.2
27926 36.5,-76.6
27927 36.3,-75.9
27928 35.8,-76.4
27929 36.4,-76
27932 36.1,-76.6
27935 36.4,-76.9
27936 35.2,-75.6
27937 36.5,-76.8
27938 36.4,-76.7
27939 36.2,-75.9
27941 36.1,-75.8
27942 36.3,-76.8
27943 35.2,-75.7
27944 36.2,-76.4
27946 36.4,-76.6
27947 36.2,-75.9
27948 36,-75.7
27949 36.1,-75.7
27950 36.5,-76
27953 35.8,-75.9
27954 35.9,-75.7
27956 36.4,-76
27957 36.1,-76.8
27958 36.5,-76.2
27959 35.9,-75.6
27960 35.1,-76
27962 35.8,-76.8
27964 36.1,-75.8
27965 36.3,-75.9
27966 36.1,-75.8
27967 36.2,-76.9
27968 35.7,-75.5
27969 36.5,-76.8
27970 35.9,-76.6
27972 35.6,-75.5
27973 36.4,-76.1
27974 36.2,-76
27976 36.5,-76.3
27978 35.7,-75.8
27979 36.4,-76.6
27980 36.2,-76.6
27981 35.9,-75.6
27982 35.6,-75.5
27983 36,-76.9
27985 36.2,-76.5
27986 36.4,-76.9
28001 35.3,-80.2
28006 35.4,-81.1
28007 35.1,-80.1
28009 35.4,-80.1
28012 35.2,-81
28016 35.3,-81.3
28017 35.2,-81.7
28018 35.5,-81.8
28019 35.3,-81.8
28020 35.5,-81.6
28021 35.4,-81.4
28023 35.6,-80.6
28024 35.2,-81.8
28025 35.4,-80.5
28027 35.4,-80.7
28031 35.5,-80.9
28032 35.2,-81.1
28033 35.4,-81.3
28034 35.4,-81.2
28036 35.5,-80.8
28037 35.5,-81
28039 35.7,-80.4
28040 35.4,-81.8
28041 35.6,-80.5
28042 35.4,-81.5
28043 35.3,-81.9
28052 35.2,-81.2
28054 35.3,-81.2
28056 35.2,-81.1
28071 35.5,-80.3
28072 35.6,-80.4
28073 35.2,-81.5
28074 35.2,-81.9
28075 35.3,-80.6
28076 35.3,-81.8
28077 35.4,-81.2
28078 35.4,-80.9
28079 35.1,-80.6
28080 35.5,-81.1
28081 35.5,-80.7
28083 35.5,-80.6
28086 35.2,-81.4
28088 35.5,-80.6
28089 35.3,-81.7
28090 35.5,-81.6
28091 35,-79.9
28092 35.5,-81.3
28097 35.3,-80.4
28098 35.3,-81.1
28101 35.3,-81.1
28102 34.8,-80
28103 35,-80.4
28104 35.1,-80.7
28105 35.1,-80.7
28107 35.3,-80.5
28108 34.9,-80.7
28109 35.5,-80.3
28110 35.1,-80.5
28112 34.9,-80.5
28114 35.2,-81.7
28115 35.6,-80.8
28117 35.6,-80.9
28119 34.8,-80
28120 35.3,-81
28124 35.4,-80.4
28125 35.7,-80.7
28127 35.5,-80.2
28128 35.2,-80.2
28129 35.2,-80.3
28133 34.8,-80.3
28134 35.1,-80.9
28135 35,-80.2
28136 35.4,-81.6
28137 35.5,-80.3
28138 35.5,-80.4
28139 35.3,-82
28144 35.7,-80.5
28146 35.6,-80.4
28147 35.7,-80.6
28150 35.3,-81.6
28152 35.2,-81.6
28159 35.7,-80.4
28160 35.4,-81.9
28163 35.2,-80.4
28164 35.4,-81
28166 35.7,-80.9
28167 35.5,-82
28168 35.6,-81.4
28169 35.4,-81.4
28170 35,-80.1
28173 34.9,-80.7
28174 35,-80.4
28202 35.2,-80.8
28203 35.2,-80.9
28204 35.2,-80.8
28205 35.2,-80.8
28206 35.3,-80.8
28207 35.2,-80.8
28208 35.2,-80.9
28209 35.2,-80.9
28210 35.1,-80.9
28211 35.2,-80.8
28212 35.2,-80.7
28213 35.3,-80.7
28214 35.3,-81
28215 35.2,-80.7
28216 35.3,-80.9
28217 35.2,-80.9
28223 35.3,-80.7
28226 35.1,-80.8
28227 35.2,-80.6
28244 35.2,-80.8
28262 35.3,-80.7
28269 35.3,-80.8
28270 35.1,-80.8
28273 35.1,-80.9
28274 35.2,-80.8
28277 35,-80.8
28278 35.1,-81
28280 35.2,-80.8
28282 35.2,-80.8
28301 35.1,-78.9
28303 35.1,-79
28304 35,-79
28305 35.1,-78.9
28306 35,-78.9
28307 35.1,-79
28308 35.2,-79
28310 35.1,-79
28311 35.2,-78.9
28312 34.9,-78.7
28314 35.1,-79
28315 35.1,-79.4
28318 35,-78.6
28320 34.6,-78.8
28323 35.3,-78.8
28325 35.2,-78.1
28326 35.3,-79.2
28327 35.4,-79.4
28328 35,-78.3
28330 34.9,-79.8
28331 35.2,-78.6
28332 34.7,-78.7
28333 35.3,-78
28334 35.3,-78.6
28337 34.7,-78.6
28338 35.1,-79.7
28339 35.3,-78.7
28340 34.5,-79.1
28341 35.1,-78.2
28342 35.2,-78.7
28343 34.8,-79.6
28344 35.2,-78.6
28345 34.9,-79.7
28347 35.1,-79.6
28348 34.9,-78.9
28349 35,-77.9
28350 35.2,-79.3
28351 34.8,-79.6
28352 34.8,-79.5
28355 35.4,-79.2
28356 35.2,-78.8
28357 34.9,-79.1
28358 34.6,-78.9
28359 34.6,-79.1
28360 34.7,-79.1
28362 34.4,-79.1
28363 34.9,-79.5
28364 34.7,-79.3
28365 35.2,-78.1
28366 35.2,-78.4
28367 35.2,-79.7
28368 35.4,-79.1
28369 34.4,-79
28371 34.9,-79
28372 34.7,-79.2
28373 35.1,-79.5
28374 35.2,-79.5
28375 34.5,-79
28376 35,-79.2
28377 34.8,-79.2
28378 34.9,-79.1
28379 34.9,-79.8
28382 34.9,-78.6
28383 34.6,-79.3
28384 34.8,-78.9
28385 35,-78.5
28386 34.9,-79.1
28387 35.2,-79.4
28390 35.2,-79
28391 35,-78.7
28392 34.7,-78.8
28393 35,-78.2
28394 35.2,-79.2
28395 35.1,-78.7
28396 35,-79.4
28398 35,-78.1
28399 34.8,-78.7
28401 34.3,-78
28403 34.2,-77.9
28405 34.3,-77.9
28409 34.2,-77.9
28411 34.3,-77.8
28412 34.1,-77.9
28420 34.1,-78.5
28421 34.5,-78.2
28422 34,-78.2
28423 34.3,-78.4
28424 34.3,-78.7
28425 34.6,-77.9
28428 34,-77.9
28429 34.3,-77.9
28430 34.3,-78.9
28431 34.3,-78.8
28432 34.2,-78.8
28433 34.5,-78.6
28434 34.5,-78.5
28435 34.4,-78.1
28436 34.2,-78.3
28438 34.4,-78.9
28439 34.3,-79
28441 34.8,-78.4
28442 34.3,-78.6
28443 34.5,-77.7
28444 34.7,-78.3
28445 34.5,-77.5
28447 34.6,-78.3
28448 34.5,-78.4
28449 34,-77.9
28450 34.3,-78.5
28451 34.2,-78.1
28452 34,-78.6
28453 34.9,-78.1
28454 34.7,-77.7
28455 34.1,-78.6
28456 34.4,-78.3
28457 34.5,-77.9
28458 34.8,-78.1
28460 34.5,-77.4
28461 34,-78.1
28462 34,-78.3
28463 34.1,-78.8
28464 34.8,-78
28465 33.9,-78.1
28466 34.7,-77.9
28467 33.9,-78.6
28468 33.9,-78.5
28469 33.9,-78.5
28470 34,-78.4
28472 34.3,-78.7
28478 34.6,-78
28479 34.1,-78
28480 34.2,-77.8
28501 35.2,-77.5
28504 35.2,-77.6
28508 35.1,-77.8
28509 35.1,-76.8
28510 35,-76.8
28511 34.9,-76.3
28512 34.7,-76.8
28513 35.4,-77.4
28515 35.2,-76.7
28516 34.9,-76.6
28518 34.9,-77.7
28519 35.1,-77
28520 35,-76.5
28521 34.8,-77.7
28523 35.2,-77.3
28524 34.8,-76.5
28525 35.1,-77.7
28526 35.2,-77.4
28527 35.3,-77
28528 34.7,-76.5
28529 35.1,-76.9
28530 35.4,-77.4
28531 34.7,-76.6
28532 34.9,-76.9
28533 34.9,-76.9
28537 35.3,-76.6
28538 35.4,-77.6
28539 34.7,-77.2
28540 34.7,-77.5
28542 34.7,-77.5
28543 34.7,-77.4
28544 34.7,-77.3
28546 34.8,-77.4
28547 34.6,-77.3
28551 35.3,-77.8
28552 35.3,-76.6
28553 34.7,-76.5
28554 35.5,-77.6
28555 34.9,-77.2
28556 35.1,-76.6
28557 34.7,-76.8
28560 35.1,-77
28562 35.1,-77.1
28570 34.8,-76.9
28571 35,-76.7
28572 35,-77.7
28573 35,-77.2
28574 34.9,-77.6
28575 34.7,-76.9
28577 34.9,-76.4
28578 35.2,-77.9
28579 34.8,-76.5
28580 35.5,-77.7
28581 34.8,-76.4
28582 34.8,-77.1
28584 34.7,-77.1
28585 35,-77.4
28586 35.3,-77.2
28587 35.2,-76.7
28589 34.8,-76.5
28590 35.5,-77.4
28594 34.7,-77
28601 35.8,-81.3
28602 35.7,-81.4
28604 36.2,-81.9
28605 36.1,-81.7
28606 36.1,-81.3
28607 36.2,-81.6
28609 35.7,-81.1
28610 35.7,-81.1
28611 36,-81.7
28612 35.7,-81.5
28613 35.7,-81.2
28615 36.5,-81.7
28616 36,-81.9
28617 36.5,-81.4
28618 36.2,-81.5
28619 35.8,-81.6
28621 36.3,-80.8
28622 36.2,-81.9
28623 36.5,-81
28624 36.1,-81.4
28625 35.9,-80.9
28626 36.3,-81.5
28627 36.5,-81
28628 35.7,-81.8
28629 36.3,-81.4
28630 35.8,-81.4
28631 36.5,-81.4
28634 36,-80.8
28635 36.3,-81.1
28636 35.9,-81.1
28637 35.7,-81.4
28638 35.8,-81.5
28640 36.4,-81.4
28641 36,-81.9
28642 36.2,-80.8
28643 36.5,-81.5
28644 36.4,-81.3
28645 36,-81.5
28646 36.1,-81.8
28649 36.3,-81.2
28650 35.6,-81.2
28651 36.3,-81.3
28652 36.1,-82
28653 36.1,-81.9
28654 36.1,-81.2
28655 35.8,-81.7
28657 36,-81.9
28658 35.6,-81.2
28659 36.2,-81.1
28660 36,-80.9
28662 36,-81.9
28663 36.5,-81.3
28664 36,-82
28665 36.2,-81.4
28666 35.7,-81.5
28667 35.8,-81.4
28668 36.4,-81
28669 36.2,-81
28670 36.2,-80.9
28671 35.8,-81.5
28672 36.5,-81.3
28673 35.6,-81
28675 36.5,-81.1
28676 36.3,-80.9
28677 35.7,-80.9
28678 35.8,-81.1
28679 36.3,-81.8
28681 35.9,-81.2
28682 35.6,-81
28683 36.4,-80.9
28684 36.3,-81.6
28685 36.3,-81
28689 36,-80.9
28690 35.7,-81.6
28692 36.3,-81.8
28693 36.5,-81.6
28694 36.4,-81.5
28697 36.1,-81.2
28698 36.3,-81.8
28701 35.7,-82.6
28702 35.4,-83.6
28704 35.5,-82.6
28705 36,-82.2
28707 35.4,-83.1
28708 35.3,-82.9
28709 35.8,-82.4
28710 35.5,-82.3
28711 35.6,-82.3
28712 35.2,-82.8
28713 35.4,-83.5
28714 35.9,-82.3
28715 35.5,-82.7
28716 35.4,-82.8
28717 35,-83.1
28718 35.2,-82.6
28719 35.5,-83.5
28720 35.4,-82.3
28721 35.6,-82.9
28722 35.2,-82.1
28723 35.3,-83
28725 35.4,-83.3
28726 35.3,-82.4
28729 35.3,-82.6
28730 35.5,-82.4
28731 35.3,-82.4
28732 35.5,-82.4
28733 35.4,-83.8
28734 35.2,-83.4
28735 35.5,-82.3
28736 35.2,-83.1
28739 35.3,-82.5
28740 36,-82.3
28741 35.1,-83.2
28742 35.4,-82.7
28743 35.8,-82.9
28745 35.5,-83
28746 35.5,-82.2
28747 35.1,-82.9
28748 35.7,-82.8
28749 35.8,-82.1
28751 35.5,-83.1
28752 35.7,-82
28753 35.9,-82.7
28754 35.9,-82.5
28755 35.9,-82.2
28756 35.4,-82.2
28757 35.6,-82.3
28758 35.4,-82.5
28759 35.4,-82.6
28761 35.7,-81.9
28762 35.6,-82.2
28763 35,-83.5
28766 35.2,-82.6
28768 35.3,-82.7
28770 35.6,-82.3
28771 35.3,-83.9
28772 35.1,-82.8
28773 35.3,-82.3
28774 35.1,-83
28775 35,-83.3
28777 35.9,-82.1
28778 35.6,-82.4
28779 35.4,-83.2
28781 35.2,-83.6
28782 35.2,-82.1
28783 35.2,-83
28785 35.7,-83.1
28786 35.5,-83
28787 35.7,-82.5
28788 35.4,-83.2
28789 35.4,-83.3
28790 35.2,-82.5
28791 35.4,-82.5
28792 35.4,-82.4
28801 35.6,-82.6
28803 35.5,-82.5
28804 35.6,-82.6
28805 35.6,-82.5
28806 35.6,-82.6
28901 35.2,-83.8
28902 35,-84
28904 35.1,-83.7
28905 35.2,-83.9
28906 35.1,-84.1
28909 35,-83.9
29001 33.8,-80.2
29003 33.2,-81
29006 33.9,-81.6
29009 34.4,-80.4
29010 34.2,-80.3
29014 34.5,-81.1
29015 34.4,-81.3
29016 34.2,-81
29018 33.3,-80.6
29020 34.3,-80.6
29030 33.6,-80.6
29031 34.6,-81.4
29032 34.3,-80.4
29033 34,-81.1
29036 34.1,-81.3
29037 34.2,-81.9
29038 33.4,-81
29039 33.4,-80.9
29040 34.1,-80.4
29042 33.3,-81.1
29044 33.9,-80.7
29045 34.2,-80.8
29046 34.1,-80.2
29047 33.5,-80.6
29048 33.4,-80.3
29051 33.9,-80.1
29052 33.8,-80.7
29053 33.8,-81.1
29054 33.9,-81.4
29055 34.6,-80.9
29056 33.6,-80
29058 34.6,-80.7
29059 33.3,-80.4
29061 33.9,-80.9
29062 34,-80.6
29063 34.1,-81.2
29065 34.3,-81.3
29067 34.5,-80.5
29069 34.2,-80.1
29070 33.9,-81.4
29072 34,-81.3
29073 33.9,-81.2
29074 34.4,-80.8
29075 34.2,-81.4
29078 34.2,-80.7
29079 34.3,-80.1
29080 34,-80.1
29081 33.1,-81
29082 33,-80.9
29101 34.5,-80.2
29102 33.7,-80.2
29104 34,-80.2
29105 33.8,-81.6
29107 33.5,-81.1
29108 34.3,-81.6
29111 33.8,-80
29112 33.6,-81.1
29113 33.4,-81.1
29114 34,-79.9
29115 33.5,-80.8
29117 33.5,-80.9
29118 33.6,-80.9
29122 34.2,-81.3
29123 33.8,-81.3
29125 33.7,-80.5
29126 34.3,-81.4
29127 34.2,-81.5
29128 34.1,-80.5
29129 33.8,-81.7
29130 34.3,-80.9
29133 33.4,-80.8
29135 33.7,-80.8
29137 33.6,-81.3
29138 34,-81.8
29142 33.5,-80.5
29145 34.2,-81.8
29146 33.5,-81.3
29148 33.5,-80.3
29150 33.8,-80.3
29152 34,-80.5
29153 34,-80.3
29154 33.8,-80.4
29160 33.7,-81
29161 34.1,-79.9
29162 33.9,-80
29163 33.4,-80.4
29164 33.7,-81.4
29166 33.9,-81.7
29168 33.8,-80.5
29169 34,-81.1
29170 33.9,-81.1
29172 33.9,-81.1
29175 34.4,-80.6
29177 34.1,-81.3
29178 34.5,-81.6
29180 34.4,-81.1
29201 34,-81
29203 34.1,-81
29204 34,-81
29205 34,-81
29206 34,-81
29207 34,-80.8
29208 34,-81
29209 33.9,-81
29210 34,-81.1
29212 34.1,-81.2
29223 34.1,-80.9
29225 34,-81
29229 34.1,-80.9
29301 34.9,-82
29302 34.9,-81.8
29303 35,-82
29306 34.9,-81.9
29307 35,-81.8
29316 35,-82
29320 35,-82
29321 34.7,-81.7
29322 35.1,-82.1
29323 35.1,-81.9
29324 35,-81.8
29325 34.5,-81.8
29329 35,-81.8
29330 35.1,-81.8
29331 34.6,-81.9
29332 34.3,-82
29333 35,-81.9
29334 34.9,-82.1
29335 34.7,-81.9
29338 35.1,-82
29340 35,-81.6
29341 35.1,-81.7
29346 34.9,-81.8
29349 35.1,-82.1
29351 34.4,-81.8
29353 34.8,-81.6
29355 34.4,-81.7
29356 35.1,-82.3
29360 34.5,-82
29364 34.8,-81.5
29365 35,-82.2
29368 35.1,-81.9
29369 34.9,-82
29370 34.4,-82
29372 34.9,-81.7
29373 34.9,-81.7
29374 34.8,-81.8
29375 34.9,-82.1
29376 34.8,-81.9
29377 34.9,-82.1
29378 35,-82
29379 34.7,-81.6
29384 34.3,-82.1
29385 35,-82.1
29388 34.8,-82
29401 32.8,-79.9
29403 32.8,-79.9
29404 32.9,-80.1
29405 32.9,-80
29406 32.9,-80
29407 32.8,-80
29409 32.8,-80
29410 32.9,-80
29412 32.7,-80
29414 32.8,-80.1
29418 32.9,-80.1
29420 32.9,-80.1
29424 32.8,-79.9
29425 32.8,-79.9
29426 32.8,-80.4
29429 33,-79.7
29431 33.3,-79.9
29432 33.2,-80.8
29434 33.1,-79.8
29435 33,-80.5
29436 33.3,-80.2
29437 33.1,-80.4
29438 32.6,-80.3
29439 32.6,-80
29440 33.4,-79.3
29445 33,-80
29446 32.6,-80.5
29448 33.3,-80.5
29449 32.7,-80.3
29450 33.1,-79.8
29451 32.8,-79.8
29452 32.7,-80.5
29453 33.2,-79.6
29455 32.7,-80.1
29456 33,-80.1
29458 33.1,-79.5
29461 33.2,-80
29464 32.8,-79.9
29466 32.9,-79.8
29468 33.4,-80.1
29469 33.2,-80.1
29470 32.8,-80.2
29471 33.2,-80.7
29472 33.1,-80.3
29474 32.9,-80.5
29475 33,-80.8
29477 33.2,-80.6
29479 33.4,-79.9
29481 33.1,-80.8
29482 32.8,-79.8
29483 33,-80.2
29485 32.9,-80.2
29486 33.1,-80.2
29487 32.7,-80.2
29488 32.9,-80.7
29492 32.9,-79.9
29493 33,-80.8
29501 34.2,-79.8
29505 34.1,-79.7
29506 34.2,-79.6
29510 33.5,-79.6
29511 34,-79.1
29512 34.6,-79.7
29516 34.4,-79.6
29518 33.8,-79.8
29519 34,-79.4
29520 34.7,-79.9
29525 34.6,-79.5
29526 33.9,-79
29527 33.8,-79.1
29530 34,-79.7
29532 34.3,-79.9
29536 34.4,-79.4
29540 34.4,-79.9
29541 34.1,-79.7
29543 34.3,-79.3
29544 34,-79.2
29545 34.2,-79
29546 33.9,-79.3
29547 34.5,-79.3
29550 34.4,-80.1
29554 33.7,-79.4
29555 33.8,-79.5
29556 33.7,-79.8
29560 33.8,-79.7
29563 34.4,-79.2
29564 33.5,-79.9
29565 34.4,-79.5
29566 33.9,-78.7
29567 34.6,-79.4
29568 33.9,-78.8
29569 34,-78.9
29570 34.7,-79.6
29571 34.1,-79.4
29572 33.8,-78.8
29574 34.2,-79.3
29575 33.6,-79
29576 33.6,-79.1
29577 33.7,-78.9
29579 33.8,-78.9
29580 33.7,-79.6
29581 34.2,-79.1
29582 33.8,-78.7
29583 34,-79.6
29584 34.6,-80.1
29585 33.6,-79.1
29588 33.7,-79
29589 34.1,-79.3
29590 33.6,-79.8
29591 33.9,-79.8
29592 34.2,-79.5
29593 34.5,-79.9
29594 34.6,-79.6
29596 34.7,-79.9
29601 34.8,-82.4
29605 34.8,-82.4
29607 34.8,-82.3
29609 34.9,-82.4
29611 34.8,-82.5
29613 34.9,-82.4
29614 34.9,-82.4
29615 34.9,-82.3
29617 34.9,-82.5
29620 34.2,-82.4
29621 34.5,-82.6
29624 34.4,-82.6
29625 34.6,-82.8
29626 34.5,-82.8
29627 34.5,-82.5
29628 34.1,-82.6
29630 34.7,-82.8
29631 34.7,-82.8
29634 34.7,-82.8
29635 35.1,-82.6
29638 34.4,-82.3
29639 34.3,-82.4
29640 34.9,-82.6
29642 34.8,-82.6
29643 34.5,-83
29644 34.7,-82.2
29645 34.6,-82.1
29646 34.1,-82.1
29649 34.2,-82.1
29650 34.9,-82.3
29651 35,-82.3
29653 34.3,-82.2
29654 34.5,-82.4
29655 34.3,-82.6
29657 34.8,-82.7
29658 34.8,-83.3
29659 34.2,-82.6
29661 35.1,-82.6
29662 34.8,-82.3
29664 34.9,-83.2
29665 34.7,-82.9
29666 34.1,-82
29667 34.8,-82.8
29669 34.6,-82.4
29670 34.6,-82.7
29671 34.9,-82.7
29672 34.8,-82.9
29673 34.7,-82.5
29676 35,-83
29678 34.6,-82.9
29680 34.7,-82.3
29681 34.8,-82.2
29682 34.8,-82.9
29683 35,-82.5
29684 34.4,-82.7
29685 35,-82.8
29686 35,-83.1
29687 35,-82.3
29689 34.5,-82.9
29690 35.1,-82.4
29691 34.8,-83.1
29692 34.4,-82.2
29693 34.6,-83.2
29696 34.8,-83
29697 34.6,-82.5
29702 35.1,-81.5
29704 34.8,-80.9
29706 34.7,-81.2
29707 35,-80.9
29708 35,-81
29709 34.7,-80.1
29710 35.1,-81.2
29712 34.8,-81
29714 34.7,-80.9
29715 35,-80.9
29717 35,-81.4
29718 34.6,-80.4
29720 34.7,-80.7
29724 34.8,-81
29726 34.9,-81.2
29727 34.7,-80.3
29728 34.8,-80.4
29729 34.7,-81
29730 34.9,-81
29732 35,-81.1
29733 34.9,-81
29741 34.7,-80.2
29742 34.9,-81.4
29743 35,-81.4
29745 35,-81.2
29801 33.6,-81.7
29803 33.5,-81.7
29805 33.6,-81.6
29809 33.4,-81.7
29810 33,-81.4
29812 33.2,-81.4
29816 33.5,-81.9
29817 33.4,-81.3
29819 34,-82.2
29821 33.6,-82.1
29824 33.8,-82
29826 33.4,-81.4
29827 33,-81.2
29828 33.5,-81.8
29829 33.6,-81.9
29831 33.3,-81.9
29832 33.8,-81.8
29834 33.5,-81.8
29835 33.9,-82.3
29836 33.1,-81.5
29838 33.7,-82.2
29840 34,-82.5
29841 33.5,-81.9
29842 33.5,-81.9
29843 33.2,-81.2
29844 33.8,-82.2
29845 33.8,-82.2
29847 33.7,-81.8
29848 34,-82.1
29849 33.1,-81.2
29851 33.5,-81.8
29853 33.4,-81.4
29856 33.5,-81.5
29860 33.6,-82
29899 33.9,-82.3
29902 32.3,-80.7
29904 32.5,-80.7
29905 32.4,-80.7
29906 32.4,-80.8
29907 32.5,-80.6
29909 32.3,-80.8
29910 32.2,-80.9
29911 32.9,-81.2
29912 32.6,-80.9
29915 32.1,-80.9
29916 32.7,-81
29918 32.7,-81.2
29920 32.4,-80.6
29921 32.7,-81.2
29922 32.6,-81.3
29923 32.8,-81.2
29924 32.9,-81.1
29926 32.2,-80.7
29927 32.2,-81.1
29928 32.2,-80.8
29929 33,-80.9
29932 32.8,-81.3
29934 32.6,-81.1
29935 32.4,-80.7
29936 32.5,-81
29939 32.7,-81.2
29940 32.6,-80.7
29941 32.5,-80.8
29943 32.5,-81.1
29944 32.8,-81
29945 32.7,-80.8
30002 33.8,-84.3
30004 34.1,-84.3
30005 34.1,-84.2
30008 33.9,-84.6
30009 34.1,-84.3
30011 34,-83.8
30012 33.7,-84
30013 33.6,-84
30014 33.6,-83.8
30016 33.5,-83.9
30017 33.9,-84
30018 33.7,-83.8
30019 34,-83.9
30021 33.8,-84.2
30022 34,-84.2
30024 34.1,-84.1
30025 33.7,-83.7
30028 34.3,-84.2
30030 33.8,-84.3
30032 33.7,-84.3
30033 33.8,-84.3
30034 33.7,-84.2
30035 33.7,-84.2
30038 33.7,-84.1
30039 33.8,-84
30040 34.2,-84.2
30041 34.2,-84.1
30043 34,-84
30044 33.9,-84.1
30045 33.9,-83.9
30046 33.9,-84
30047 33.9,-84.1
30052 33.8,-83.9
30054 33.7,-83.9
30055 33.5,-83.7
30056 33.5,-83.7
30058 33.7,-84.1
30060 33.9,-84.5
30062 34,-84.5
30064 33.9,-84.6
30066 34,-84.5
30067 33.9,-84.5
30068 34,-84.4
30070 33.6,-83.9
30071 33.9,-84.2
30072 33.8,-84.2
30075 34.1,-84.4
30076 34,-84.3
30078 33.9,-84
30079 33.8,-84.3
30080 33.9,-84.5
30082 33.9,-84.5
30083 33.8,-84.2
30084 33.9,-84.2
30087 33.8,-84.1
30088 33.8,-84.2
30090 34,-84.5
30092 34,-84.2
30093 33.9,-84.2
30094 33.6,-84.1
30096 34,-84.1
30097 34,-84.1
30101 34,-84.7
30102 34.1,-84.6
30103 34.4,-84.9
30104 34.1,-85.1
30105 34.4,-85.2
30106 33.8,-84.6
30107 34.3,-84.3
30108 33.5,-85.3
30110 33.7,-85.1
30111 33.8,-84.7
30113 33.9,-85.2
30114 34.2,-84.5
30115 34.2,-84.4
30116 33.5,-85
30117 33.6,-85.1
30118 33.6,-85.1
30120 34.2,-84.9
30121 34.2,-84.8
30122 33.8,-84.6
30124 34.1,-85.3
30125 34,-85.3
30126 33.8,-84.6
30127 33.9,-84.7
30132 34,-84.9
30134 33.8,-84.8
30135 33.7,-84.7
30137 34.1,-84.8
30139 34.4,-84.7
30141 33.9,-84.8
30143 34.5,-84.4
30144 34,-84.6
30145 34.2,-85
30147 34.1,-85.2
30148 34.5,-84.3
30149 34.3,-85.2
30152 34,-84.6
30153 34,-85.1
30157 33.9,-84.9
30161 34.2,-85.2
30165 34.3,-85.3
30168 33.8,-84.6
30170 33.4,-85.2
30171 34.4,-84.7
30173 34.1,-85.2
30175 34.5,-84.5
30176 33.8,-85.3
30177 34.4,-84.4
30178 34.1,-85
30179 33.8,-85
30180 33.7,-84.9
30182 33.7,-85.2
30183 34.3,-84.6
30184 34.3,-84.7
30185 33.5,-84.9
30187 33.7,-84.9
30188 34.1,-84.5
30189 34.1,-84.6
30204 33.1,-84.1
30205 33.3,-84.5
30206 33.1,-84.5
30213 33.6,-84.6
30214 33.5,-84.5
30215 33.4,-84.5
30216 33.2,-83.9
30217 33.3,-85.1
30218 33.1,-84.6
30220 33.2,-84.8
30222 33,-84.7
30223 33.3,-84.3
30224 33.2,-84.2
30228 33.4,-84.3
30229 33.2,-84.6
30230 33.2,-84.9
30233 33.3,-84
30234 33.3,-84
30236 33.5,-84.3
30238 33.5,-84.4
30240 33,-85.1
30241 33,-85
30248 33.4,-84.1
30250 33.4,-84.3
30251 33.2,-84.7
30252 33.5,-84.1
30253 33.5,-84.2
30256 33,-84.3
30257 33.1,-84.2
30258 33,-84.5
30259 33.3,-84.7
30260 33.6,-84.3
30263 33.4,-84.9
30265 33.4,-84.7
30268 33.5,-84.7
30269 33.4,-84.6
30272 33.6,-84.5
30273 33.6,-84.3
30274 33.6,-84.4
30275 33.4,-84.9
30276 33.3,-84.6
30277 33.4,-84.6
30281 33.6,-84.2
30284 33.3,-84.3
30285 33,-84.3
30286 32.9,-84.3
30288 33.7,-84.3
30289 33.3,-84.6
30290 33.5,-84.6
30291 33.6,-84.5
30292 33.2,-84.4
30293 33,-84.6
30294 33.6,-84.3
30295 33.1,-84.3
30296 33.6,-84.4
30297 33.6,-84.4
30303 33.8,-84.4
30305 33.8,-84.4
30306 33.8,-84.4
30307 33.8,-84.3
30308 33.8,-84.4
30309 33.8,-84.4
30310 33.7,-84.4
30311 33.7,-84.5
30312 33.7,-84.4
30313 33.8,-84.4
30314 33.8,-84.4
30315 33.7,-84.4
30316 33.7,-84.3
30317 33.7,-84.3
30318 33.8,-84.4
30319 33.9,-84.3
30322 33.8,-84.3
30324 33.8,-84.4
30326 33.8,-84.4
30327 33.9,-84.4
30328 33.9,-84.4
30329 33.8,-84.3
30331 33.7,-84.5
30332 33.8,-84.4
30334 33.7,-84.4
30336 33.7,-84.6
30337 33.6,-84.5
30338 33.9,-84.3
30339 33.9,-84.5
30340 33.9,-84.3
30341 33.9,-84.3
30342 33.9,-84.4
30344 33.7,-84.5
30345 33.9,-84.3
30346 33.9,-84.3
30349 33.6,-84.5
30350 34,-84.3
30354 33.7,-84.4
30360 33.9,-84.3
30363 33.8,-84.4
30401 32.6,-82.3
30410 32.2,-82.5
30411 32.1,-82.8
30412 32.1,-82.5
30413 32.9,-82.5
30414 32.2,-82
30415 32.3,-81.6
30417 32.2,-81.9
30420 32.3,-82.1
30421 32.2,-82.1
30423 32.1,-81.8
30425 32.7,-82.1
30426 33,-81.6
30427 31.9,-82
30428 32.2,-82.7
30429 32.2,-81.9
30434 33,-82.4
30436 32.2,-82.3
30439 32.4,-82.1
30441 32.8,-82.2
30442 32.8,-82
30445 32.2,-82.6
30446 32.6,-81.5
30448 32.5,-82.4
30449 32.5,-81.5
30450 32.6,-81.9
30451 32.4,-82
30452 32.3,-81.9
30453 32,-82.1
30454 32.4,-82.7
30455 32.7,-81.8
30456 33,-81.8
30457 32.4,-82.6
30458 32.4,-81.8
30460 32.4,-81.8
30461 32.5,-81.7
30464 32.4,-82.2
30467 32.8,-81.6
30470 32.4,-82.5
30471 32.5,-82.2
30473 32,-82.5
30474 32.2,-82.4
30477 32.9,-82.4
30501 34.3,-83.8
30504 34.3,-83.9
30506 34.3,-83.9
30507 34.3,-83.8
30510 34.4,-83.6
30511 34.4,-83.5
30512 34.9,-84
30513 34.8,-84.3
30516 34.4,-83
30517 34.1,-83.8
30518 34.1,-84
30519 34.1,-83.9
30520 34.3,-83.1
30521 34.4,-83.3
30522 34.8,-84.3
30523 34.7,-83.6
30525 34.9,-83.4
30527 34.5,-83.8
30528 34.6,-83.8
30529 34.2,-83.5
30530 34.2,-83.4
30531 34.5,-83.6
30533 34.6,-84
30534 34.4,-84.1
30535 34.6,-83.6
30536 34.7,-84.4
30537 35,-83.3
30538 34.5,-83.3
30539 34.7,-84.5
30540 34.7,-84.5
30541 34.9,-84.5
30542 34.2,-83.9
30543 34.3,-83.7
30545 34.8,-83.8
30546 34.9,-83.7
30547 34.4,-83.5
30548 34.1,-83.8
30549 34.1,-83.6
30552 34.8,-83.5
30553 34.4,-83.1
30554 34.4,-83.7
30555 35,-84.4
30557 34.5,-83.2
30558 34.3,-83.6
30559 35,-84.3
30560 34.9,-84.2
30562 34.9,-83.4
30563 34.6,-83.5
30564 34.5,-83.9
30565 34.1,-83.4
30566 34.2,-83.9
30567 34.2,-83.7
30568 35,-83.4
30571 34.7,-83.7
30572 34.7,-84.1
30573 34.7,-83.4
30575 34.2,-83.7
30576 34.8,-83.5
30577 34.6,-83.3
30581 34.8,-83.4
30582 35,-83.9
30597 34.5,-84
30598 34.6,-83.4
30601 34,-83.3
30602 33.9,-83.4
30605 33.9,-83.3
30606 33.9,-83.4
30607 34,-83.4
30609 33.9,-83.4
30619 33.9,-83.2
30620 33.9,-83.8
30621 33.8,-83.5
30622 33.9,-83.5
30623 33.7,-83.5
30624 34.2,-83
30625 33.5,-83.3
30627 34,-83
30628 34,-83.2
30629 34.1,-83.1
30630 33.9,-83.1
30631 33.6,-82.9
30633 34.2,-83.2
30634 34.2,-82.9
30635 34.1,-82.8
30639 34.3,-83.2
30641 33.8,-83.6
30642 33.5,-83.2
30643 34.4,-82.9
30646 34.1,-83.3
30648 33.9,-83
30650 33.6,-83.5
30655 33.8,-83.7
30656 33.9,-83.7
30660 33.8,-82.9
30662 34.3,-83.1
30663 33.6,-83.6
30664 33.6,-82.8
30665 33.5,-83.1
30666 34,-83.6
30667 33.8,-83.2
30668 33.9,-82.7
30669 33.7,-83.1
30673 33.7,-82.7
30677 33.8,-83.4
30678 33.5,-83.1
30680 34,-83.7
30683 33.9,-83.3
30701 34.5,-85
30705 34.7,-84.7
30707 34.8,-85.4
30708 34.9,-84.7
30710 34.9,-84.9
30711 34.9,-84.8
30720 34.7,-85
30721 34.8,-84.9
30724 34.8,-84.8
30725 34.9,-85.4
30726 35,-85.1
30728 34.7,-85.2
30730 34.4,-85.4
30731 34.6,-85.5
30733 34.4,-85.1
30734 34.5,-84.7
30735 34.6,-84.9
30736 34.9,-85.1
30738 34.8,-85.5
30739 34.8,-85.2
30740 34.8,-85.1
30741 35,-85.3
30742 34.9,-85.2
30746 34.6,-85
30747 34.5,-85.3
30750 34.9,-85.4
30751 35,-84.7
30752 34.9,-85.5
30753 34.6,-85.3
30755 34.9,-85
30756 34.9,-85
30757 34.9,-85.4
30802 33.6,-82.3
30803 33.1,-82.5
30805 33.3,-82.2
30807 33.5,-82.6
30808 33.4,-82.4
30809 33.6,-82.2
30810 33.2,-82.6
30812 33.4,-82
30813 33.5,-82.2
30814 33.4,-82.3
30815 33.3,-82.1
30816 33.2,-82.2
30817 33.8,-82.4
30818 33.3,-82.3
30820 33.2,-82.7
30821 33.5,-82.7
30822 32.9,-81.9
30823 33.2,-82.5
30824 33.5,-82.5
30828 33.4,-82.7
30830 33.1,-82
30833 33.2,-82.4
30901 33.4,-82
30904 33.5,-82
30905 33.4,-82.1
30906 33.3,-82
30907 33.5,-82.1
30909 33.5,-82.1
30912 33.5,-82
31001 32,-83.3
31002 32.6,-82.6
31003 32.6,-83.2
31004 33,-83.8
31005 32.5,-83.6
31006 32.6,-84.3
31007 32.2,-83.9
31008 32.7,-83.8
31009 32.3,-83
31011 32.1,-83.1
31012 32.4,-83.2
31014 32.4,-83.3
31015 31.9,-83.8
31016 32.8,-84.1
31017 32.6,-83.2
31018 33,-82.6
31019 32.4,-83.1
31020 32.7,-83.5
31021 32.5,-82.9
31022 32.5,-83.1
31023 32.2,-83.2
31024 33.3,-83.4
31025 32.3,-83.7
31027 32.6,-82.8
31028 32.6,-83.7
31029 33,-83.9
31030 32.6,-83.9
31031 32.9,-83.3
31032 33,-83.6
31033 33.1,-83.4
31034 33.1,-83.2
31035 32.9,-82.7
31036 32.3,-83.5
31037 32.1,-82.9
31038 33.1,-83.6
31039 32.6,-84.4
31041 32.4,-84.2
31042 32.7,-83.2
31044 32.7,-83.4
31045 33.3,-82.8
31046 33.1,-83.8
31047 32.5,-83.6
31049 32.7,-82.5
31050 32.7,-83.9
31051 32.1,-83.9
31052 32.8,-83.8
31054 32.9,-83.2
31055 32,-82.9
31057 32.4,-83.9
31058 32.5,-84.4
31060 32,-83.1
31061 33.1,-83.2
31062 33,-83.2
31063 32.3,-84
31064 33.3,-83.7
31065 32.6,-83.2
31066 32.8,-84
31067 32.9,-83
31068 32.3,-84.1
31069 32.4,-83.7
31070 32.2,-83.8
31071 32.1,-83.5
31072 32,-83.6
31075 32.4,-83
31076 32.5,-84.1
31077 31.9,-83.2
31078 32.7,-84.1
31079 31.9,-83.5
31081 32.4,-84.3
31082 33,-82.9
31083 32,-82.8
31084 32,-83.6
31085 33.4,-83.6
31087 33.3,-83
31088 32.6,-83.7
31089 32.9,-82.9
31090 32.8,-83
31091 32.2,-83.7
31092 32.1,-83.8
31093 32.6,-83.7
31094 33.1,-82.8
31096 32.7,-82.7
31097 32.9,-84.2
31098 32.6,-83.6
31201 32.8,-83.6
31204 32.8,-83.7
31206 32.8,-83.7
31207 32.8,-83.6
31210 32.9,-83.7
31211 32.9,-83.6
31213 32.8,-83.6
31216 32.7,-83.7
31217 32.8,-83.5
31220 32.9,-83.8
31301 31.8,-81.6
31302 32.1,-81.3
31303 32.5,-81.3
31305 31.4,-81.4
31307 32.2,-81.4
31308 32.2,-81.5
31309 31.9,-81.4
31312 32.3,-81.4
31313 31.8,-81.6
31314 31.9,-81.6
31315 31.9,-81.6
31316 31.7,-81.7
31318 32.1,-81.4
31320 31.8,-81.4
31321 32.2,-81.7
31322 32.1,-81.3
31323 31.7,-81.5
31324 31.9,-81.3
31326 32.3,-81.2
31327 31.4,-81.3
31328 32,-80.9
31329 32.4,-81.4
31331 31.5,-81.4
31333 31.8,-81.6
31401 32.1,-81.1
31404 32.1,-81.1
31405 32,-81.2
31406 32,-81.1
31407 32.2,-81.2
31408 32.1,-81.2
31409 32,-81.1
31410 32,-81
31411 31.9,-81
31415 32.1,-81.1
31419 32,-81.2
31421 32.1,-81.1
31501 31.2,-82.3
31503 31.2,-82.4
31510 31.5,-82.4
31512 31.5,-83
31513 31.8,-82.3
31516 31.3,-82.3
31518 31.5,-82.2
31519 31.7,-82.9
31520 31.2,-81.5
31522 31.3,-81.3
31523 31.2,-81.6
31524 31.2,-81.5
31525 31.3,-81.5
31527 31.1,-81.4
31532 31.7,-82.7
31533 31.6,-82.8
31535 31.5,-82.9
31537 30.9,-82.2
31539 31.8,-82.6
31542 31.1,-82.1
31543 31.3,-81.9
31544 31.8,-83
31545 31.6,-82
31546 31.5,-81.8
31547 30.8,-81.5
31548 30.8,-81.7
31549 31.9,-82.7
31550 31.1,-82.6
31551 31.5,-82.3
31552 31.3,-82.6
31553 31.2,-82
31554 31.5,-82.6
31555 31.7,-82.1
31556 31.4,-82.1
31557 31.4,-82.1
31558 30.8,-81.5
31560 31.5,-82
31561 31.2,-81.3
31562 30.5,-82.1
31563 31.7,-82.2
31564 31.2,-82.5
31565 31.1,-81.6
31566 31.2,-81.8
31567 31.6,-82.7
31568 31,-81.8
31569 30.9,-81.7
31599 31.6,-81.9
31601 30.8,-83.3
31602 30.9,-83.3
31605 30.9,-83.2
31606 30.8,-83.2
31620 31.1,-83.4
31622 31.4,-83.2
31623 31.1,-82.6
31624 31.3,-82.7
31625 31,-83.5
31626 30.8,-83.8
31627 31,-83.4
31629 30.8,-83.7
31630 30.9,-82.9
31631 30.7,-82.6
31632 31,-83.4
31634 31,-82.7
31635 31.1,-83
31636 30.7,-83.1
31637 31.3,-83.4
31638 30.9,-83.5
31639 31.2,-83.2
31641 30.9,-83.1
31642 31.3,-82.9
31643 30.8,-83.6
31645 31.1,-83.2
31647 31.2,-83.4
31648 30.7,-83
31649 30.9,-83
31650 31.4,-83
31698 30.8,-83.3
31699 31,-83.2
31701 31.6,-84.2
31704 31.5,-84.1
31705 31.5,-84
31707 31.6,-84.2
31709 32,-84.1
31711 32.2,-84.1
31712 31.8,-83.7
31714 31.7,-83.7
31716 31.4,-84.1
31719 32.1,-84.3
31720 30.9,-83.7
31721 31.5,-84.3
31722 31,-83.6
31727 31.4,-83.4
31730 31.2,-84.3
31733 31.6,-83.5
31735 32,-84
31738 31,-83.9
31743 31.9,-84
31744 31.3,-83.9
31747 31.2,-83.6
31749 31.4,-83.3
31750 31.7,-83.2
31753 31.2,-83.9
31756 31.2,-84
31757 30.9,-83.9
31763 31.7,-84.1
31764 32,-84.1
31765 31.1,-84
31768 31.2,-83.8
31771 31.2,-83.7
31772 31.7,-84
31773 31,-84
31774 31.6,-83.3
31775 31.3,-83.6
31778 31,-83.7
31779 31.1,-84.2
31780 32,-84.4
31781 31.6,-83.8
31783 31.8,-83.5
31784 31.3,-84
31787 31.9,-84.2
31788 31.1,-83.7
31789 31.5,-83.7
31790 31.7,-83.6
31791 31.5,-83.9
31792 30.8,-84
31793 31.5,-83.6
31794 31.4,-83.5
31795 31.4,-83.6
31796 31.8,-83.9
31798 31.6,-83
31801 32.5,-84.6
31803 32.3,-84.5
31804 32.7,-84.9
31805 32.3,-84.7
31806 32.3,-84.3
31807 32.6,-84.8
31808 32.6,-85
31810 32.6,-84.5
31811 32.7,-84.9
31812 32.6,-84.4
31814 32.2,-84.9
31815 32,-84.9
31816 32.9,-84.6
31820 32.6,-84.8
31821 32.1,-85
31822 32.9,-84.9
31823 32.8,-84.8
31824 32.1,-84.5
31825 32.1,-84.7
31826 32.8,-84.7
31827 32.7,-84.5
31829 32.6,-84.7
31830 32.9,-84.7
31831 32.7,-84.7
31832 32,-84.6
31833 32.8,-85.1
31836 32.8,-84.5
31901 32.5,-85
31903 32.4,-85
31904 32.6,-85
31905 32.4,-84.8
31906 32.5,-85
31907 32.5,-84.9
31909 32.5,-84.9
32003 30.1,-81.7
32008 29.9,-82.9
32009 30.4,-82
32011 30.6,-81.8
32013 30.2,-83.3
32024 30.1,-82.7
32025 30.1,-82.6
32026 30.1,-82.2
32033 29.8,-81.4
32034 30.6,-81.5
32038 29.9,-82.7
32040 30.2,-82.2
32043 29.9,-81.7
32044 29.9,-82.2
32046 30.7,-81.9
32052 30.5,-82.9
32053 30.6,-83.2
32054 30,-82.4
32055 30.3,-82.6
32058 30.1,-82.1
32059 30.4,-83.3
32060 30.3,-83
32061 30.1,-82.5
32062 30.1,-83
32063 30.3,-82.1
32064 30.3,-83
32065 30.2,-81.9
32066 30,-83.2
32068 30.1,-81.9
32071 30.1,-83
32072 30.2,-82.4
32073 30.2,-81.7
32079 30,-81.8
32080 29.8,-81.3
32081 30.1,-81.4
32082 30.1,-81.4
32083 30.1,-82.2
32084 29.9,-81.4
32086 29.7,-81.3
32087 30.4,-82.3
32091 29.9,-82.1
32092 29.9,-81.5
32094 30.2,-82.8
32095 30,-81.4
32096 30.5,-82.6
32097 30.7,-81.6
32102 29.1,-81.5
32110 29.4,-81.4
32112 29.4,-81.6
32113 29.4,-82.1
32114 29.2,-81
32117 29.2,-81.1
32118 29.2,-81
32119 29.2,-81
32124 29.2,-81.2
32127 29.1,-81
32128 29.1,-81.1
32129 29.1,-81
32130 29.1,-81.3
32131 29.7,-81.6
32132 29,-80.9
32133 29,-81.9
32134 29.4,-81.8
32136 29.5,-81.1
32137 29.6,-81.2
32139 29.4,-81.6
32140 29.8,-81.9
32141 28.9,-80.9
32145 29.7,-81.4
32147 29.6,-81.8
32148 29.6,-81.9
32157 29.5,-81.6
32159 28.9,-81.9
32162 28.9,-82
32163 28.8,-82
32164 29.5,-81.2
32168 29,-81
32169 29,-80.9
32174 29.3,-81.2
32176 29.3,-81.1
32177 29.7,-81.7
32179 29.1,-81.9
32180 29.2,-81.4
32181 29.5,-81.6
32182 29.5,-81.9
32187 29.6,-81.6
32189 29.5,-81.6
32190 29.3,-81.5
32192 29.4,-82.1
32193 29.5,-81.7
32195 29,-81.9
32202 30.3,-81.6
32203 30.3,-81.7
32204 30.3,-81.7
32205 30.3,-81.7
32206 30.4,-81.6
32207 30.3,-81.6
32208 30.4,-81.7
32209 30.4,-81.7
32210 30.3,-81.7
32211 30.3,-81.6
32212 30.2,-81.7
32214 30.2,-81.7
32216 30.3,-81.6
32217 30.2,-81.6
32218 30.5,-81.7
32219 30.4,-81.8
32220 30.3,-81.9
32221 30.3,-81.9
32222 30.2,-81.8
32223 30.2,-81.6
32224 30.3,-81.5
32225 30.4,-81.5
32226 30.5,-81.5
32227 30.4,-81.4
32228 30.4,-81.4
32233 30.4,-81.4
32234 30.2,-82
32244 30.2,-81.8
32246 30.3,-81.5
32250 30.3,-81.4
32254 30.3,-81.7
32256 30.2,-81.5
32257 30.2,-81.6
32258 30.1,-81.6
32259 30.1,-81.6
32266 30.3,-81.4
32277 30.4,-81.6
32301 30.4,-84.3
32303 30.5,-84.3
32304 30.5,-84.4
32305 30.3,-84.3
32306 30.4,-84.3
32307 30.4,-84.3
32308 30.5,-84.2
32309 30.6,-84.1
32310 30.4,-84.4
32311 30.4,-84.2
32312 30.6,-84.2
32313 30.4,-84.3
32317 30.5,-84.1
32320 29.7,-85.1
32321 30.3,-85
32322 29.9,-84.6
32323 29.9,-84.6
32324 30.7,-84.8
32327 30.2,-84.3
32328 29.8,-84.9
32330 30.6,-84.7
32331 30.5,-83.6
32332 30.6,-84.7
32333 30.6,-84.4
32334 30.3,-84.8
32336 30.3,-83.9
32337 30.5,-84
32340 30.4,-83.4
32343 30.5,-84.5
32344 30.4,-83.9
32346 30,-84.4
32347 30.2,-83.6
32348 29.9,-83.6
32350 30.6,-83.3
32351 30.5,-84.7
32352 30.7,-84.6
32355 30.2,-84.2
32356 29.9,-83.4
32358 30.1,-84.5
32359 29.7,-83.4
32360 30.4,-84.8
32361 30.4,-84
32399 30.4,-84.2
32401 30.2,-85.6
32403 30,-85.6
32404 30.2,-85.5
32405 30.2,-85.7
32407 30.2,-85.8
32408 30.2,-85.8
32409 30.3,-85.7
32410 30,-85.4
32413 30.3,-85.9
32420 30.6,-85.4
32421 30.5,-85.2
32423 30.9,-85
32424 30.4,-85.1
32425 30.9,-85.7
32426 31,-85.4
32427 30.7,-85.8
32428 30.6,-85.6
32430 30.4,-85.2
32431 30.8,-85.4
32432 30.7,-85.1
32433 30.9,-86.2
32435 30.6,-86.1
32437 30.4,-85.9
32438 30.5,-85.4
32439 30.5,-86.1
32440 30.9,-85.5
32442 30.7,-85
32443 30.9,-85.1
32444 30.2,-85.7
32445 31,-85.2
32446 30.8,-85.2
32448 30.7,-85.2
32449 30.3,-85.2
32455 30.6,-86
32456 29.8,-85.3
32459 30.4,-86.2
32460 30.8,-85
32461 30.3,-86.1
32462 30.6,-85.8
32463 30.6,-85.6
32464 30.9,-86
32465 30,-85.2
32466 30.4,-85.5
32501 30.4,-87.2
32502 30.4,-87.2
32503 30.5,-87.2
32504 30.5,-87.2
32505 30.5,-87.3
32506 30.4,-87.4
32507 30.3,-87.4
32508 30.4,-87.3
32509 30.5,-87.3
32511 30.4,-87.3
32512 30.4,-87.3
32514 30.5,-87.2
32526 30.5,-87.4
32530 30.6,-87
32531 30.9,-86.7
32533 30.6,-87.3
32534 30.5,-87.3
32535 31,-87.3
32536 30.8,-86.6
32539 30.8,-86.5
32541 30.4,-86.5
32542 30.5,-86.5
32544 30.4,-86.7
32547 30.5,-86.7
32548 30.4,-86.6
32550 30.4,-86.3
32561 30.3,-87.1
32563 30.4,-87
32564 30.7,-86.8
32565 30.9,-87.1
32566 30.4,-86.9
32567 30.9,-86.4
32568 30.9,-87.5
32569 30.4,-86.7
32570 30.8,-87
32571 30.7,-87.2
32577 30.7,-87.4
32578 30.5,-86.4
32579 30.4,-86.6
32580 30.5,-86.5
32583 30.6,-87
32601 29.6,-82.3
32603 29.7,-82.4
32605 29.7,-82.4
32606 29.7,-82.4
32607 29.6,-82.4
32608 29.6,-82.4
32609 29.8,-82.3
32610 29.6,-82.3
32612 29.6,-82.4
32615 29.8,-82.5
32616 29.8,-82.5
32617 29.3,-82.1
32618 29.5,-82.5
32619 29.8,-82.9
32621 29.4,-82.6
32622 29.9,-82.3
32625 29.2,-83
32626 29.4,-82.9
32628 29.7,-83.2
32631 29.7,-82.1
32634 29.4,-82.3
32639 29.2,-82.7
32640 29.6,-82.1
32641 29.6,-82.2
32643 29.8,-82.6
32648 29.5,-83.2
32653 29.7,-82.4
32656 29.8,-81.9
32658 29.9,-82.4
32664 29.4,-82.2
32666 29.7,-82
32667 29.5,-82.3
32668 29.3,-82.5
32669 29.6,-82.6
32680 29.6,-83.1
32681 29.4,-82.2
32683 29.3,-82.8
32686 29.4,-82.3
32692 29.3,-83.2
32693 29.6,-82.8
32694 29.8,-82.1
32696 29.4,-82.5
32697 29.9,-82.4
32701 28.7,-81.4
32702 29,-81.6
32703 28.7,-81.5
32707 28.7,-81.3
32708 28.7,-81.3
32709 28.5,-81
32712 28.7,-81.5
32713 28.9,-81.3
32714 28.7,-81.4
32720 29,-81.4
32723 29,-81.3
32724 29.1,-81.2
32725 28.9,-81.3
32726 28.9,-81.7
32730 28.7,-81.3
32732 28.8,-81.1
32735 28.9,-81.7
32736 28.9,-81.5
32738 28.9,-81.2
32744 29,-81.2
32746 28.8,-81.4
32750 28.7,-81.4
32751 28.6,-81.4
32754 28.7,-80.9
32757 28.8,-81.6
32759 28.8,-80.9
32763 28.9,-81.3
32764 28.8,-81.1
32765 28.7,-81.2
32766 28.6,-81
32767 29,-81.5
32768 28.7,-81.6
32771 28.8,-81.3
32773 28.8,-81.2
32775 28.8,-80.9
32776 28.8,-81.5
32778 28.8,-81.7
32779 28.7,-81.4
32780 28.5,-80.8
32784 29,-81.7
32789 28.6,-81.4
32792 28.6,-81.3
32796 28.6,-80.8
32798 28.7,-81.6
32801 28.5,-81.4
32803 28.6,-81.3
32804 28.6,-81.4
32805 28.5,-81.4
32806 28.5,-81.4
32807 28.6,-81.3
32808 28.6,-81.4
32809 28.5,-81.4
32810 28.6,-81.4
32811 28.5,-81.4
32812 28.5,-81.3
32814 28.6,-81.3
32816 28.6,-81.2
32817 28.6,-81.2
32818 28.6,-81.5
32819 28.5,-81.5
32820 28.6,-81.1
32821 28.4,-81.5
32822 28.5,-81.3
32824 28.4,-81.3
32825 28.5,-81.2
32826 28.6,-81.2
32827 28.4,-81.3
32828 28.5,-81.2
32829 28.5,-81.2
32830 28.4,-81.6
32831 28.5,-81.1
32832 28.4,-81.2
32833 28.5,-81.1
32835 28.5,-81.5
32836 28.4,-81.5
32837 28.4,-81.4
32839 28.5,-81.4
32899 28.6,-80.6
32901 28.1,-80.6
32903 28.1,-80.6
32904 28,-80.8
32905 28,-80.6
32907 28,-80.7
32908 28,-80.7
32909 27.9,-80.7
32920 28.4,-80.6
32922 28.4,-80.7
32925 28.3,-80.6
32926 28.4,-80.8
32927 28.5,-80.8
32931 28.3,-80.6
32934 28.1,-80.7
32935 28.1,-80.6
32937 28.2,-80.6
32940 28.2,-80.8
32948 27.8,-80.6
32949 27.9,-80.6
32950 28,-80.6
32951 27.9,-80.5
32952 28.3,-80.7
32953 28.5,-80.7
32955 28.3,-80.8
32958 27.8,-80.5
32959 28.4,-80.8
32960 27.6,-80.4
32962 27.6,-80.4
32963 27.7,-80.4
32966 27.7,-80.7
32967 27.7,-80.5
32968 27.6,-80.5
32970 27.8,-80.5
32976 27.8,-80.6
33001 24.8,-80.8
33004 26.1,-80.1
33009 26,-80.1
33010 25.8,-80.3
33012 25.9,-80.3
33013 25.9,-80.3
33014 25.9,-80.3
33015 25.9,-80.3
33016 25.9,-80.3
33018 25.9,-80.4
33019 26,-80.1
33020 26,-80.2
33021 26,-80.2
33022 26,-80.1
33023 26,-80.2
33024 26,-80.2
33025 26,-80.3
33026 26,-80.3
33027 26,-80.3
33028 26,-80.3
33029 26,-80.4
33030 25.5,-80.5
33031 25.5,-80.5
33032 25.5,-80.4
33033 25.5,-80.4
33034 25.5,-80.8
33035 25.4,-80.4
33036 24.9,-80.7
33037 25.2,-80.4
33039 25.5,-80.4
33040 24.5,-81.9
33042 24.7,-81.5
33043 24.7,-81.3
33050 24.7,-81
33051 24.7,-81
33054 25.9,-80.3
33055 25.9,-80.3
33056 25.9,-80.2
33060 26.2,-80.1
33062 26.2,-80.1
33063 26.3,-80.2
33064 26.3,-80.1
33065 26.3,-80.3
33066 26.3,-80.2
33067 26.3,-80.2
33068 26.2,-80.2
33069 26.2,-80.2
33070 25,-80.5
33071 26.2,-80.3
33073 26.3,-80.2
33076 26.3,-80.3
33101 25.8,-80.2
33109 25.8,-80.1
33122 25.8,-80.3
33125 25.8,-80.2
33126 25.8,-80.3
33127 25.8,-80.2
33128 25.8,-80.2
33129 25.8,-80.2
33130 25.8,-80.2
33131 25.8,-80.2
33132 25.8,-80.2
33133 25.7,-80.2
33134 25.8,-80.3
33135 25.8,-80.2
33136 25.8,-80.2
33137 25.8,-80.2
33138 25.9,-80.2
33139 25.8,-80.2
33140 25.8,-80.1
33141 25.9,-80.1
33142 25.8,-80.3
33143 25.7,-80.3
33144 25.8,-80.3
33145 25.8,-80.2
33146 25.7,-80.3
33147 25.9,-80.2
33149 25.7,-80.2
33150 25.9,-80.2
33154 25.9,-80.1
33155 25.7,-80.3
33156 25.7,-80.3
33157 25.6,-80.3
33158 25.6,-80.3
33160 25.9,-80.1
33161 25.9,-80.2
33162 25.9,-80.2
33165 25.7,-80.4
33166 25.8,-80.3
33167 25.9,-80.2
33168 25.9,-80.2
33169 25.9,-80.2
33170 25.6,-80.4
33172 25.8,-80.4
33173 25.7,-80.4
33174 25.8,-80.4
33175 25.7,-80.4
33176 25.7,-80.4
33177 25.6,-80.4
33178 25.8,-80.4
33179 26,-80.2
33180 26,-80.1
33181 25.9,-80.2
33182 25.8,-80.4
33183 25.7,-80.4
33184 25.8,-80.4
33185 25.7,-80.5
33186 25.7,-80.4
33187 25.5,-80.6
33189 25.6,-80.3
33190 25.6,-80.3
33193 25.7,-80.5
33194 25.7,-80.6
33196 25.6,-80.6
33301 26.1,-80.1
33304 26.1,-80.1
33305 26.2,-80.1
33306 26.2,-80.1
33308 26.2,-80.1
33309 26.2,-80.2
33311 26.1,-80.2
33312 26.1,-80.2
33313 26.2,-80.2
33314 26.1,-80.2
33315 26.1,-80.2
33316 26.1,-80.1
33317 26.1,-80.2
33319 26.2,-80.2
33321 26.2,-80.3
33322 26.1,-80.3
33323 26.2,-80.3
33324 26.1,-80.3
33325 26.1,-80.3
33326 26.1,-80.4
33327 26.2,-80.4
33328 26.1,-80.3
33330 26.1,-80.3
33331 26.1,-80.4
33332 26,-80.5
33334 26.2,-80.1
33351 26.2,-80.3
33388 26.1,-80.3
33401 26.7,-80.1
33403 26.8,-80.1
33404 26.8,-80.1
33405 26.7,-80.1
33406 26.7,-80.1
33407 26.8,-80.1
33408 26.8,-80.1
33409 26.7,-80.1
33410 26.8,-80.1
33411 26.7,-80.2
33412 26.8,-80.2
33413 26.7,-80.2
33414 26.6,-80.3
33415 26.7,-80.1
33417 26.7,-80.1
33418 26.9,-80.2
33426 26.5,-80.1
33428 26.4,-80.2
33430 26.6,-80.6
33431 26.4,-80.1
33432 26.3,-80.1
33433 26.3,-80.2
33434 26.4,-80.2
33435 26.5,-80.1
33436 26.5,-80.1
33437 26.5,-80.1
33438 27,-80.5
33440 26.5,-81
33441 26.3,-80.1
33442 26.3,-80.1
33444 26.5,-80.1
33445 26.5,-80.1
33446 26.5,-80.2
33449 26.6,-80.2
33455 27.1,-80.2
33458 26.9,-80.1
33460 26.6,-80.1
33461 26.6,-80.1
33462 26.6,-80.1
33463 26.6,-80.1
33467 26.6,-80.2
33469 27,-80.1
33470 26.8,-80.4
33471 26.9,-81.2
33472 26.5,-80.2
33473 26.5,-80.2
33476 26.8,-80.7
33477 26.9,-80.1
33478 26.9,-80.3
33480 26.7,-80
33483 26.5,-80.1
33484 26.5,-80.1
33486 26.3,-80.1
33487 26.4,-80.1
33493 26.5,-80.7
33496 26.4,-80.2
33498 26.4,-80.2
33503 27.8,-82.3
33510 28,-82.3
33511 27.9,-82.3
33513 28.7,-82.2
33514 28.7,-82
33521 28.8,-82.1
33523 28.4,-82.3
33525 28.3,-82.2
33527 28,-82.2
33530 27.9,-82.2
33534 27.8,-82.4
33538 28.8,-82.2
33540 28.3,-82.1
33541 28.2,-82.2
33542 28.2,-82.2
33543 28.2,-82.3
33544 28.2,-82.4
33545 28.3,-82.3
33547 27.8,-82.1
33548 28.1,-82.5
33549 28.1,-82.4
33550 28,-82.3
33556 28.2,-82.6
33558 28.2,-82.5
33559 28.2,-82.4
33563 28,-82.1
33565 28.1,-82.1
33566 28,-82.1
33567 27.9,-82.1
33569 27.8,-82.3
33570 27.7,-82.5
33572 27.8,-82.4
33573 27.7,-82.4
33574 28.3,-82.3
33576 28.3,-82.3
33578 27.9,-82.4
33579 27.8,-82.3
33584 28,-82.3
33585 28.7,-82
33592 28.1,-82.3
33594 27.9,-82.2
33596 27.9,-82.2
33597 28.5,-82.1
33598 27.7,-82.3
33602 28,-82.5
33603 28,-82.5
33604 28,-82.5
33605 28,-82.4
33606 27.9,-82.5
33607 28,-82.5
33609 27.9,-82.5
33610 28,-82.4
33611 27.9,-82.5
33612 28.1,-82.4
33613 28.1,-82.4
33614 28,-82.5
33615 28,-82.6
33616 27.9,-82.5
33617 28,-82.4
33618 28.1,-82.5
33619 27.9,-82.4
33620 28.1,-82.4
33621 27.8,-82.5
33624 28.1,-82.5
33625 28.1,-82.6
33626 28.1,-82.6
33629 27.9,-82.5
33634 28,-82.5
33635 28,-82.6
33637 28,-82.4
33647 28.2,-82.3
33701 27.8,-82.6
33702 27.8,-82.6
33703 27.8,-82.6
33704 27.8,-82.6
33705 27.7,-82.6
33706 27.7,-82.8
33707 27.7,-82.7
33708 27.8,-82.8
33709 27.8,-82.7
33710 27.8,-82.7
33711 27.7,-82.7
33712 27.7,-82.7
33713 27.8,-82.7
33714 27.8,-82.7
33715 27.7,-82.7
33716 27.9,-82.7
33744 27.8,-82.8
33755 28,-82.8
33756 27.9,-82.8
33759 28,-82.7
33760 27.9,-82.7
33761 28,-82.7
33762 27.9,-82.7
33763 28,-82.7
33764 27.9,-82.7
33765 28,-82.7
33767 28,-82.8
33770 27.9,-82.8
33771 27.9,-82.8
33772 27.8,-82.8
33773 27.9,-82.8
33774 27.9,-82.8
33776 27.8,-82.8
33777 27.9,-82.8
33778 27.9,-82.8
33781 27.8,-82.7
33782 27.9,-82.7
33785 27.9,-82.8
33786 27.9,-82.8
33801 28,-81.9
33803 28,-81.9
33805 28.1,-81.9
33809 28.2,-82
33810 28.1,-82
33811 28,-82
33812 28,-81.9
33813 27.9,-81.9
33815 28,-82
33823 28.1,-81.8
33825 27.6,-81.5
33827 27.8,-81.5
33830 27.9,-81.8
33834 27.6,-81.9
33835 27.8,-82
33837 28.2,-81.6
33838 28,-81.6
33839 28,-81.8
33840 28,-81.9
33841 27.7,-81.8
33843 27.7,-81.5
33844 28.1,-81.6
33847 27.8,-81.8
33848 28.3,-81.5
33849 28.2,-82.1
33850 28.1,-81.7
33851 28,-81.6
33852 27.3,-81.4
33853 27.9,-81.6
33854 27.9,-81.4
33855 27.8,-81.4
33856 27.9,-81.4
33857 27.4,-81.2
33858 28.2,-81.6
33859 27.9,-81.6
33860 27.8,-82
33865 27.4,-82
33867 27.8,-81.2
33868 28.3,-81.9
33870 27.5,-81.4
33872 27.5,-81.5
33873 27.6,-81.8
33875 27.4,-81.5
33876 27.4,-81.3
33877 28,-81.6
33880 28,-81.8
33881 28.1,-81.7
33884 28,-81.7
33890 27.5,-81.7
33896 28.3,-81.6
33897 28.3,-81.7
33898 27.9,-81.3
33901 26.6,-81.9
33903 26.7,-81.9
33904 26.6,-81.9
33905 26.7,-81.8
33907 26.6,-81.9
33908 26.5,-82
33909 26.7,-82
33912 26.5,-81.8
33913 26.5,-81.7
33914 26.6,-82
33916 26.6,-81.8
33917 26.7,-81.8
33919 26.6,-81.9
33920 26.7,-81.6
33921 26.8,-82.3
33922 26.7,-82.2
33924 26.5,-82.2
33928 26.4,-81.7
33930 26.6,-81.4
33931 26.4,-81.9
33935 26.8,-81.4
33936 26.6,-81.6
33944 27,-81.5
33946 26.9,-82.3
33947 26.9,-82.3
33948 27,-82.2
33950 26.9,-82
33952 27,-82.1
33953 27,-82.2
33954 27,-82.1
33955 26.8,-82
33956 26.5,-82.1
33957 26.5,-82.1
33960 27.1,-81.4
33965 26.5,-81.8
33966 26.6,-81.8
33967 26.5,-81.8
33971 26.6,-81.7
33972 26.6,-81.6
33973 26.6,-81.7
33974 26.6,-81.6
33976 26.6,-81.7
33980 27,-82.1
33981 26.9,-82.2
33982 26.9,-81.7
33983 27,-82
33990 26.6,-81.9
33991 26.6,-82
33993 26.7,-82.1
34101 26.1,-81.8
34102 26.1,-81.8
34103 26.2,-81.8
34104 26.2,-81.7
34105 26.2,-81.8
34108 26.2,-81.8
34109 26.2,-81.8
34110 26.3,-81.8
34112 26.1,-81.7
34113 26,-81.7
34114 26,-81.6
34116 26.2,-81.7
34117 26.1,-81.5
34119 26.3,-81.7
34120 26.3,-81.6
34134 26.4,-81.8
34135 26.4,-81.7
34137 26,-81.4
34138 25.8,-81.4
34139 25.8,-81.4
34140 25.9,-81.7
34141 26,-81.1
34142 26.3,-81.3
34145 25.9,-81.7
34201 27.4,-82.5
34202 27.4,-82.4
34203 27.4,-82.5
34205 27.5,-82.6
34207 27.4,-82.6
34208 27.5,-82.5
34209 27.5,-82.7
34210 27.4,-82.6
34211 27.4,-82.4
34212 27.5,-82.4
34215 27.5,-82.7
34216 27.5,-82.7
34217 27.5,-82.7
34219 27.6,-82.3
34221 27.6,-82.6
34222 27.5,-82.5
34223 27,-82.3
34224 26.9,-82.3
34228 27.4,-82.6
34229 27.2,-82.5
34231 27.3,-82.5
34232 27.3,-82.5
34233 27.3,-82.5
34234 27.4,-82.6
34235 27.4,-82.5
34236 27.3,-82.6
34237 27.3,-82.5
34238 27.2,-82.5
34239 27.3,-82.5
34240 27.3,-82.4
34241 27.3,-82.4
34242 27.3,-82.5
34243 27.4,-82.5
34250 27.6,-82.6
34251 27.4,-82.2
34266 27.2,-81.8
34267 27.1,-82
34268 27.1,-81.9
34269 27.1,-82
34275 27.2,-82.4
34285 27.1,-82.4
34286 27.1,-82.1
34287 27.1,-82.2
34288 27.1,-82.1
34289 27.1,-82.1
34291 27.1,-82.2
34292 27.1,-82.3
34293 27,-82.4
34420 29.1,-82
34428 29,-82.6
34429 28.9,-82.7
34431 29.1,-82.5
34432 29.1,-82.4
34433 29,-82.5
34434 29,-82.4
34436 28.7,-82.3
34442 28.9,-82.4
34445 29,-82.4
34446 28.7,-82.5
34448 28.8,-82.6
34449 29.1,-82.7
34450 28.8,-82.3
34452 28.8,-82.4
34453 28.9,-82.3
34461 28.8,-82.5
34465 28.9,-82.5
34470 29.2,-82.1
34471 29.2,-82.1
34472 29.1,-82
34473 29,-82.2
34474 29.2,-82.2
34475 29.3,-82.2
34476 29.1,-82.2
34479 29.3,-82.1
34480 29.1,-82.1
34481 29.1,-82.3
34482 29.2,-82.3
34484 28.9,-82.1
34487 28.8,-82.6
34488 29.2,-81.9
34491 29,-82
34498 29,-82.7
34601 28.6,-82.4
34602 28.5,-82.3
34604 28.5,-82.4
34606 28.5,-82.6
34607 28.6,-82.6
34608 28.5,-82.6
34609 28.5,-82.5
34610 28.4,-82.5
34613 28.6,-82.5
34614 28.6,-82.5
34637 28.3,-82.5
34638 28.3,-82.5
34639 28.3,-82.4
34652 28.2,-82.7
34653 28.2,-82.7
34654 28.3,-82.6
34655 28.2,-82.7
34661 28.6,-82.3
34667 28.4,-82.7
34668 28.3,-82.7
34669 28.4,-82.6
34677 28,-82.7
34679 28.4,-82.7
34681 28.1,-82.8
34683 28.1,-82.8
34684 28.1,-82.7
34685 28.1,-82.7
34688 28.1,-82.7
34689 28.1,-82.8
34690 28.2,-82.7
34691 28.2,-82.8
34695 28,-82.7
34698 28,-82.8
34705 28.7,-81.7
34711 28.5,-81.8
34714 28.4,-81.8
34715 28.6,-81.7
34729 28.6,-81.7
34731 28.9,-81.9
34734 28.5,-81.5
34736 28.6,-81.9
34737 28.7,-81.8
34739 27.9,-81.1
34741 28.3,-81.4
34743 28.3,-81.4
34744 28.3,-81.3
34746 28.2,-81.4
34747 28.3,-81.6
34748 28.8,-81.9
34753 28.6,-81.9
34756 28.6,-81.7
34758 28.2,-81.5
34759 28.1,-81.4
34760 28.6,-81.6
34761 28.6,-81.5
34762 28.8,-81.9
34769 28.2,-81.3
34771 28.3,-81.1
34772 28.2,-81.3
34773 28.2,-81
34785 28.8,-82.1
34786 28.5,-81.5
34787 28.5,-81.6
34788 28.9,-81.8
34797 28.7,-81.8
34945 27.5,-80.6
34946 27.5,-80.4
34947 27.4,-80.4
34949 27.5,-80.3
34950 27.4,-80.3
34951 27.5,-80.4
34952 27.3,-80.3
34953 27.2,-80.4
34956 27.1,-80.5
34957 27.3,-80.2
34972 27.5,-80.9
34974 27.1,-80.9
34981 27.4,-80.4
34982 27.4,-80.3
34983 27.3,-80.4
34984 27.2,-80.3
34986 27.3,-80.4
34987 27.3,-80.5
34990 27.1,-80.4
34994 27.2,-80.3
34996 27.2,-80.2
34997 27.1,-80.3
35004 33.6,-86.5
35005 33.6,-87
35006 33.4,-87.2
35007 33.2,-86.8
35010 32.9,-85.9
35013 33.9,-86.5
35014 33.4,-86.3
35016 34.3,-86.5
35019 34.3,-86.6
35020 33.4,-87
35022 33.3,-87
35023 33.5,-87.1
35031 34.1,-86.6
35032 33.3,-86.3
35033 33.9,-87
35034 32.9,-87.3
35035 33,-87
35036 33.6,-86.9
35040 33.1,-86.7
35042 32.9,-87.1
35043 33.3,-86.7
35044 33.3,-86.4
35045 32.8,-86.7
35046 32.9,-86.5
35049 34,-86.6
35051 33.2,-86.6
35052 33.6,-86.4
35053 34.1,-87.1
35054 33.5,-86.3
35055 34.2,-86.8
35057 34.2,-86.9
35058 34.2,-86.7
35060 33.6,-86.9
35061 33.5,-86.9
35062 33.7,-87
35063 33.8,-87
35064 33.5,-86.9
35068 33.6,-86.8
35070 34,-86.7
35071 33.7,-86.8
35072 33.1,-86.1
35073 33.7,-87
35074 33.2,-87.1
35077 34,-86.8
35078 33.3,-86.4
35079 33.9,-86.8
35080 33.2,-86.9
35082 33.2,-86.2
35083 34.2,-86.6
35085 33,-86.7
35087 34.3,-86.6
35089 32.9,-86.1
35091 33.8,-86.8
35094 33.5,-86.6
35096 33.6,-86.1
35097 33.9,-86.6
35098 34.1,-87
35111 33.3,-87.1
35112 33.7,-86.5
35114 33.2,-86.9
35115 33.1,-86.9
35116 33.7,-86.8
35117 33.7,-86.9
35118 33.5,-87
35119 33.6,-86.8
35120 33.7,-86.4
35121 33.9,-86.5
35124 33.3,-86.7
35125 33.6,-86.3
35126 33.7,-86.7
35127 33.5,-87
35128 33.6,-86.3
35130 33.6,-87.1
35131 33.7,-86.2
35133 33.8,-86.6
35135 33.6,-86.2
35136 32.9,-86.3
35143 33.1,-86.6
35146 33.8,-86.5
35147 33.4,-86.5
35148 33.8,-87
35149 33.2,-86.2
35150 33.2,-86.2
35151 33.1,-86.3
35160 33.4,-86.1
35171 32.9,-86.7
35172 33.8,-86.7
35173 33.7,-86.6
35175 34.4,-86.5
35176 33.5,-86.5
35178 33.4,-86.4
35179 34.3,-87
35180 33.8,-86.8
35181 33.6,-86.9
35183 33,-86.4
35184 33.1,-87.1
35185 33.3,-86.5
35186 33.3,-86.5
35188 33.2,-87.2
35203 33.5,-86.8
35204 33.5,-86.8
35205 33.5,-86.8
35206 33.6,-86.7
35207 33.6,-86.8
35208 33.5,-86.9
35209 33.5,-86.8
35210 33.5,-86.7
35211 33.5,-86.9
35212 33.5,-86.8
35213 33.5,-86.7
35214 33.6,-86.9
35215 33.6,-86.7
35216 33.4,-86.8
35217 33.6,-86.8
35218 33.5,-86.9
35221 33.4,-86.9
35222 33.5,-86.8
35223 33.5,-86.7
35224 33.5,-86.9
35226 33.4,-86.8
35228 33.5,-86.9
35229 33.5,-86.8
35233 33.5,-86.8
35234 33.5,-86.8
35235 33.6,-86.6
35242 33.4,-86.7
35243 33.4,-86.7
35244 33.4,-86.8
35249 33.5,-86.8
35254 33.5,-86.9
35401 33.2,-87.6
35404 33.2,-87.5
35405 33.1,-87.5
35406 33.3,-87.5
35441 32.9,-87.7
35442 33.1,-88.2
35443 32.8,-88
35444 33.3,-87.3
35446 33.2,-87.7
35447 33.3,-88.2
35452 33.3,-87.7
35453 33.2,-87.4
35456 33.1,-87.4
35457 33.3,-87.8
35458 33.4,-87.8
35459 32.8,-88.3
35460 32.7,-88.2
35461 33.4,-88.2
35462 32.9,-87.9
35463 33.1,-87.7
35464 32.8,-88.1
35466 33.2,-87.9
35469 33,-87.8
35470 32.6,-88.1
35473 33.3,-87.6
35474 32.9,-87.6
35475 33.4,-87.6
35476 33.2,-87.6
35477 33,-88.2
35480 33.1,-87.8
35481 33.4,-88
35487 33.2,-87.5
35490 33.2,-87.2
35491 32.9,-88.1
35501 33.8,-87.3
35503 33.9,-87.3
35504 33.9,-87.2
35540 34.2,-87.2
35541 34.1,-87.2
35542 33.7,-87.7
35543 34.2,-87.8
35544 34,-88
35545 33.6,-87.9
35546 33.6,-87.5
35548 34.1,-87.8
35549 33.8,-87.6
35550 33.7,-87.2
35552 34.1,-88.1
35553 34.1,-87.4
35554 33.9,-87.7
35555 33.7,-87.8
35559 33.9,-87.7
35563 34,-87.9
35564 34.3,-87.8
35565 34.2,-87.6
35570 34.2,-88
35571 34.4,-87.9
35572 34.2,-87.3
35573 33.9,-87.5
35574 33.6,-88
35575 34,-87.6
35576 33.6,-88.1
35577 34.1,-87.6
35578 34,-87.5
35579 33.6,-87.3
35580 33.7,-87.3
35581 34.4,-87.7
35582 34.5,-88.1
35584 33.8,-87.1
35585 34.4,-87.8
35586 33.9,-88.1
35587 33.8,-87.5
35592 33.7,-88.1
35593 34.4,-88.1
35594 33.9,-87.8
35601 34.6,-87
35603 34.5,-87
35610 35,-87.2
35611 34.8,-87.1
35613 34.8,-86.9
35614 34.9,-87.1
35615 34.7,-86.9
35616 34.7,-88
35618 34.6,-87.3
35619 34.4,-87.2
35620 34.9,-87
35621 34.3,-86.7
35622 34.3,-86.9
35630 34.8,-87.7
35632 34.8,-87.7
35633 34.9,-87.8
35634 34.9,-87.6
35640 34.4,-86.9
35643 34.7,-87.2
35645 34.9,-87.5
35646 34.7,-87.5
35647 35,-87.1
35648 35,-87.4
35649 34.6,-86.9
35650 34.4,-87.3
35651 34.5,-87.5
35652 34.8,-87.3
35653 34.5,-87.9
35654 34.5,-87.6
35660 34.8,-87.7
35661 34.8,-87.6
35670 34.5,-86.7
35671 34.7,-87
35672 34.6,-87.4
35673 34.6,-87.1
35674 34.7,-87.8
35677 35,-88
35739 35,-86.8
35740 35,-85.8
35741 34.7,-86.5
35744 34.6,-85.9
35745 34.9,-86.2
35746 34.8,-86
35747 34.5,-86.3
35748 34.7,-86.4
35749 34.8,-86.8
35750 35,-86.6
35751 34.8,-86.3
35752 34.8,-86
35754 34.5,-86.6
35755 34.5,-86.1
35756 34.6,-86.8
35757 34.8,-86.7
35758 34.7,-86.7
35759 34.9,-86.5
35760 34.5,-86.4
35761 34.9,-86.4
35763 34.6,-86.5
35764 34.7,-86.3
35765 34.7,-85.8
35766 34.9,-86.3
35768 34.8,-86.1
35769 34.6,-86.1
35771 34.5,-86
35772 34.9,-85.9
35773 34.9,-86.7
35774 34.8,-86.2
35775 34.5,-86.7
35776 34.7,-86.3
35801 34.7,-86.6
35802 34.7,-86.6
35803 34.6,-86.5
35805 34.7,-86.6
35806 34.8,-86.7
35808 34.6,-86.7
35810 34.8,-86.6
35811 34.8,-86.5
35816 34.7,-86.6
35824 34.6,-86.8
35896 34.8,-86.7
35901 34,-85.9
35903 34,-85.8
35904 34.1,-86
35905 34,-85.9
35906 33.9,-86.1
35907 33.9,-86
35950 34.2,-86.3
35951 34.3,-86.1
35952 34.1,-86.3
35953 33.8,-86.2
35954 34.1,-86.1
35956 34.1,-86.1
35957 34.2,-86.2
35958 34.9,-85.6
35959 34.2,-85.6
35960 34.1,-85.6
35961 34.3,-85.8
35962 34.3,-86
35963 34.4,-85.9
35966 34.8,-85.7
35967 34.4,-85.7
35968 34.5,-85.8
35971 34.5,-85.9
35972 34,-86.2
35973 34.3,-85.6
35974 34.4,-86
35975 34.4,-86.1
35976 34.3,-86.3
35978 34.6,-85.7
35979 34.8,-85.6
35980 34.2,-86.4
35981 34.7,-85.6
35983 34.2,-85.8
35984 34.5,-85.6
35986 34.5,-85.8
35987 33.9,-86.2
35988 34.6,-85.8
35989 34.6,-85.6
35990 34.1,-86.3
36003 32.4,-86.7
36005 31.9,-85.7
36006 32.6,-86.7
36008 32.5,-86.6
36009 31.6,-86.3
36010 31.7,-85.8
36013 32.3,-86
36016 31.9,-85.4
36017 31.7,-85.6
36020 32.5,-86.3
36022 32.6,-86.4
36024 32.7,-86
36025 32.5,-86.3
36026 32.8,-86.1
36027 32,-85.2
36028 31.5,-86.4
36029 32.2,-85.9
36030 31.8,-86.9
36031 32.2,-85.8
36032 32,-86.6
36033 31.7,-86.8
36034 31.6,-86.1
36035 31.8,-86.1
36036 32,-86.2
36037 31.8,-86.6
36038 31.4,-86.5
36039 32.3,-85.8
36040 32.2,-86.7
36041 31.9,-86.3
36042 31.9,-86.5
36043 32.2,-86.4
36046 31.9,-86.4
36047 32.1,-86.5
36048 31.8,-85.6
36049 31.8,-86.3
36051 32.7,-86.5
36052 32.2,-86
36053 32,-85.4
36054 32.5,-86.4
36057 32.4,-86.1
36064 32.3,-86.1
36066 32.5,-86.4
36067 32.5,-86.6
36069 32.1,-86.2
36071 31.7,-86.4
36075 32.4,-85.9
36078 32.5,-85.9
36079 31.8,-86
36080 32.7,-86.3
36081 31.9,-85.9
36082 31.8,-86
36083 32.4,-85.7
36088 32.4,-85.7
36089 32.2,-85.7
36091 32.7,-86.5
36092 32.6,-86.2
36093 32.5,-86.1
36101 32.4,-86.3
36104 32.4,-86.3
36105 32.2,-86.3
36106 32.4,-86.3
36107 32.4,-86.3
36108 32.3,-86.4
36109 32.4,-86.2
36110 32.4,-86.3
36111 32.3,-86.3
36112 32.4,-86.4
36113 32.4,-86.3
36114 32.4,-86.2
36115 32.4,-86.2
36116 32.3,-86.2
36117 32.4,-86.1
36130 32.4,-86.3
36201 33.6,-85.9
36203 33.6,-85.8
36205 33.7,-85.8
36206 33.7,-85.8
36207 33.7,-85.7
36250 33.8,-85.9
36251 33.2,-85.9
36255 33.2,-85.7
36256 33,-85.7
36258 33.5,-85.7
36260 33.6,-86
36262 33.8,-85.5
36263 33.5,-85.4
36264 33.6,-85.6
36265 33.8,-85.8
36266 33.4,-85.7
36267 33.2,-85.9
36268 33.5,-85.9
36269 33.7,-85.4
36271 33.8,-86
36272 33.9,-85.6
36273 33.5,-85.4
36274 33.2,-85.4
36276 33.1,-85.6
36277 33.8,-85.8
36278 33.3,-85.5
36279 33.9,-85.9
36280 33.4,-85.4
36301 31.1,-85.4
36303 31.3,-85.4
36305 31.2,-85.5
36310 31.6,-85.2
36311 31.6,-85.7
36312 31.2,-85.2
36313 31.2,-85.8
36314 31,-85.8
36316 31.2,-85.9
36317 31.6,-85.4
36318 31.2,-86
36319 31.3,-85.1
36320 31,-85.3
36321 31.2,-85.3
36322 31.3,-85.7
36323 31.4,-86.1
36330 31.3,-85.9
36340 31.1,-85.9
36343 31.1,-85.1
36344 31.1,-85.7
36345 31.4,-85.3
36346 31.6,-85.9
36350 31.4,-85.5
36351 31.4,-85.9
36352 31.3,-85.6
36353 31.5,-85.3
36360 31.5,-85.6
36362 31.4,-85.7
36370 31.1,-85.2
36371 31.3,-85.5
36373 31.5,-85.1
36374 31.6,-85.5
36375 31.1,-85.5
36376 31.3,-85.3
36401 31.5,-87
36420 31.2,-86.6
36421 31.3,-86.5
36425 31.8,-87.2
36426 31.1,-87.1
36432 31.3,-87
36435 31.9,-87.5
36436 31.8,-87.7
36439 31.4,-87.3
36441 31,-87.3
36442 31.1,-86.4
36444 31.7,-87.5
36445 31.4,-87.5
36446 31.8,-87.7
36451 31.7,-87.8
36453 31.2,-86.1
36454 31.4,-87.2
36455 31,-86.4
36456 31.6,-86.8
36460 31.5,-87.3
36467 31.3,-86.3
36470 31.5,-87.6
36471 31.6,-87.2
36473 31.3,-87.2
36474 31.4,-86.6
36475 31.4,-87.2
36476 31.4,-86.5
36477 31.1,-86.1
36480 31.3,-87.6
36481 31.8,-87.4
36482 31.6,-87.6
36483 31,-86.7
36502 31.1,-87.5
36503 31.2,-87.5
36505 31,-88
36507 30.9,-87.7
36509 30.4,-88.2
36511 30.3,-87.7
36512 31,-88
36513 31.2,-88
36518 31.5,-88.3
36521 31,-88.2
36522 31.1,-88.3
36523 30.4,-88.2
36524 31.8,-88
36525 30.9,-88
36526 30.6,-87.9
36527 30.7,-87.9
36528 30.2,-88.2
36529 31.3,-88.3
36530 30.4,-87.6
36532 30.5,-87.9
36535 30.4,-87.7
36538 31.7,-88.1
36539 31.3,-88.4
36540 31.4,-87.7
36541 30.5,-88.3
36542 30.3,-87.8
36543 31.2,-87.5
36544 30.5,-88.2
36545 31.5,-87.9
36547 30.3,-87.7
36548 31.5,-88
36549 30.4,-87.5
36550 31.2,-87.7
36551 30.6,-87.7
36553 31.2,-88.1
36555 30.4,-87.8
36556 31.2,-88
36558 31.6,-88.3
36559 30.6,-87.9
36560 31.1,-88
36561 30.3,-87.6
36562 31,-87.7
36564 30.5,-87.9
36567 30.6,-87.6
36568 30.5,-88.3
36569 31.5,-88.1
36571 30.9,-88.1
36572 30.9,-88.1
36574 30.5,-87.5
36575 30.8,-88.3
36576 30.5,-87.8
36578 30.7,-87.8
36579 31.1,-87.8
36580 30.5,-87.7
36581 31.4,-88
36582 30.5,-88.2
36583 31.4,-88.2
36584 31.2,-88.4
36585 31.4,-88.1
36587 30.8,-88.3
36602 30.7,-88
36603 30.7,-88.1
36604 30.7,-88.1
36605 30.6,-88.1
36606 30.7,-88.1
36607 30.7,-88.1
36608 30.7,-88.3
36609 30.7,-88.2
36610 30.7,-88.1
36611 30.8,-88.1
36612 30.8,-88.1
36613 30.8,-88.2
36615 30.6,-88.1
36617 30.7,-88.1
36618 30.7,-88.2
36619 30.6,-88.2
36652 30.7,-88.1
36663 30.7,-88.1
36688 30.7,-88.2
36693 30.6,-88.1
36695 30.6,-88.3
36701 32.5,-87.1
36703 32.4,-86.9
36720 32.2,-87.3
36722 32.1,-87.6
36723 32.1,-87.3
36726 32,-87.3
36727 31.9,-88
36728 32.2,-87.5
36732 32.4,-87.9
36736 32.1,-87.8
36738 32.4,-87.6
36740 32.6,-87.8
36741 32,-87
36742 32.5,-87.8
36744 32.7,-87.6
36748 32.3,-87.8
36749 32.6,-86.8
36750 32.8,-86.8
36751 31.8,-87.6
36752 32.3,-86.6
36753 31.8,-87.1
36754 32.2,-87.7
36756 32.7,-87.3
36758 32.6,-86.9
36759 32.4,-87.3
36761 32.1,-86.9
36763 32.3,-88
36764 32.1,-88
36765 32.6,-87.5
36766 32,-87.1
36767 32.2,-87.2
36768 31.9,-87
36769 32,-87.6
36773 32.3,-87.4
36775 32.2,-87
36776 32.7,-87.7
36782 32.1,-87.9
36783 32.2,-87.6
36784 31.9,-87.8
36785 32.3,-86.8
36786 32.4,-87.5
36790 32.7,-86.9
36792 32.9,-86.9
36793 32.8,-87
36801 32.7,-85.4
36804 32.5,-85.3
36830 32.5,-85.5
36832 32.6,-85.6
36849 32.6,-85.5
36850 32.8,-85.7
36851 32.2,-85.1
36852 32.8,-85.3
36853 32.8,-85.8
36854 32.8,-85.2
36855 33,-85.3
36856 32.3,-85
36858 32.3,-85.3
36860 32.3,-85.4
36861 32.9,-85.8
36862 32.9,-85.5
36863 32.9,-85.3
36865 32.6,-85.6
36866 32.6,-85.7
36867 32.5,-85
36869 32.4,-85.1
36870 32.5,-85.1
36871 32.2,-85.2
36874 32.6,-85.2
36875 32.3,-85.2
36877 32.6,-85.1
36879 32.7,-85.5
36901 32.4,-88.1
36904 32.1,-88.3
36907 32.4,-88.3
36908 31.9,-88.2
36910 32.2,-88.2
36912 32.2,-88.3
36913 32,-88.4
36915 32,-88.4
36916 32.2,-88
36919 31.8,-88.3
36921 31.9,-88.2
36922 32.3,-88.1
36925 32.4,-88.2
37010 36.6,-87.1
37012 36.1,-86
37013 36.1,-86.6
37014 35.9,-86.6
37015 36.3,-87.1
37016 36,-86.1
37018 35.6,-86.2
37019 35.4,-86.7
37020 35.6,-86.4
37022 36.5,-86.3
37023 36.6,-87.8
37025 36,-87.3
37026 35.7,-86.1
37027 36,-86.8
37028 36.6,-87.9
37029 36,-87.3
37030 36.3,-85.9
37031 36.4,-86.3
37032 36.5,-87
37033 35.7,-87.6
37034 35.6,-86.7
37035 36.4,-87.1
37036 36.2,-87.3
37037 35.7,-86.4
37040 36.5,-87.3
37042 36.6,-87.4
37043 36.5,-87.2
37046 35.8,-86.7
37047 35.3,-86.8
37048 36.5,-86.6
37049 36.6,-86.7
37050 36.4,-87.6
37051 36.3,-87.4
37052 36.4,-87.4
37055 36.1,-87.4
37057 36.4,-86
37058 36.4,-87.9
37059 36,-85.9
37060 35.7,-86.6
37061 36.3,-87.7
37062 36,-87.1
37064 35.9,-87
37066 36.4,-86.5
37067 35.9,-86.8
37069 36,-86.9
37072 36.4,-86.7
37073 36.4,-86.8
37074 36.4,-86.2
37075 36.3,-86.6
37076 36.1,-86.6
37078 35.9,-87.8
37079 36.5,-87.6
37080 36.3,-86.9
37082 36.1,-87.1
37083 36.5,-86
37085 36,-86.3
37086 36,-86.6
37087 36.3,-86.3
37090 36.1,-86.3
37091 35.5,-86.8
37095 36,-86
37096 35.6,-87.9
37097 35.8,-87.8
37098 35.9,-87.3
37101 36.1,-87.6
37110 35.6,-85.7
37115 36.3,-86.7
37118 35.9,-86.2
37122 36.2,-86.5
37127 35.8,-86.3
37128 35.8,-86.5
37129 35.9,-86.5
37130 35.9,-86.3
37132 35.8,-86.4
37134 36,-87.9
37135 35.9,-86.7
37137 35.9,-87.5
37138 36.2,-86.6
37140 35.9,-87.7
37141 36.6,-86.7
37142 36.4,-87.5
37143 36.1,-87
37144 35.3,-86.7
37145 36.4,-85.9
37146 36.4,-87
37148 36.6,-86.5
37149 35.8,-86.2
37150 36.5,-85.8
37151 36.3,-86
37153 35.8,-86.6
37160 35.5,-86.5
37165 36.3,-87.5
37166 35.9,-85.8
37167 36,-86.5
37171 36.4,-87.3
37172 36.5,-86.8
37174 35.7,-86.9
37175 36.3,-87.9
37178 36.3,-87.8
37179 35.8,-86.9
37180 35.6,-86.6
37181 36.2,-87.5
37183 35.5,-86.3
37184 36.1,-86.1
37185 36.1,-87.9
37186 36.6,-86.2
37187 36.1,-87.2
37188 36.5,-86.7
37189 36.3,-86.8
37190 35.8,-86
37191 36.5,-87.5
37201 36.2,-86.8
37203 36.1,-86.8
37204 36.1,-86.8
37205 36.1,-86.9
37206 36.2,-86.7
37207 36.2,-86.8
37208 36.2,-86.8
37209 36.2,-87
37210 36.1,-86.7
37211 36.1,-86.7
37212 36.1,-86.8
37213 36.2,-86.8
37214 36.2,-86.7
37215 36.1,-86.8
37216 36.2,-86.7
37217 36.1,-86.7
37218 36.2,-86.9
37219 36.2,-86.8
37220 36.1,-86.8
37221 36.1,-87
37228 36.2,-86.8
37232 36.1,-86.8
37238 36.2,-86.8
37301 35.4,-85.8
37302 35,-85
37303 35.4,-84.6
37305 35.5,-85.7
37306 35.1,-86.2
37307 35.2,-84.6
37308 35.3,-85
37309 35.3,-84.7
37310 35.3,-84.7
37311 35.1,-84.9
37312 35.2,-84.9
37313 35.4,-85.7
37315 35,-85.1
37316 35,-84.7
37317 35,-84.4
37318 35.2,-86
37321 35.5,-85
37322 35.5,-84.8
37323 35.1,-84.8
37324 35.2,-86
37325 35.3,-84.6
37326 35,-84.4
37327 35.4,-85.4
37328 35,-86.4
37329 35.4,-84.5
37330 35.3,-86.1
37331 35.3,-84.5
37332 35.6,-84.9
37333 35.1,-84.4
37334 35.2,-86.6
37335 35.1,-86.4
37336 35.3,-84.9
37337 35.8,-84.9
37338 35.4,-85.2
37339 35.4,-85.6
37340 35,-85.5
37341 35.2,-85.1
37342 35.4,-85.9
37343 35.2,-85.2
37345 35,-86.2
37347 35.1,-85.6
37348 35.1,-86.4
37350 35,-85.4
37351 35.1,-85.3
37352 35.3,-86.4
37353 35.1,-85
37354 35.5,-84.3
37355 35.5,-86.1
37356 35.2,-85.8
37357 35.6,-85.9
37359 35.2,-86.4
37360 35.4,-86.3
37361 35.1,-84.7
37362 35,-84.7
37363 35.1,-85.1
37365 35.4,-85.5
37366 35.3,-85.8
37367 35.6,-85.2
37369 35.2,-84.5
37370 35.4,-84.7
37373 35.4,-85.1
37374 35.2,-85.7
37375 35.2,-85.9
37376 35,-86
37377 35.2,-85.4
37379 35.3,-85.2
37380 35.1,-85.8
37381 35.7,-84.9
37383 35.2,-85.9
37385 35.3,-84.2
37387 35.3,-85.7
37388 35.4,-86.2
37391 35.1,-84.4
37394 35.5,-85.9
37396 35,-85.5
37397 35.2,-85.5
37398 35.2,-86.1
37402 35,-85.3
37403 35,-85.3
37404 35,-85.3
37405 35.1,-85.4
37406 35.1,-85.2
37407 35,-85.3
37408 35,-85.3
37409 35,-85.3
37410 35,-85.3
37411 35,-85.2
37412 35,-85.2
37415 35.1,-85.3
37416 35.1,-85.2
37419 35.1,-85.4
37421 35,-85.2
37450 35,-85.3
37601 36.3,-82.3
37604 36.3,-82.4
37614 36.3,-82.4
37615 36.4,-82.5
37616 36.2,-82.8
37617 36.5,-82.4
37618 36.5,-82.2
37620 36.5,-82.1
37640 36.3,-82
37641 36.2,-82.7
37642 36.5,-82.7
37643 36.4,-82.1
37645 36.6,-82.7
37650 36.1,-82.5
37656 36.4,-82.6
37657 36,-82.6
37658 36.3,-82.2
37659 36.3,-82.5
37660 36.5,-82.6
37663 36.5,-82.5
37664 36.5,-82.5
37665 36.6,-82.6
37680 36.6,-81.7
37681 36.3,-82.6
37682 36.3,-82.3
37683 36.5,-81.8
37686 36.4,-82.3
37687 36.2,-82.1
37688 36.5,-81.9
37690 36.3,-82.6
37691 36.4,-81.8
37692 36.2,-82.3
37694 36.4,-82.3
37701 35.8,-84
37705 36.2,-84
37708 36.3,-83.3
37709 36.2,-83.7
37710 36.2,-84.3
37711 36.3,-83
37713 36.1,-83.1
37714 36.2,-84.3
37715 36.6,-84
37716 36.1,-84.2
37719 36,-84.4
37721 36.1,-83.8
37722 35.8,-83.2
37723 36,-84.8
37724 36.5,-83.7
37725 36,-83.4
37726 36.2,-84.8
37727 35.9,-83
37729 36.5,-84
37730 36.6,-84
37731 36.5,-83
37732 36.3,-84.6
37733 36.4,-84.7
37737 35.8,-84.1
37738 35.7,-83.5
37742 35.7,-84.2
37743 36.1,-82.9
37745 36.3,-82.8
37748 35.9,-84.5
37752 36.6,-83.5
37753 35.8,-83.1
37754 36.1,-84
37755 36.4,-84.5
37756 36.3,-84.4
37757 36.3,-84.1
37760 36.1,-83.5
37762 36.6,-84.1
37763 35.8,-84.5
37764 36,-83.6
37765 36.6,-83.1
37766 36.4,-84.1
37769 36.2,-84.2
37770 36.2,-84.6
37771 35.8,-84.3
37772 35.8,-84.2
37774 35.7,-84.4
37777 35.8,-84.1
37779 36.2,-83.8
37801 35.7,-84.1
37803 35.7,-84
37804 35.8,-83.9
37806 36.1,-83.7
37807 36.3,-83.8
37809 36.2,-83
37810 36.2,-83.1
37811 36.3,-83.2
37813 36.2,-83.3
37814 36.2,-83.3
37818 36.2,-83
37819 36.6,-84.2
37820 36.1,-83.6
37821 36,-83.2
37825 36.4,-83.7
37826 35.6,-84.6
37828 36.2,-84.1
37829 36,-84.6
37830 36,-84.3
37840 36.1,-84.4
37841 36.5,-84.5
37843 36,-83
37845 36.1,-84.5
37846 35.7,-84.5
37847 36.4,-84.3
37848 36.2,-83.7
37849 36.1,-84
37851 36.6,-83.8
37852 36.3,-84.6
37853 35.8,-83.9
37854 35.9,-84.7
37857 36.4,-82.9
37860 36.2,-83.2
37861 36.2,-83.5
37862 35.7,-83.7
37863 35.8,-83.6
37865 35.9,-83.7
37866 36.3,-83.8
37869 36.5,-83.2
37870 36.5,-83.8
37871 36,-83.7
37872 36.3,-84.7
37873 36.5,-82.8
37874 35.6,-84.5
37876 35.9,-83.5
37877 36.2,-83.4
37878 35.6,-84
37879 36.5,-83.5
37880 35.7,-84.7
37881 36.4,-83.4
37882 35.6,-83.8
37885 35.5,-84.1
37886 35.7,-83.8
37887 36.1,-84.6
37888 36.3,-83.6
37890 36.1,-83.3
37891 36.3,-83.1
37892 36.6,-84.4
37902 36,-83.9
37909 35.9,-84
37912 36,-84
37914 36,-83.8
37915 36,-83.9
37916 36,-83.9
37917 36,-83.9
37918 36.1,-83.9
37919 35.9,-84
37920 35.9,-83.9
37921 36,-84
37922 35.9,-84.1
37923 35.9,-84.1
37924 36,-83.8
37929 36,-83.9
37931 36,-84.1
37932 35.9,-84.2
37934 35.9,-84.2
37938 36.1,-83.9
38001 35.8,-89.1
38002 35.3,-89.7
38004 35.4,-89.8
38006 35.7,-89.1
38007 36.2,-89.4
38008 35.2,-89
38011 35.5,-89.7
38012 35.6,-89.3
38015 35.6,-89.8
38016 35.2,-89.8
38017 35.1,-89.7
38018 35.1,-89.8
38019 35.6,-89.6
38021 35.9,-89.2
38023 35.5,-90
38024 36,-89.4
38028 35.2,-89.6
38029 35.2,-89.8
38030 36,-89.6
38034 35.9,-89.2
38036 35.3,-89.6
38037 35.8,-89.4
38039 35.1,-89.2
38040 35.9,-89.5
38041 35.7,-89.7
38042 35.2,-89.1
38044 35.2,-88.8
38046 35,-89.2
38047 36.1,-89.5
38049 35.4,-89.5
38050 35.8,-89.2
38052 35.1,-88.9
38053 35.3,-89.9
38054 35.3,-89.9
38057 35.1,-89.4
38058 35.5,-89.8
38059 36.1,-89.2
38060 35.2,-89.5
38061 35.1,-88.8
38063 35.7,-89.6
38066 35.1,-89.5
38067 35.1,-89
38068 35.3,-89.3
38069 35.5,-89.4
38070 35.9,-89.2
38075 35.4,-89.2
38076 35.1,-89.5
38077 36.3,-89.5
38079 36.4,-89.5
38080 36.2,-89.5
38103 35.2,-90.1
38104 35.1,-90
38105 35.2,-90
38106 35.1,-90
38107 35.2,-90
38108 35.2,-90
38109 35,-90.2
38111 35.1,-89.9
38112 35.1,-90
38113 35.1,-90.1
38114 35.1,-90
38115 35.1,-89.9
38116 35,-90
38117 35.1,-89.9
38118 35,-89.9
38119 35.1,-89.8
38120 35.1,-89.9
38122 35.2,-89.9
38125 35,-89.8
38126 35.1,-90
38127 35.2,-90
38128 35.2,-89.9
38131 35.1,-90
38132 35.1,-90
38133 35.2,-89.8
38134 35.2,-89.9
38135 35.2,-89.8
38138 35.1,-89.8
38139 35.1,-89.8
38141 35,-89.9
38152 35.1,-89.9
38201 36.1,-88.5
38220 36,-88.7
38221 36.2,-88
38222 36.4,-88.2
38224 36.4,-88.5
38225 36.3,-88.7
38226 36.5,-88.7
38229 36.2,-88.6
38230 36.2,-88.8
38231 36.2,-88.4
38232 36.4,-89.3
38233 36.2,-89
38235 36,-88.6
38236 36.2,-88.3
38237 36.4,-88.8
38240 36.2,-89.3
38241 36.4,-88.6
38242 36.3,-88.3
38251 36.5,-88.4
38253 36.3,-89.1
38254 36.4,-89.3
38255 36.2,-88.9
38256 36.3,-88.1
38257 36.5,-88.9
38258 36,-88.6
38259 36.2,-89.2
38260 36.4,-89.2
38261 36.4,-89.1
38301 35.6,-88.9
38305 35.7,-88.8
38310 35.3,-88.4
38311 35.4,-88.1
38313 35.6,-88.6
38315 35.3,-88.6
38316 36.1,-88.8
38317 36.1,-88.3
38318 35.9,-88.2
38320 36,-88.1
38321 35.8,-88.5
38326 35,-88.3
38327 35.2,-88.3
38328 35.7,-88.2
38329 35.5,-88.1
38330 36.1,-89
38332 35.4,-88.4
38333 36.1,-88
38334 35.3,-88.6
38337 35.8,-89
38338 35.9,-88.8
38339 35.1,-88.5
38340 35.4,-88.7
38341 35.9,-88.1
38342 36.1,-88.3
38343 35.8,-88.9
38344 36,-88.4
38345 35.6,-88.5
38347 35.5,-88.5
38348 35.9,-88.7
38351 35.7,-88.4
38352 35.5,-88.5
38355 35.8,-88.8
38356 35.4,-88.9
38357 35.1,-88.4
38358 35.9,-88.8
38359 35.4,-88.4
38361 35.3,-88.3
38362 35.7,-88.8
38363 35.7,-88.1
38365 35.1,-88.2
38366 35.5,-88.7
38367 35.1,-88.6
38368 35.5,-88.4
38369 36.1,-88.9
38370 35.4,-88.2
38371 35.4,-88.3
38372 35.1,-88.2
38374 35.5,-88.2
38375 35.2,-88.6
38376 35.1,-88.3
38379 35.2,-88.4
38380 35.8,-88
38381 35.3,-89
38382 36,-89
38387 35.9,-88.3
38388 35.8,-88.3
38389 36.1,-89.1
38390 35.8,-88.4
38391 35.5,-89
38392 35.5,-89
38401 35.6,-87
38425 35.4,-88
38449 35,-86.8
38450 35.2,-87.7
38451 35.5,-87
38452 35.1,-87.8
38453 35.1,-86.8
38454 35.7,-87.3
38455 35.1,-86.9
38456 35.3,-87.3
38457 35,-87.3
38459 35.2,-86.8
38460 35.1,-87.2
38461 35.6,-87.3
38462 35.5,-87.5
38463 35.1,-87.6
38464 35.3,-87.4
38468 35.1,-87.3
38469 35.1,-87.4
38471 35.1,-87.9
38472 35.4,-87
38473 35,-87.2
38474 35.5,-87.2
38475 35.3,-88
38476 35.8,-87.2
38477 35.1,-87
38478 35.2,-87
38481 35,-87.5
38482 35.8,-87.1
38483 35.4,-87.3
38485 35.4,-87.8
38486 35.2,-87.5
38487 35.7,-87.2
38488 35,-86.7
38501 36.2,-85.5
38503 36.2,-85.5
38504 36.4,-84.7
38505 36.2,-85.5
38506 36.2,-85.4
38541 36.5,-85.3
38542 36.3,-85.2
38543 36.4,-85.2
38544 36.1,-85.7
38545 36.2,-85.7
38547 36.2,-86
38548 36.2,-85.8
38549 36.6,-85.1
38550 35.8,-85.6
38551 36.6,-85.5
38552 36.2,-85.8
38553 36.2,-85
38554 36.3,-85.2
38555 35.9,-85
38556 36.4,-84.9
38558 36,-84.9
38559 35.8,-85.5
38560 36.2,-85.9
38562 36.4,-85.7
38563 36.2,-86
38564 36.3,-85.8
38565 36.3,-85
38567 36.1,-85.9
38568 36.4,-85.5
38569 36.1,-85.9
38570 36.4,-85.3
38571 36.1,-85
38572 35.8,-85.1
38573 36.5,-85.2
38574 36.1,-85.2
38575 36.6,-85.6
38577 36.6,-85
38578 36,-85.2
38579 35.8,-85.5
38580 36.3,-85.3
38581 35.7,-85.6
38582 36.1,-85.8
38583 36,-85.4
38585 35.7,-85.4
38587 35.9,-85.6
38588 36.4,-85.7
38589 36.3,-85.1
38601 34.5,-89.5
38603 34.8,-89.1
38606 34.3,-90
38610 34.7,-89
38611 34.9,-89.7
38614 34.2,-90.6
38617 34.4,-90.5
38618 34.7,-89.9
38619 34.5,-89.8
38620 34.2,-89.9
38621 34.4,-90.2
38622 34.2,-90.1
38623 34.4,-90.3
38625 34.6,-88.8
38626 34.5,-90.4
38627 34.5,-89.2
38629 34.9,-89
38631 34.4,-90.6
38632 34.8,-90
38633 34.6,-89.2
38635 34.8,-89.5
38637 35,-90
38639 34.3,-90.4
38641 34.9,-90.2
38642 34.9,-89.3
38643 34.1,-90.3
38644 34.5,-90.5
38645 34.2,-90.5
38646 34.3,-90.3
38647 35,-89.2
38650 34.5,-89.1
38651 34.9,-90
38652 34.5,-89
38654 34.9,-89.8
38655 34.3,-89.5
38658 34.2,-89.9
38659 34.6,-89.3
38661 34.9,-89.6
38663 34.7,-88.9
38664 34.8,-90.3
38665 34.6,-90.2
38666 34.4,-89.9
38668 34.6,-89.9
38670 34.4,-90.3
38671 35,-90
38672 34.9,-89.9
38673 34.3,-89.6
38674 34.9,-88.9
38676 34.7,-90.4
38677 34.4,-89.5
38680 35,-90.1
38683 34.9,-88.9
38685 34.6,-89.5
38701 33.3,-91
38703 33.5,-91.1
38720 34.1,-90.8
38721 33,-90.8
38722 33.3,-90.9
38723 33.2,-91
38725 33.6,-91.1
38726 33.8,-91
38730 33.7,-90.8
38731 33.1,-91.1
38732 33.8,-90.7
38733 33.7,-90.7
38736 33.6,-90.5
38737 33.9,-90.5
38738 33.9,-90.5
38740 34,-90.8
38744 33,-91.1
38745 33,-91
38746 34,-91
38748 33.2,-90.9
38751 33.5,-90.7
38753 33.3,-90.6
38754 33.2,-90.6
38756 33.4,-90.9
38759 33.8,-90.7
38760 33.5,-91
38761 33.4,-90.5
38762 33.9,-90.7
38764 33.8,-90.9
38765 33,-90.9
38767 34.1,-90.8
38768 34,-90.5
38769 33.8,-91
38771 33.7,-90.5
38772 33.6,-91.1
38773 33.6,-90.8
38774 34,-90.8
38776 33.4,-90.9
38778 33.6,-90.5
38781 33.9,-90.8
38801 34.2,-88.8
38804 34.3,-88.7
38821 34,-88.4
38824 34.5,-88.6
38826 34.3,-88.8
38827 34.5,-88.2
38828 34.4,-88.9
38829 34.7,-88.5
38833 34.8,-88.3
38834 34.9,-88.6
38838 34.5,-88.3
38839 33.9,-89.3
38841 34.3,-89
38843 34.3,-88.4
38844 33.8,-88.3
38846 34.9,-88.4
38847 34.4,-88.2
38848 33.9,-88.3
38849 34.5,-88.7
38850 34.1,-89.1
38851 33.9,-89
38852 34.8,-88.2
38855 34.3,-88.5
38856 34.5,-88.5
38857 34.3,-88.6
38858 34.1,-88.5
38859 34.5,-88.4
38860 34,-88.8
38862 34.2,-88.6
38863 34.2,-89
38864 34.2,-89.2
38865 34.8,-88.6
38866 34.4,-88.7
38868 34.1,-88.7
38869 34.4,-88.8
38870 34.1,-88.3
38871 34.3,-89.2
38873 34.7,-88.3
38876 34.2,-88.2
38878 33.9,-89.2
38879 34.2,-88.7
38901 33.8,-89.8
38913 34.1,-89.4
38914 33.9,-89.5
38915 34,-89.4
38916 33.8,-89.4
38917 33.5,-90
38920 33.9,-90
38921 34,-90.1
38922 33.9,-89.7
38923 33.4,-90
38924 33.3,-90.2
38925 33.6,-89.6
38927 34.1,-90
38928 33.9,-90.3
38929 33.7,-89.5
38930 33.5,-90.1
38940 33.7,-90
38941 33.5,-90.4
38943 33.5,-89.8
38944 33.8,-90.3
38946 33.4,-90.4
38947 33.5,-89.9
38948 34.1,-89.9
38949 34.2,-89.4
38950 33.7,-90.2
38951 34,-89.3
38952 33.6,-90.3
38953 33.9,-89.9
38954 33.4,-90.2
38957 34,-90.4
38961 34,-89.9
38962 33.9,-90.2
38963 34,-90.3
38964 34.1,-90.4
38965 34.1,-89.6
38966 33.9,-90.3
38967 33.5,-89.7
39038 33.2,-90.5
39039 32.8,-90.2
39040 32.6,-90.4
39041 32.4,-90.5
39042 32.2,-89.9
39044 32,-90
39045 32.8,-89.8
39046 32.6,-90
39047 32.5,-89.9
39051 32.8,-89.5
39054 32.8,-90.9
39056 32.4,-90.4
39057 32.5,-89.3
39058 32.3,-90.3
39059 32,-90.4
39061 33.1,-90.8
39062 32,-89.9
39063 33.1,-89.9
39066 32.3,-90.6
39067 33.1,-89.5
39069 31.7,-91
39071 32.5,-90.3
39073 32.1,-90.1
39074 32.4,-89.5
39078 31.9,-90.2
39079 32.9,-89.9
39082 31.9,-90.1
39083 31.8,-90.5
39086 32,-90.8
39088 32.7,-90.7
39090 33,-89.5
39092 32.3,-89.4
39094 32.6,-89.7
39095 33.1,-90.1
39096 31.8,-91.1
39097 33,-90.6
39108 33.2,-89.3
39110 32.5,-90.1
39111 31.9,-89.7
39113 32.8,-91.1
39114 32,-89.8
39115 33,-90.6
39116 31.9,-89.5
39117 32.3,-89.7
39119 31.8,-89.7
39120 31.5,-91.4
39140 31.7,-90
39144 31.8,-90.8
39145 32.3,-89.8
39146 32.9,-90
39148 32.1,-90
39149 31.8,-90
39150 32,-91
39152 32.2,-89.6
39153 32,-89.5
39154 32.2,-90.4
39156 32.5,-90.8
39157 32.4,-90.2
39159 32.8,-90.9
39160 33,-89.7
39162 32.6,-90.6
39166 33.1,-90.5
39167 32.1,-90
39168 31.8,-89.4
39169 33.2,-90.2
39170 32.1,-90.3
39173 32.7,-90.5
39174 32.4,-90.2
39175 32.1,-90.6
39176 33.3,-89.8
39177 32.6,-90.8
39179 32.8,-90.1
39180 32.2,-90.9
39183 32.5,-90.8
39189 32.6,-89.4
39191 31.7,-90.4
39192 33.2,-89.7
39193 32.2,-90.1
39194 32.8,-90.5
39201 32.3,-90.2
39202 32.3,-90.2
39203 32.3,-90.2
39204 32.3,-90.2
39206 32.4,-90.2
39208 32.3,-90.1
39209 32.4,-90.3
39210 32.3,-90.2
39211 32.4,-90.1
39212 32.2,-90.3
39213 32.4,-90.2
39216 32.3,-90.2
39217 32.3,-90.2
39218 32.2,-90.2
39232 32.3,-90.1
39269 32.3,-90.2
39272 32.2,-90.3
39301 32.3,-88.6
39305 32.5,-88.7
39307 32.3,-88.8
39309 32.6,-88.6
39320 32.6,-88.7
39322 31.5,-88.5
39323 32.4,-88.9
39324 31.6,-88.7
39325 32.6,-88.9
39326 32.6,-88.7
39327 32.4,-89.1
39328 32.7,-88.7
39330 32.2,-88.9
39332 32.3,-89
39335 32.5,-88.5
39336 32.3,-89.3
39337 32.5,-89
39338 32.1,-89.2
39339 33.1,-89
39341 33.1,-88.6
39342 32.4,-88.6
39345 32.3,-89.1
39346 33,-89.1
39347 32.1,-88.9
39348 32,-89
39350 32.8,-89.1
39352 32.7,-88.5
39354 32.9,-88.8
39355 32.1,-88.6
39356 32.1,-89
39358 32.8,-88.5
39359 32.6,-89.3
39360 31.9,-88.8
39361 33,-88.6
39362 31.4,-88.5
39363 32.1,-88.8
39364 32.4,-88.5
39365 32.6,-89.1
39366 31.9,-88.9
39367 31.7,-88.7
39401 31.2,-89.3
39402 31.3,-89.4
39406 31.3,-89.3
39421 31.5,-89.7
39422 32,-89.3
39423 31.2,-88.9
39425 31.1,-89.1
39426 30.7,-89.7
39427 31.5,-89.8
39428 31.7,-89.6
39429 31.2,-89.8
39437 31.6,-89.2
39439 31.9,-89
39440 31.7,-89.1
39443 31.7,-89.1
39451 31.2,-88.6
39452 30.9,-88.6
39455 31,-89.5
39456 31,-88.8
39459 31.5,-89.3
39461 31.2,-88.7
39462 31.2,-89.1
39464 31.5,-89.1
39465 31.3,-89.2
39466 30.5,-89.6
39470 30.8,-89.6
39474 31.6,-89.9
39475 31.2,-89.4
39476 31.4,-88.9
39477 31.8,-89
39478 31.1,-89.9
39479 31.5,-89.5
39480 31.7,-89.3
39481 31.9,-89.2
39482 31.4,-89.6
39483 31.2,-89.9
39501 30.4,-89.1
39503 30.5,-89.1
39507 30.4,-89
39520 30.3,-89.5
39525 30.4,-89.4
39529 30.4,-89.6
39530 30.4,-88.9
39531 30.4,-89
39532 30.5,-89
39534 30.4,-88.9
39540 30.4,-88.9
39553 30.4,-88.6
39556 30.4,-89.4
39560 30.4,-89.2
39561 30.7,-89.2
39562 30.5,-88.5
39563 30.4,-88.5
39564 30.4,-88.8
39565 30.6,-88.8
39567 30.4,-88.6
39571 30.4,-89.3
39572 30.3,-89.6
39573 30.7,-89.1
39574 30.6,-89.1
39576 30.3,-89.4
39577 30.9,-89.1
39581 30.4,-88.5
39595 30.3,-88.6
39601 31.6,-90.5
39629 31.4,-90.5
39630 31.5,-90.8
39631 31.1,-91.1
39633 31.3,-91.2
39635 31.2,-90.4
39638 31.2,-91
39641 31.4,-90.2
39643 31.2,-90
39645 31.1,-90.8
39647 31.5,-90.7
39648 31.2,-90.4
39652 31.1,-90.5
39653 31.5,-90.9
39654 31.5,-90.1
39656 31.4,-89.9
39657 31,-90.5
39661 31.5,-91.1
39662 31.4,-90.3
39663 31.6,-90
39664 31.3,-90.7
39665 31.6,-90.2
39666 31.3,-90.5
39667 31.1,-90.1
39668 31.7,-90.8
39669 31.2,-91.4
39701 33.4,-88.5
39702 33.4,-88.3
39705 33.6,-88.4
39730 33.8,-88.6
39735 33.3,-89.2
39736 33.4,-88.6
39737 33.7,-89.3
39739 33.2,-88.6
39740 33.7,-88.3
39741 33.6,-88.9
39743 33.3,-88.6
39744 33.6,-89.3
39745 33.3,-89.5
39746 33.7,-88.4
39747 33.4,-89.5
39750 33.6,-89
39751 33.7,-89.1
39752 33.5,-89.2
39753 33.5,-88.6
39755 33.6,-89
39756 33.8,-88.7
39759 33.4,-88.8
39762 33.4,-88.8
39766 33.6,-88.3
39767 33.5,-89.5
39769 33.3,-89
39771 33.6,-89.3
39772 33.3,-89.3
39773 33.6,-88.7
39776 33.8,-89
39813 31.4,-84.7
39815 30.7,-84.5
39817 30.9,-84.6
39819 30.8,-84.6
39823 31.3,-84.9
39824 31.5,-84.9
39825 30.9,-84.7
39826 31.8,-84.3
39827 30.9,-84.2
39828 30.8,-84.2
39832 31.2,-85
39834 30.9,-84.4
39836 31.7,-84.9
39837 31.2,-84.7
39840 31.8,-84.8
39841 31.3,-84.7
39842 31.8,-84.4
39845 31,-84.9
39846 31.6,-84.7
39851 31.6,-85
39854 31.9,-85.1
39859 31,-84.8
39861 31.1,-85
39862 31.5,-84.5
39866 31.6,-84.6
39867 31.8,-84.9
39870 31.3,-84.4
39877 31.9,-84.5
39885 31.7,-84.3
39886 31.7,-84.6
39897 30.9,-84.3
40003 38.3,-85
40004 37.8,-85.5
40006 38.6,-85.3
40007 38.5,-85
40008 37.9,-85.3
40009 37.5,-85.1
40010 38.4,-85.5
40011 38.5,-85.2
40012 37.9,-85.2
40013 37.9,-85.5
40014 38.3,-85.4
40019 38.4,-85.2
40020 37.9,-85.4
40022 38.2,-85.3
40023 38.2,-85.4
40025 38.3,-85.7
40026 38.4,-85.5
40031 38.4,-85.4
40033 37.5,-85.2
40036 38.4,-85
40037 37.7,-85.4
40040 37.8,-85.1
40041 38.3,-85.7
40045 38.7,-85.4
40046 38,-85.2
40047 38,-85.6
40049 37.7,-85.4
40050 38.5,-85.2
40051 37.7,-85.6
40052 37.6,-85.5
40055 38.5,-85.3
40056 38.3,-85.5
40057 38.4,-85.1
40058 38.4,-85.2
40059 38.4,-85.6
40060 37.5,-85.5
40061 37.7,-85.3
40062 37.6,-85.4
40063 37.6,-85.3
40065 38.2,-85.2
40067 38.2,-85.4
40068 38.4,-85.3
40069 37.7,-85.2
40070 38.5,-85.2
40071 38,-85.4
40075 38.6,-85.1
40076 38.1,-85.1
40077 38.5,-85.4
40078 37.8,-85.1
40104 38.1,-86.3
40107 37.7,-85.6
40108 38,-86.2
40109 38.1,-85.8
40110 37.9,-85.7
40111 37.8,-86.6
40115 37.8,-86.2
40117 37.9,-86.1
40118 38.1,-85.8
40119 37.6,-86.6
40121 37.9,-86
40140 37.7,-86.3
40142 37.9,-86.2
40143 37.8,-86.5
40144 37.8,-86.4
40145 37.7,-86.3
40146 37.8,-86.3
40150 37.9,-85.7
40152 37.6,-86.4
40155 37.9,-86
40157 38,-86.4
40160 37.8,-85.9
40161 38,-86.4
40162 37.7,-86
40165 38,-85.7
40170 38,-86.5
40171 38,-86.4
40175 37.8,-86.1
40176 37.9,-86.4
40177 38,-85.9
40178 37.7,-86.4
40202 38.3,-85.8
40203 38.3,-85.8
40204 38.2,-85.7
40205 38.2,-85.7
40206 38.3,-85.7
40207 38.3,-85.7
40208 38.2,-85.8
40209 38.2,-85.7
40210 38.2,-85.8
40211 38.2,-85.8
40212 38.3,-85.8
40213 38.2,-85.7
40214 38.1,-85.8
40215 38.2,-85.8
40216 38.2,-85.8
40217 38.2,-85.7
40218 38.2,-85.7
40219 38.1,-85.7
40220 38.2,-85.6
40221 38.2,-85.8
40222 38.3,-85.6
40223 38.3,-85.5
40228 38.1,-85.6
40229 38.1,-85.7
40231 38.2,-85.7
40241 38.3,-85.6
40242 38.3,-85.6
40243 38.2,-85.5
40245 38.3,-85.4
40258 38.1,-85.9
40272 38.1,-85.9
40280 38.2,-85.7
40291 38.1,-85.6
40299 38.2,-85.5
40310 37.8,-84.8
40311 38.3,-84
40312 37.8,-83.9
40313 38.1,-83.4
40316 37.9,-83.5
40322 37.9,-83.6
40324 38.2,-84.6
40328 37.6,-85
40330 37.8,-84.9
40334 38,-83.7
40336 37.7,-84
40337 37.9,-83.9
40339 37.9,-84.6
40342 38,-85
40346 38,-83.7
40347 38.2,-84.7
40348 38.3,-84.1
40350 38.3,-83.9
40351 38.2,-83.4
40353 38.1,-83.9
40355 38.6,-84.9
40356 37.9,-84.6
40357 38.1,-84.1
40358 38.1,-83.7
40359 38.5,-84.8
40360 38.2,-83.8
40361 38.2,-84.2
40363 38.5,-85
40370 38.4,-84.5
40371 38.1,-83.6
40372 37.9,-84.9
40374 38.2,-83.9
40376 37.8,-83.7
40379 38.3,-84.7
40380 37.8,-83.8
40383 38,-84.7
40385 37.7,-84.1
40387 37.9,-83.5
40390 37.9,-84.7
40391 38,-84.1
40402 37.3,-84
40403 37.6,-84.3
40404 37.6,-84.3
40409 37.4,-84.4
40419 37.4,-84.5
40422 37.6,-84.8
40434 37.4,-83.9
40437 37.5,-84.8
40440 37.6,-84.8
40442 37.3,-84.7
40444 37.7,-84.6
40445 37.3,-84.2
40447 37.4,-84
40448 37.5,-84.8
40456 37.4,-84.3
40460 37.4,-84.2
40461 37.6,-84.4
40464 37.6,-84.9
40468 37.7,-85
40472 37.7,-83.9
40475 37.8,-84.3
40481 37.4,-84.1
40484 37.5,-84.7
40486 37.4,-83.9
40489 37.4,-84.6
40502 38,-84.5
40503 38,-84.5
40504 38,-84.5
40505 38.1,-84.5
40507 38,-84.5
40508 38.1,-84.5
40509 38,-84.4
40510 38.1,-84.6
40511 38.1,-84.5
40513 38,-84.6
40514 38,-84.6
40515 37.9,-84.4
40516 38.1,-84.4
40517 38,-84.5
40526 38,-84.5
40536 38,-84.5
40601 38.2,-84.9
40701 36.9,-84.2
40729 37.2,-84.2
40734 36.9,-84
40737 37,-84.1
40740 37,-84
40741 37.1,-84.1
40744 37,-84.1
40759 36.8,-84.1
40763 36.7,-83.9
40769 36.7,-84.2
40771 36.9,-84
40801 36.9,-83.3
40803 37,-83.4
40806 36.9,-83.3
40807 37,-83
40808 37,-83.3
40810 36.9,-83.3
40813 36.7,-83.6
40815 36.8,-83.2
40816 37,-83.4
40818 36.8,-83.2
40819 36.8,-83.4
40820 36.8,-83.2
40823 37,-83
40824 36.8,-83.4
40826 37,-82.8
40827 37,-83.5
40828 36.9,-83.2
40829 36.8,-83.3
40830 36.8,-83.3
40831 36.8,-83.3
40840 36.9,-83.4
40843 36.9,-82.9
40844 37.1,-83.3
40845 36.8,-83.5
40847 36.9,-83.2
40849 36.9,-83.1
40854 36.8,-83.4
40855 36.9,-82.9
40856 36.7,-83.5
40858 37,-83.4
40862 37,-82.9
40863 36.7,-83.4
40865 36.9,-83.2
40868 37.1,-83.4
40870 36.9,-83.2
40873 36.8,-83.4
40874 37,-83.5
40902 36.9,-83.6
40903 36.8,-83.8
40906 36.9,-83.9
40913 36.9,-83.6
40914 37.1,-83.6
40915 36.9,-83.8
40921 36.8,-83.9
40923 36.9,-83.8
40927 36.9,-83
40935 37,-83.8
40939 36.8,-83.7
40940 36.6,-83.9
40941 37.1,-83.7
40943 37,-83.8
40946 37,-83.8
40949 36.9,-83.9
40953 36.9,-83.8
40958 36.8,-83.6
40962 37.2,-83.7
40964 36.8,-83.3
40965 36.6,-83.7
40972 37.2,-83.6
40977 36.7,-83.7
40979 37,-83.5
40981 37.3,-83.5
40982 36.9,-83.7
40983 37.3,-83.7
40988 36.9,-83.5
40995 36.8,-83.8
40997 36.9,-83.7
41001 38.9,-84.4
41002 38.7,-84
41003 38.5,-84.4
41004 38.6,-84.1
41005 39,-84.8
41006 38.8,-84.3
41007 38.9,-84.3
41008 38.7,-85.2
41010 38.5,-84.6
41011 39.1,-84.5
41014 39.1,-84.5
41015 39,-84.5
41016 39.1,-84.5
41017 39,-84.6
41018 39,-84.6
41030 38.8,-84.6
41031 38.4,-84.3
41033 38.8,-84.5
41034 38.7,-83.9
41035 38.7,-84.7
41039 38.4,-83.9
41040 38.7,-84.3
41041 38.4,-83.7
41042 39,-84.6
41043 38.8,-84.2
41044 38.6,-84
41045 38.7,-85
41046 38.7,-84.8
41048 39.1,-84.7
41049 38.3,-83.6
41051 38.9,-84.5
41052 38.7,-84.8
41055 38.5,-83.9
41056 38.6,-83.8
41059 39,-84.3
41063 38.9,-84.5
41064 38.5,-84.1
41071 39.1,-84.5
41073 39.1,-84.5
41074 39.1,-84.5
41075 39.1,-84.5
41076 39,-84.4
41080 39.1,-84.8
41083 38.7,-85
41085 39,-84.4
41086 38.7,-84.9
41091 38.9,-84.7
41092 38.8,-84.7
41093 38.4,-83.6
41094 38.9,-84.6
41095 38.8,-84.7
41097 38.6,-84.6
41098 38.6,-85
41101 38.5,-82.7
41102 38.4,-82.7
41121 38.4,-82.8
41124 38,-82.9
41129 38.3,-82.7
41132 38.3,-82.8
41135 38.4,-83.3
41139 38.5,-82.7
41141 38.6,-83.1
41142 38.3,-83.1
41143 38.3,-83
41144 38.5,-82.9
41146 38.3,-82.9
41149 38.1,-83.1
41159 38,-83
41164 38.3,-83.2
41166 38.6,-83.1
41168 38.3,-82.8
41169 38.5,-82.7
41171 38,-83.2
41174 38.7,-83
41175 38.6,-83
41179 38.5,-83.4
41180 38.2,-82.9
41181 38.2,-82.9
41183 38.6,-82.7
41189 38.5,-83.6
41201 38.1,-82.8
41203 37.9,-82.5
41204 37.8,-82.7
41214 37.8,-82.6
41216 37.7,-82.8
41219 37.9,-82.9
41222 37.8,-82.9
41224 37.8,-82.6
41226 38,-83
41230 38.1,-82.7
41231 37.8,-82.4
41232 37.9,-82.7
41234 37.8,-82.7
41238 37.8,-83
41240 37.8,-82.8
41250 37.7,-82.4
41254 37.9,-82.7
41255 37.9,-82.8
41256 37.8,-82.9
41257 37.9,-82.8
41260 37.8,-82.8
41262 37.8,-82.6
41263 37.9,-82.8
41264 37.9,-82.7
41265 37.8,-82.7
41267 37.9,-82.4
41268 37.8,-82.8
41271 37.8,-82.7
41274 37.9,-82.8
41301 37.7,-83.5
41310 37.6,-83.3
41311 37.6,-83.7
41314 37.4,-83.6
41317 37.5,-83.2
41332 37.8,-83.4
41339 37.5,-83.3
41348 37.4,-83.3
41351 37.3,-83.6
41352 37.8,-83.3
41360 37.8,-83.6
41364 37.4,-83.7
41365 37.7,-83.6
41366 37.6,-83.2
41367 37.4,-83.2
41385 37.7,-83.3
41386 37.5,-83.8
41390 37.4,-83.4
41397 37.7,-83.7
41408 37.8,-83.3
41421 38,-83.2
41425 37.9,-83.4
41464 37.6,-83
41465 37.7,-83.1
41472 37.9,-83.2
41501 37.5,-82.5
41503 37.7,-82.3
41512 37.3,-82.5
41513 37.4,-82.3
41514 37.7,-82.3
41517 37.2,-82.6
41519 37.6,-82.3
41522 37.3,-82.4
41524 37.4,-82.2
41526 37.4,-82.5
41527 37.6,-82.3
41528 37.6,-82.1
41531 37.6,-82.2
41534 37.3,-82.5
41535 37.6,-82.3
41537 37.2,-82.6
41538 37.3,-82.6
41539 37.5,-82.3
41540 37.4,-82.3
41543 37.5,-82.3
41544 37.6,-82.2
41547 37.5,-82.1
41548 37.4,-82.3
41553 37.5,-82.2
41554 37.4,-82.3
41555 37.5,-82.3
41557 37.5,-82.4
41558 37.5,-82.2
41559 37.4,-82.4
41560 37.4,-82.6
41562 37.4,-82.5
41563 37.2,-82.5
41564 37.6,-82.4
41566 37.4,-82.2
41567 37.6,-82.3
41568 37.5,-82
41571 37.6,-82.4
41572 37.3,-82.6
41601 37.6,-82.7
41602 37.7,-82.8
41603 37.6,-82.7
41604 37.4,-82.7
41605 37.6,-82.6
41606 37.3,-82.7
41607 37.6,-82.9
41612 37.4,-82.7
41615 37.5,-82.7
41616 37.6,-82.9
41619 37.5,-82.7
41621 37.6,-82.7
41622 37.5,-82.8
41630 37.4,-82.9
41631 37.5,-82.7
41632 37.6,-83
41635 37.5,-82.6
41636 37.4,-82.7
41640 37.5,-82.9
41642 37.6,-82.6
41643 37.4,-82.8
41645 37.5,-82.8
41647 37.4,-82.7
41649 37.6,-82.8
41650 37.3,-82.7
41651 37.5,-82.8
41653 37.7,-82.8
41655 37.5,-82.7
41659 37.6,-82.6
41660 37.4,-82.6
41663 37.6,-82.7
41666 37.4,-82.8
41667 37.3,-82.7
41669 37.3,-82.7
41701 37.3,-83.2
41712 37.4,-83.1
41713 37.2,-83.3
41714 37.2,-83.5
41719 37.3,-83.2
41721 37.3,-83.5
41722 37.4,-83.1
41723 37.3,-83.3
41725 37.3,-83
41727 37.4,-83.3
41729 37.3,-83.2
41731 37.1,-83.1
41735 37,-83.1
41739 37.3,-83.1
41740 37.4,-83
41745 37.3,-83.4
41746 37.2,-83.1
41749 37.2,-83.4
41751 37.2,-83.1
41754 37.3,-83.3
41759 37.2,-83
41760 37.2,-83.1
41762 37.2,-83.5
41763 37.1,-83.1
41764 37.1,-83.3
41766 37.2,-83.4
41772 37.4,-83
41773 37.3,-83
41774 37.2,-83.1
41775 37.1,-83.3
41776 37.2,-83.3
41777 37.1,-83.2
41778 37.3,-83.3
41804 37.2,-83
41810 37.2,-82.7
41812 37.3,-82.7
41815 37.2,-82.8
41817 37.4,-82.9
41819 37,-83.1
41821 37.1,-83
41822 37.3,-83
41824 37.2,-82.9
41825 37.2,-82.7
41826 37.2,-82.9
41828 37.3,-82.8
41831 37.4,-83
41832 37.2,-83
41833 37,-83
41834 37.3,-83
41835 37.2,-82.7
41836 37.3,-82.9
41837 37.1,-82.8
41838 37.2,-82.8
41839 37.4,-82.9
41840 37.2,-82.7
41843 37.3,-82.9
41844 37.3,-82.9
41845 37.1,-82.9
41847 37.2,-83
41848 37.1,-82.9
41849 37.2,-82.7
41855 37.2,-82.8
41858 37.1,-82.9
41859 37.4,-82.8
41861 37.4,-82.8
41862 37.3,-82.8
42001 37,-88.7
42003 37,-88.6
42020 36.7,-88.3
42021 36.8,-89
42022 37.1,-88.9
42023 36.9,-89
42024 37.1,-89.1
42025 36.9,-88.3
42027 36.9,-88.6
42028 37.2,-88.3
42029 37,-88.4
42031 36.7,-89
42032 36.7,-89.1
42035 36.9,-88.8
42036 36.7,-88.2
42037 37.2,-88.2
42038 37,-88
42039 36.8,-88.8
42040 36.6,-88.5
42041 36.6,-88.9
42044 37,-88.3
42045 37.1,-88.3
42047 37.3,-88.4
42048 36.8,-88.3
42049 36.5,-88.3
42050 36.5,-89.2
42051 36.9,-88.6
42053 37.1,-88.9
42054 36.7,-88.4
42055 37.1,-88.2
42056 37.1,-89
42058 37.1,-88.5
42060 37,-88.8
42061 36.9,-88.8
42064 37.3,-88.1
42066 36.7,-88.6
42069 36.9,-88.8
42071 36.6,-88.3
42076 36.6,-88.1
42078 37.3,-88.3
42079 36.5,-88.6
42081 37.2,-88.4
42082 36.9,-88.5
42083 37.2,-88.3
42085 36.6,-88.8
42086 37.1,-88.8
42087 37,-89
42088 36.6,-88.8
42101 37.1,-86.5
42103 37,-86.3
42104 36.9,-86.5
42120 36.7,-86.3
42122 36.9,-86.4
42123 36.8,-86
42124 36.9,-85.7
42127 37.1,-85.9
42129 37,-85.6
42130 36.9,-85.8
42131 36.8,-85.9
42133 36.7,-86
42134 36.7,-86.6
42140 36.7,-85.8
42141 36.9,-85.9
42151 36.7,-85.5
42153 36.7,-86
42154 37,-85.7
42156 36.9,-86
42157 36.8,-85.8
42159 37,-86.2
42160 37.1,-86.1
42163 37.1,-86.1
42164 36.8,-86.2
42166 36.9,-85.7
42167 36.7,-85.7
42170 36.9,-86.6
42171 37,-86.2
42202 36.7,-86.8
42204 36.7,-87.1
42206 36.9,-86.7
42207 37.3,-86.3
42210 37.2,-86.3
42211 36.8,-87.8
42214 37.1,-85.7
42215 37,-87.7
42217 37,-87.5
42220 36.9,-87.2
42223 36.6,-87.5
42232 36.9,-87.7
42234 36.7,-87.2
42236 36.7,-87.6
42240 36.9,-87.5
42252 37.2,-86.5
42254 36.7,-87.6
42256 37,-86.9
42259 37.2,-86.2
42261 37.2,-86.6
42262 36.7,-87.4
42265 36.7,-87
42266 36.7,-87.4
42273 37.2,-86.9
42274 37,-86.6
42275 37.2,-86.5
42276 36.9,-86.9
42280 37,-87.1
42285 37.3,-86.3
42286 36.7,-87.3
42301 37.7,-87.2
42303 37.8,-87.1
42320 37.3,-86.9
42321 37.2,-87.1
42322 37.6,-87.4
42323 37.2,-87
42324 37.1,-87
42325 37.3,-87.3
42326 37.2,-87
42327 37.6,-87.3
42328 37.4,-87
42330 37.3,-87.1
42332 37.3,-87.1
42333 37.4,-86.8
42337 37.2,-86.9
42338 37.6,-86.8
42339 37.1,-87
42343 37.7,-86.7
42344 37.3,-87.3
42345 37.1,-87.2
42347 37.5,-86.9
42348 37.8,-86.8
42349 37.4,-86.7
42350 37.5,-87.2
42351 37.9,-86.9
42352 37.5,-87.1
42354 37.4,-86.9
42355 37.9,-87
42356 37.7,-87.3
42361 37.5,-86.7
42366 37.7,-86.9
42367 37.2,-87.2
42368 37.7,-86.8
42369 37.3,-87
42370 37.4,-86.7
42371 37.5,-87.3
42372 37.4,-87.3
42374 37.3,-87.1
42376 37.6,-87.1
42378 37.7,-86.9
42404 37.5,-87.8
42406 37.7,-87.7
42408 37.2,-87.7
42409 37.5,-87.7
42410 37.3,-87.5
42411 37.2,-88
42413 37.4,-87.5
42420 37.8,-87.5
42431 37.3,-87.5
42436 37.4,-87.6
42437 37.6,-87.9
42440 37.2,-87.5
42441 37.4,-87.7
42442 37.2,-87.5
42444 37.6,-87.6
42445 37.1,-87.9
42450 37.4,-87.8
42451 37.9,-87.4
42452 37.7,-87.5
42453 37.2,-87.6
42455 37.6,-87.5
42456 37.5,-87.5
42458 37.9,-87.4
42459 37.6,-88
42461 37.8,-87.9
42462 37.7,-87.8
42463 37.5,-87.9
42464 37.2,-87.4
42501 37.1,-84.5
42503 37.2,-84.5
42516 37.2,-84.8
42518 36.9,-84.6
42519 37,-84.5
42528 37.2,-85
42533 37.1,-84.6
42539 37.3,-85
42541 37.4,-84.8
42544 37,-84.8
42553 37.2,-84.7
42565 37.1,-84.9
42566 37.3,-84.8
42567 37.3,-84.6
42602 36.7,-85.1
42603 36.8,-85
42629 36.9,-85.1
42631 36.7,-84.5
42633 36.8,-84.8
42634 36.9,-84.4
42635 36.7,-84.4
42638 36.7,-84.5
42642 37.1,-85
42647 36.7,-84.6
42649 36.6,-84.4
42653 36.8,-84.5
42701 37.7,-85.8
42712 37.6,-86.2
42713 37.4,-85.9
42715 36.9,-85.4
42716 37.5,-85.7
42717 36.8,-85.4
42718 37.4,-85.4
42721 37.4,-86.5
42722 37.3,-85.7
42724 37.7,-86.1
42726 37.4,-86.2
42728 37.1,-85.3
42729 37.3,-86.1
42732 37.6,-86.1
42733 37.3,-85.2
42740 37.6,-85.9
42741 37,-85.3
42742 37.1,-85.5
42743 37.2,-85.5
42746 37.2,-85.7
42748 37.6,-85.7
42749 37.2,-85.9
42753 37.2,-85.2
42754 37.5,-86.3
42757 37.4,-85.7
42758 37.4,-85.2
42759 36.8,-85.5
42762 37.5,-86.4
42764 37.4,-85.6
42765 37.3,-85.9
42776 37.5,-85.9
42782 37.3,-85.6
42784 37.5,-85.9
42788 37.5,-86
43001 40.1,-82.6
43002 40.1,-83.2
43003 40.4,-83
43004 40,-82.8
43005 40.3,-82.3
43006 40.5,-82.1
43007 40.3,-83.4
43008 39.9,-82.5
43009 40.2,-83.6
43010 40,-83.6
43011 40.3,-82.7
43013 40.2,-82.7
43014 40.5,-82.2
43015 40.3,-83.1
43016 40.1,-83.2
43017 40.1,-83.1
43018 40,-82.7
43019 40.5,-82.6
43021 40.2,-82.9
43022 40.3,-82.3
43023 40.1,-82.5
43025 40,-82.5
43026 40,-83.2
43027 40.3,-82.5
43028 40.4,-82.3
43029 40.1,-83.4
43030 40,-82.4
43031 40.2,-82.7
43032 40.3,-83
43033 40,-82.6
43035 40.2,-83
43036 40.4,-83.3
43037 40.3,-82.3
43040 40.3,-83.4
43044 40.1,-83.6
43045 40.2,-83.5
43046 39.9,-82.5
43047 40.2,-83.6
43050 40.4,-82.5
43054 40.1,-82.8
43055 40.1,-82.4
43056 40,-82.3
43060 40.2,-83.6
43061 40.3,-83.2
43062 40,-82.7
43064 40.1,-83.3
43065 40.2,-83.1
43066 40.4,-83.2
43067 40.3,-83.5
43068 40,-82.8
43070 40.2,-84
43071 40.2,-82.4
43072 40.1,-84
43074 40.3,-82.9
43076 39.9,-82.4
43077 40.1,-83.3
43078 40.1,-83.8
43080 40.2,-82.4
43081 40.1,-82.9
43082 40.2,-82.9
43084 40.2,-83.6
43085 40.1,-83
43101 39.5,-82.7
43102 39.6,-82.8
43103 39.7,-82.9
43105 39.9,-82.6
43106 39.6,-83.4
43107 39.7,-82.4
43109 39.9,-82.8
43110 39.8,-82.8
43111 39.5,-82.2
43112 39.8,-82.7
43113 39.6,-83
43115 39.5,-83.2
43116 39.8,-83.1
43117 39.8,-83.2
43119 39.9,-83.2
43123 39.9,-83.1
43125 39.8,-82.9
43126 39.8,-83.2
43127 39.5,-82.3
43128 39.7,-83.6
43130 39.7,-82.6
43135 39.5,-82.7
43136 39.8,-82.8
43137 39.8,-83
43138 39.5,-82.4
43140 39.9,-83.4
43142 39.6,-83.6
43143 39.7,-83.3
43144 39.5,-82.2
43145 39.6,-83.3
43146 39.8,-83.1
43147 39.9,-82.7
43148 39.8,-82.5
43149 39.5,-82.6
43150 39.8,-82.4
43151 39.7,-83.5
43152 39.4,-82.6
43153 39.7,-83.6
43154 39.6,-82.8
43155 39.6,-82.5
43156 39.6,-82.8
43157 39.8,-82.5
43158 39.5,-82.4
43160 39.5,-83.4
43162 39.9,-83.3
43164 39.6,-83.1
43201 40,-83
43202 40,-83
43203 40,-83
43204 40,-83.1
43205 40,-83
43206 39.9,-83
43207 39.9,-83
43209 40,-82.9
43210 40,-83
43211 40,-83
43212 40,-83
43213 40,-82.9
43214 40.1,-83
43215 40,-83
43217 39.8,-82.9
43218 40,-82.9
43219 40,-82.9
43220 40,-83.1
43221 40,-83.1
43222 40,-83
43223 39.9,-83
43224 40,-83
43227 39.9,-82.9
43228 40,-83.1
43229 40.1,-83
43230 40,-82.9
43231 40.1,-82.9
43232 39.9,-82.9
43235 40.1,-83.1
43240 40.1,-83
43302 40.6,-83.1
43310 40.5,-83.8
43311 40.4,-83.8
43314 40.6,-83
43315 40.5,-82.9
43316 41,-83.4
43317 40.5,-82.7
43318 40.3,-83.9
43319 40.3,-83.6
43320 40.6,-82.9
43321 40.5,-82.8
43322 40.5,-83.2
43323 40.7,-83.3
43324 40.4,-83.8
43325 40.7,-82.8
43326 40.6,-83.6
43330 40.8,-83.4
43331 40.5,-83.9
43332 40.6,-83.4
43333 40.4,-83.9
43334 40.4,-82.8
43336 40.3,-83.6
43337 40.7,-83.3
43338 40.6,-82.8
43340 40.5,-83.5
43341 40.6,-83.3
43342 40.5,-83.2
43343 40.3,-84
43344 40.4,-83.3
43345 40.5,-83.6
43346 40.6,-83.8
43347 40.5,-83.7
43348 40.5,-83.9
43350 40.4,-82.7
43351 40.8,-83.3
43356 40.5,-83
43357 40.3,-83.7
43358 40.4,-83.5
43359 40.9,-83.5
43360 40.3,-83.6
43402 41.4,-83.7
43403 41.4,-83.6
43406 41.3,-83.4
43407 41.3,-83.2
43408 41.6,-83.4
43410 41.3,-83
43412 41.6,-83.3
43413 41.2,-83.7
43414 41.5,-83.6
43416 41.5,-83.3
43420 41.4,-83.1
43430 41.5,-83.4
43431 41.4,-83.3
43432 41.6,-83.3
43433 41.5,-82.9
43434 41.7,-83.4
43435 41.3,-83.3
43436 41.7,-82.8
43437 41.3,-83.6
43438 41.6,-82.7
43439 41.5,-83
43440 41.5,-82.8
43442 41.4,-83.2
43443 41.5,-83.5
43445 41.6,-83.3
43446 41.7,-82.8
43447 41.6,-83.4
43449 41.5,-83.1
43450 41.4,-83.5
43451 41.3,-83.6
43452 41.5,-83
43456 41.7,-82.8
43457 41.3,-83.4
43458 41.5,-83.2
43460 41.6,-83.6
43462 41.3,-83.7
43463 41.5,-83.5
43464 41.4,-82.9
43465 41.6,-83.5
43466 41.3,-83.5
43467 41.2,-83.5
43468 41.6,-83.3
43469 41.5,-83.4
43501 41.7,-84.5
43502 41.5,-84.3
43504 41.7,-83.8
43505 41.5,-84.7
43506 41.5,-84.6
43510 41.5,-83.9
43511 41.3,-83.8
43512 41.3,-84.4
43515 41.6,-84
43516 41.2,-83.9
43517 41.4,-84.7
43518 41.6,-84.8
43519 41.4,-84.4
43520 41.4,-84.6
43521 41.7,-84.3
43522 41.4,-83.8
43523 41.3,-84
43524 41.2,-84
43525 41.5,-83.7
43526 41.3,-84.7
43527 41.2,-84.2
43528 41.6,-83.7
43529 41.2,-83.8
43530 41.3,-84.3
43531 41.6,-84.5
43532 41.4,-84
43533 41.7,-84.1
43534 41.3,-83.9
43535 41.3,-84
43536 41.3,-84.6
43537 41.6,-83.7
43540 41.7,-83.9
43541 41.3,-83.8
43542 41.6,-83.8
43543 41.6,-84.6
43545 41.4,-84.1
43547 41.5,-83.9
43548 41.2,-84.2
43549 41.4,-84.5
43551 41.5,-83.6
43553 41.5,-84.2
43554 41.7,-84.6
43555 41.4,-84.3
43556 41.3,-84.6
43557 41.5,-84.4
43558 41.6,-83.9
43560 41.7,-83.7
43565 41.4,-83.7
43566 41.5,-83.8
43567 41.6,-84.2
43569 41.3,-83.8
43570 41.6,-84.4
43571 41.5,-83.8
43604 41.7,-83.5
43605 41.6,-83.5
43606 41.7,-83.6
43607 41.6,-83.6
43608 41.7,-83.5
43609 41.6,-83.6
43610 41.7,-83.6
43611 41.7,-83.5
43612 41.7,-83.6
43613 41.7,-83.6
43614 41.6,-83.6
43615 41.6,-83.7
43616 41.7,-83.4
43617 41.7,-83.7
43619 41.6,-83.5
43620 41.7,-83.6
43623 41.7,-83.7
43701 40,-82
43711 39.8,-81.6
43713 40,-81.2
43716 39.8,-81
43717 39.8,-81.6
43718 40,-81
43719 40,-81.1
43720 39.8,-81.9
43721 39.9,-82.3
43722 39.9,-81.5
43723 40,-81.5
43724 39.7,-81.5
43725 40,-81.6
43727 39.9,-81.8
43728 39.5,-81.9
43730 39.6,-82.1
43731 39.7,-82.1
43732 39.8,-81.7
43733 39.9,-81.5
43734 39.9,-81.9
43735 39.9,-82.1
43736 40.1,-81.2
43738 39.9,-82.1
43739 39.9,-82.3
43740 40,-82.2
43746 40,-82.2
43747 39.9,-81.1
43748 39.7,-82.3
43749 40.2,-81.6
43750 40,-81.5
43754 39.8,-81.2
43755 40.1,-81.4
43756 39.7,-81.8
43758 39.6,-81.9
43759 40.1,-81.1
43760 39.9,-82.2
43761 39.7,-82.1
43762 40,-81.7
43764 39.7,-82.2
43766 39.6,-82.3
43767 40,-81.8
43768 40,-81.4
43771 39.8,-81.9
43772 39.9,-81.5
43773 40,-81.3
43777 39.8,-82.1
43778 40,-81.4
43779 39.8,-81.4
43780 39.9,-81.4
43782 39.6,-82.2
43783 39.8,-82.3
43786 39.7,-81.3
43787 39.5,-81.8
43788 39.8,-81.3
43791 39.9,-82.1
43793 39.7,-81.1
43802 40.1,-81.9
43804 40.5,-81.7
43805 40.4,-82
43811 40.2,-81.9
43812 40.3,-81.9
43821 40.1,-82
43822 40.2,-82.2
43824 40.4,-81.8
43830 40.1,-82.1
43832 40.3,-81.6
43836 40.2,-81.7
43837 40.3,-81.5
43840 40.4,-81.6
43842 40.1,-82
43843 40.3,-82.2
43844 40.3,-82.1
43845 40.3,-81.7
43901 40.2,-80.9
43902 39.9,-81
43903 40.5,-81
43905 40.1,-80.8
43906 40,-80.8
43907 40.2,-81
43908 40.5,-80.9
43909 40.1,-80.8
43910 40.4,-80.8
43912 40.1,-80.8
43913 40.3,-80.6
43914 39.8,-81
43915 39.7,-80.9
43917 40.2,-80.8
43920 40.7,-80.6
43925 40.4,-80.9
43926 40.5,-80.6
43928 40,-80.9
43930 40.6,-80.8
43931 39.7,-80.9
43932 40.5,-80.7
43933 39.9,-80.9
43934 40.1,-80.8
43935 40.1,-80.7
43938 40.3,-80.7
43939 40.2,-80.8
43940 40,-80.8
43942 39.9,-80.9
43943 40.2,-80.7
43944 40.4,-80.8
43945 40.6,-80.9
43946 39.6,-81
43947 40,-80.8
43948 40.3,-80.8
43950 40.1,-80.9
43951 40.1,-81
43952 40.4,-80.7
43953 40.4,-80.7
43961 40.5,-80.6
43962 40.7,-80.9
43963 40.2,-80.7
43964 40.5,-80.7
43967 40,-80.9
43968 40.6,-80.7
43971 40.2,-80.7
43972 40.1,-81
43973 40.2,-81.3
43974 40.2,-80.9
43976 40.4,-80.9
43977 40.1,-81.1
43981 40.2,-81
43983 40.1,-81.2
43985 40.2,-81.1
43986 40.4,-81
43988 40.4,-81.1
44001 41.4,-82.3
44003 41.6,-80.6
44004 41.9,-80.8
44010 41.8,-80.8
44011 41.4,-82
44012 41.5,-82
44017 41.4,-81.9
44021 41.4,-81.1
44022 41.4,-81.4
44023 41.4,-81.3
44024 41.6,-81.2
44026 41.5,-81.3
44028 41.3,-81.9
44030 41.9,-80.6
44032 41.7,-80.7
44035 41.4,-82.1
44039 41.4,-82
44040 41.5,-81.4
44041 41.8,-80.9
44044 41.3,-82
44045 41.7,-81.3
44046 41.5,-81.1
44047 41.7,-80.7
44048 41.9,-80.6
44049 41.3,-82.3
44050 41.2,-82.1
44052 41.5,-82.2
44053 41.4,-82.2
44054 41.5,-82.1
44055 41.4,-82.1
44056 41.3,-81.5
44057 41.8,-81.1
44060 41.7,-81.3
44062 41.5,-81
44064 41.6,-81
44065 41.5,-81.2
44067 41.3,-81.5
44068 41.9,-80.7
44070 41.4,-81.9
44072 41.5,-81.3
44074 41.3,-82.2
44076 41.5,-80.8
44077 41.7,-81.2
44080 41.4,-81.1
44081 41.8,-81.1
44082 41.8,-80.6
44084 41.7,-80.9
44085 41.6,-80.9
44086 41.7,-81.1
44087 41.3,-81.4
44089 41.4,-82.4
44090 41.2,-82.2
44092 41.6,-81.5
44093 41.5,-80.6
44094 41.6,-81.4
44095 41.7,-81.4
44099 41.5,-81
44101 41.5,-81.7
44102 41.5,-81.7
44103 41.5,-81.6
44104 41.5,-81.6
44105 41.4,-81.6
44106 41.5,-81.6
44107 41.5,-81.8
44108 41.5,-81.6
44109 41.4,-81.7
44110 41.6,-81.6
44111 41.5,-81.8
44112 41.5,-81.6
44113 41.5,-81.7
44114 41.5,-81.7
44115 41.5,-81.7
44116 41.5,-81.9
44117 41.6,-81.5
44118 41.5,-81.6
44119 41.6,-81.5
44120 41.5,-81.6
44121 41.5,-81.5
44122 41.5,-81.5
44123 41.6,-81.5
44124 41.5,-81.5
44125 41.4,-81.6
44126 41.4,-81.9
44127 41.5,-81.6
44128 41.4,-81.5
44129 41.4,-81.7
44130 41.4,-81.8
44131 41.4,-81.7
44132 41.6,-81.5
44133 41.3,-81.7
44134 41.4,-81.7
44135 41.4,-81.8
44136 41.3,-81.8
44137 41.4,-81.6
44138 41.4,-81.9
44139 41.4,-81.4
44140 41.5,-81.9
44141 41.3,-81.6
44142 41.4,-81.8
44143 41.6,-81.5
44144 41.4,-81.7
44145 41.4,-81.9
44146 41.4,-81.5
44147 41.3,-81.7
44149 41.3,-81.9
44201 41,-81.2
44202 41.3,-81.3
44203 41,-81.6
44212 41.2,-81.8
44214 41,-82
44215 41.1,-81.9
44216 40.9,-81.6
44217 41,-81.9
44221 41.1,-81.5
44223 41.2,-81.5
44224 41.2,-81.4
44230 41,-81.7
44231 41.3,-81.1
44232 40.9,-81.5
44233 41.2,-81.7
44234 41.3,-81.2
44235 41,-82.1
44236 41.2,-81.4
44240 41.1,-81.3
44241 41.2,-81.3
44243 41.1,-81.3
44250 41,-81.4
44251 41,-81.9
44253 41.2,-82
44254 41,-82
44255 41.3,-81.2
44256 41.1,-81.9
44260 41,-81.3
44262 41.1,-81.4
44264 41.2,-81.5
44266 41.2,-81.2
44270 41,-81.8
44272 41.1,-81.2
44273 41,-81.9
44274 41.1,-81.7
44275 41.1,-82.1
44276 40.9,-81.8
44278 41.1,-81.4
44280 41.2,-81.9
44281 41.1,-81.7
44285 41.2,-81.1
44286 41.2,-81.6
44287 40.9,-82.1
44288 41.2,-81.1
44301 41,-81.5
44302 41.1,-81.5
44303 41.1,-81.5
44304 41.1,-81.5
44305 41.1,-81.5
44306 41,-81.5
44307 41.1,-81.5
44308 41.1,-81.5
44310 41.1,-81.5
44311 41.1,-81.5
44312 41,-81.4
44313 41.1,-81.6
44314 41,-81.6
44319 41,-81.5
44320 41.1,-81.6
44321 41.1,-81.6
44325 41.1,-81.5
44333 41.2,-81.6
44401 41,-80.9
44402 41.4,-80.9
44403 41.2,-80.6
44404 41.3,-80.6
44405 41.1,-80.6
44406 41,-80.8
44408 40.9,-80.7
44410 41.3,-80.7
44411 41,-81.1
44412 41.1,-81
44413 40.8,-80.5
44415 40.8,-80.7
44417 41.4,-80.7
44418 41.3,-80.6
44420 41.2,-80.7
44423 40.7,-80.9
44424 41.3,-80.6
44425 41.2,-80.6
44427 40.7,-81
44428 41.4,-80.6
44429 41.1,-81
44430 41.2,-80.9
44431 40.8,-80.8
44432 40.7,-80.7
44436 41.1,-80.5
44437 41.2,-80.7
44438 41.2,-80.5
44439 41.5,-81
44440 41.1,-80.8
44441 40.8,-80.5
44442 41,-80.5
44443 40.9,-80.6
44444 41.2,-81
44445 40.8,-80.6
44446 41.2,-80.7
44449 41,-81
44450 41.4,-80.8
44451 41.1,-80.9
44452 40.9,-80.7
44454 40.9,-80.5
44455 40.8,-80.6
44460 40.9,-80.9
44470 41.3,-81
44471 41.1,-80.6
44473 41.2,-80.7
44481 41.2,-80.9
44483 41.3,-80.8
44484 41.2,-80.7
44485 41.2,-80.8
44490 40.9,-80.8
44491 41.4,-81
44493 40.8,-80.9
44502 41.1,-80.6
44503 41.1,-80.6
44504 41.1,-80.7
44505 41.1,-80.6
44506 41.1,-80.6
44507 41.1,-80.7
44509 41.1,-80.7
44510 41.1,-80.7
44511 41.1,-80.7
44512 41,-80.7
44514 41,-80.6
44515 41.1,-80.8
44555 41.1,-80.6
44601 40.9,-81.1
44606 40.7,-81.8
44607 40.7,-81
44608 40.7,-81.6
44609 40.9,-81
44610 40.6,-81.8
44611 40.6,-82.1
44612 40.6,-81.5
44613 40.7,-81.6
44614 40.9,-81.6
44615 40.6,-81.1
44618 40.8,-81.7
44619 40.9,-81
44620 40.6,-81.2
44621 40.4,-81.3
44622 40.6,-81.5
44624 40.6,-81.7
44625 40.7,-81
44626 40.7,-81.4
44627 40.7,-81.8
44628 40.5,-82.1
44629 40.3,-81.5
44630 40.9,-81.4
44632 41,-81.3
44633 40.6,-81.9
44634 40.8,-81
44637 40.5,-82
44638 40.6,-82.1
44639 40.5,-81.2
44640 41,-81.2
44641 40.9,-81.2
44643 40.6,-81.3
44644 40.7,-81.2
44645 40.9,-81.7
44646 40.8,-81.5
44647 40.8,-81.6
44651 40.6,-81
44652 40.9,-81.3
44653 40.4,-81.4
44654 40.5,-81.9
44656 40.6,-81.3
44657 40.7,-81.1
44659 40.7,-81.7
44660 40.6,-81.8
44661 40.6,-82.1
44662 40.7,-81.6
44663 40.5,-81.4
44665 40.8,-81
44666 40.8,-81.6
44667 40.8,-81.8
44669 40.8,-81.2
44670 40.8,-81.2
44671 40.6,-81.4
44672 40.9,-81
44675 40.5,-81.3
44676 40.7,-82
44677 40.9,-81.9
44678 40.6,-81.4
44680 40.6,-81.5
44681 40.5,-81.7
44682 40.4,-81.4
44683 40.4,-81.3
44685 41,-81.4
44687 40.5,-81.7
44688 40.7,-81.3
44689 40.6,-81.7
44690 40.6,-81.7
44691 40.8,-82
44693 40.3,-81.2
44695 40.4,-81.2
44697 40.6,-81.4
44699 40.3,-81.3
44702 40.8,-81.4
44703 40.8,-81.4
44704 40.8,-81.3
44705 40.8,-81.3
44706 40.8,-81.4
44707 40.8,-81.3
44708 40.8,-81.4
44709 40.8,-81.4
44710 40.8,-81.4
44714 40.8,-81.4
44718 40.8,-81.5
44720 40.9,-81.4
44721 40.9,-81.3
44730 40.8,-81.3
44802 41,-83.4
44804 41.1,-83.5
44805 40.9,-82.3
44807 41.1,-82.9
44809 41.1,-83.3
44811 41.2,-82.8
44813 40.6,-82.5
44814 41.3,-82.5
44815 41.2,-83.2
44817 41.2,-83.5
44818 41,-83
44820 40.8,-83
44822 40.6,-82.4
44824 41.4,-82.8
44825 41,-82.9
44826 41.2,-82.5
44827 40.8,-82.8
44828 41.2,-82.9
44830 41.2,-83.4
44833 40.7,-82.8
44836 41.2,-83.1
44837 41,-82.5
44838 40.8,-82.3
44839 41.4,-82.5
44840 40.8,-82.2
44841 41.3,-83.3
44842 40.6,-82.2
44843 40.7,-82.4
44844 41,-83.3
44846 41.3,-82.6
44847 41.2,-82.7
44849 40.8,-83.1
44850 41,-82.7
44851 41.1,-82.4
44853 41.1,-83.3
44854 40.9,-82.9
44855 41.1,-82.6
44856 40.8,-82.9
44857 41.2,-82.6
44859 41,-82.3
44861 41.2,-83.1
44864 40.7,-82.3
44865 41,-82.7
44866 40.9,-82.2
44867 41.1,-83
44870 41.4,-82.7
44874 41,-82.4
44875 40.9,-82.7
44878 41,-82.5
44880 41,-82.2
44881 40.9,-82.9
44882 40.9,-83.1
44883 41.1,-83.2
44887 40.9,-82.8
44889 41.2,-82.4
44890 41.1,-82.7
44901 40.8,-82.5
44902 40.8,-82.5
44903 40.8,-82.5
44904 40.7,-82.6
44905 40.8,-82.5
44906 40.8,-82.6
44907 40.7,-82.5
45001 39.1,-84.7
45002 39.2,-84.8
45003 39.6,-84.8
45005 39.5,-84.3
45011 39.4,-84.5
45013 39.4,-84.7
45014 39.3,-84.6
45015 39.4,-84.6
45030 39.3,-84.8
45032 39.5,-84
45033 39.2,-84.8
45034 39.4,-84.2
45036 39.4,-84.2
45039 39.3,-84.2
45040 39.4,-84.3
45041 39.2,-84.7
45042 39.6,-84.4
45044 39.5,-84.4
45050 39.4,-84.4
45051 39.1,-84.7
45052 39.1,-84.8
45053 39.4,-84.8
45054 39.4,-84.1
45055 39.5,-84.5
45056 39.5,-84.7
45062 39.5,-84.6
45064 39.6,-84.6
45065 39.4,-84.2
45066 39.5,-84.2
45067 39.5,-84.5
45068 39.5,-84
45069 39.3,-84.4
45070 39.6,-84.6
45101 38.7,-83.7
45102 39,-84.2
45103 39.1,-84.1
45105 38.8,-83.6
45106 38.9,-84.1
45107 39.3,-84
45111 39.2,-84.3
45112 38.8,-84.1
45113 39.4,-84
45115 38.8,-83.7
45118 39.2,-83.9
45119 38.9,-84
45120 38.8,-84.1
45121 38.9,-83.9
45122 39.2,-84.1
45123 39.3,-83.4
45130 38.9,-84
45131 38.8,-84
45132 39.3,-83.6
45133 39.2,-83.6
45135 39.3,-83.5
45140 39.3,-84.2
45142 39.2,-83.8
45144 38.7,-83.6
45146 39.3,-83.8
45147 39.2,-84.3
45148 39.3,-83.9
45150 39.2,-84.2
45152 39.4,-84.1
45153 38.9,-84.2
45154 39.1,-83.9
45155 39,-83.8
45156 38.8,-84.2
45157 39,-84.2
45158 39.2,-84.1
45159 39.3,-83.7
45160 39.1,-84.1
45162 39.3,-84.1
45164 39.6,-83.8
45166 39.5,-83.7
45167 38.8,-83.8
45168 38.8,-83.8
45169 39.5,-83.7
45171 39,-83.8
45172 39.1,-83.4
45174 39.2,-84.3
45176 39.1,-84
45177 39.5,-83.8
45202 39.1,-84.5
45203 39.1,-84.5
45204 39.1,-84.6
45205 39.1,-84.6
45206 39.1,-84.5
45207 39.1,-84.5
45208 39.1,-84.4
45209 39.2,-84.4
45211 39.2,-84.6
45212 39.2,-84.5
45213 39.2,-84.4
45214 39.1,-84.5
45215 39.2,-84.5
45216 39.2,-84.5
45217 39.2,-84.5
45218 39.3,-84.5
45219 39.1,-84.5
45220 39.1,-84.5
45223 39.2,-84.6
45224 39.2,-84.5
45225 39.1,-84.6
45226 39.1,-84.4
45227 39.2,-84.4
45229 39.2,-84.5
45230 39.1,-84.4
45231 39.2,-84.5
45232 39.2,-84.5
45233 39.1,-84.7
45236 39.2,-84.4
45237 39.2,-84.5
45238 39.1,-84.6
45239 39.2,-84.6
45240 39.3,-84.5
45241 39.3,-84.4
45242 39.2,-84.4
45243 39.2,-84.3
45244 39.1,-84.3
45245 39.1,-84.3
45246 39.3,-84.5
45247 39.2,-84.7
45248 39.2,-84.7
45249 39.3,-84.3
45251 39.3,-84.6
45252 39.3,-84.6
45255 39.1,-84.3
45267 39.1,-84.5
45301 39.7,-84
45302 40.4,-84.2
45303 40.2,-84.7
45304 40,-84.5
45305 39.6,-84.1
45306 40.5,-84.2
45307 39.6,-83.7
45308 40.1,-84.5
45309 39.8,-84.4
45310 40.4,-84.6
45311 39.6,-84.7
45312 40.1,-84.1
45314 39.7,-83.8
45315 39.9,-84.3
45316 39.8,-83.8
45317 40.2,-84
45318 40.1,-84.4
45319 39.9,-83.9
45320 39.8,-84.7
45321 39.9,-84.7
45322 39.9,-84.3
45323 39.9,-83.9
45324 39.8,-84
45325 39.7,-84.4
45326 40.1,-84.1
45327 39.6,-84.4
45328 40.1,-84.5
45330 39.6,-84.5
45331 40.1,-84.7
45332 40,-84.8
45333 40.2,-84.3
45334 40.4,-84
45335 39.6,-83.7
45336 40.4,-84.3
45337 40,-84.4
45338 39.9,-84.5
45339 40,-84.3
45340 40.4,-84.1
45341 39.9,-84
45342 39.6,-84.3
45344 40,-84
45345 39.7,-84.4
45346 40,-84.7
45347 39.9,-84.8
45348 40.3,-84.7
45349 40,-83.9
45350 40.3,-84.6
45351 40.3,-84.5
45352 40.1,-84.7
45353 40.3,-84
45354 39.9,-84.4
45356 40.2,-84.2
45358 40,-84.5
45359 40,-84.4
45360 40.3,-84.1
45361 40,-84.4
45362 40.3,-84.6
45363 40.2,-84.4
45365 40.3,-84.2
45368 39.8,-83.6
45369 40,-83.6
45370 39.6,-84
45371 39.9,-84.2
45372 40,-83.8
45373 40,-84.2
45377 39.9,-84.2
45378 39.9,-84.5
45380 40.2,-84.5
45381 39.7,-84.5
45382 39.9,-84.6
45383 40,-84.3
45384 39.7,-83.9
45385 39.7,-83.9
45387 39.8,-83.9
45388 40.3,-84.5
45389 40.1,-84
45390 40.2,-84.8
45402 39.8,-84.2
45403 39.8,-84.1
45404 39.8,-84.2
45405 39.8,-84.2
45406 39.8,-84.2
45409 39.7,-84.2
45410 39.7,-84.2
45414 39.8,-84.2
45415 39.8,-84.3
45416 39.8,-84.3
45417 39.7,-84.3
45419 39.7,-84.2
45420 39.7,-84.1
45423 39.8,-84.2
45424 39.9,-84.1
45426 39.8,-84.3
45428 39.7,-84.3
45429 39.7,-84.2
45430 39.7,-84.1
45431 39.8,-84.1
45432 39.7,-84.1
45433 39.8,-84
45434 39.7,-84
45435 39.8,-84.1
45439 39.7,-84.2
45440 39.7,-84.1
45449 39.7,-84.2
45458 39.6,-84.2
45459 39.6,-84.2
45469 39.7,-84.2
45501 39.9,-83.8
45502 40,-83.9
45503 40,-83.8
45504 39.9,-83.9
45505 39.9,-83.8
45506 39.9,-83.8
45601 39.3,-83
45612 39.2,-83.3
45613 39,-82.9
45614 38.9,-82.3
45616 38.7,-83.3
45617 39.3,-83.2
45618 38.9,-83.6
45619 38.5,-82.5
45620 39,-82.1
45621 39.1,-82.6
45622 39.4,-82.5
45623 38.6,-82.3
45624 39.2,-83.3
45628 39.4,-83.2
45629 38.7,-82.8
45630 38.7,-83.1
45631 38.8,-82.3
45634 39.2,-82.5
45636 38.6,-82.8
45638 38.6,-82.7
45640 39,-82.7
45642 39,-83.1
45644 39.4,-82.8
45645 38.6,-82.5
45646 39.1,-83.3
45647 39.3,-82.7
45648 38.9,-83
45650 38.7,-83.4
45651 39.3,-82.5
45652 38.8,-83.1
45653 38.9,-82.8
45654 39.4,-82.4
45656 38.9,-82.6
45657 38.8,-83.2
45658 38.8,-82.4
45659 38.7,-82.6
45660 39,-83.4
45661 39,-83.1
45662 38.8,-82.9
45663 38.7,-83.1
45669 38.5,-82.4
45671 39,-83.2
45672 39.2,-82.7
45673 39.2,-82.8
45674 38.9,-82.4
45677 38.8,-82.8
45678 38.6,-82.4
45679 39,-83.6
45680 38.5,-82.5
45681 39.3,-83.3
45682 38.8,-82.7
45684 38.7,-83.2
45685 38.9,-82.5
45686 39,-82.4
45688 38.7,-82.5
45690 39.1,-83
45692 39.1,-82.5
45693 38.8,-83.5
45694 38.7,-82.8
45695 39.2,-82.4
45696 38.6,-82.5
45697 38.9,-83.7
45698 39.3,-82.4
45699 38.9,-83
45701 39.3,-82.1
45710 39.2,-82.2
45711 39.4,-81.9
45714 39.3,-81.6
45715 39.6,-81.6
45716 39.5,-82.2
45719 39.4,-82.1
45720 39.1,-81.9
45721 39.6,-81.6
45723 39.2,-81.8
45724 39.4,-81.8
45727 39.6,-81.5
45729 39.4,-81.6
45732 39.5,-82.1
45734 39.6,-81.2
45735 39.2,-81.9
45739 39.2,-81.7
45740 39.5,-82.1
45741 39.1,-82.2
45742 39.3,-81.7
45743 39.1,-81.8
45744 39.5,-81.5
45745 39.6,-81.3
45746 39.6,-81.5
45750 39.4,-81.4
45760 39,-82.1
45761 39.4,-82.1
45764 39.4,-82.2
45766 39.3,-82.3
45767 39.5,-81.1
45768 39.4,-81.3
45769 39.1,-82.1
45770 39,-81.8
45771 39,-81.9
45772 39.1,-81.8
45773 39.4,-81.3
45775 39.1,-82.2
45776 39.2,-82
45778 39.4,-81.9
45779 39,-82
45780 39.4,-82.1
45782 39.5,-82.1
45783 39.2,-81.8
45784 39.4,-81.7
45786 39.5,-81.7
45788 39.5,-81.4
45789 39.6,-81.3
45801 40.8,-84
45804 40.7,-84.1
45805 40.7,-84.2
45806 40.7,-84.1
45807 40.8,-84.2
45808 40.8,-84
45809 40.8,-84.2
45810 40.8,-83.8
45812 40.7,-83.8
45813 41.2,-84.7
45814 40.9,-83.6
45815 41.2,-83.9
45816 41,-83.8
45817 40.9,-83.9
45819 40.6,-84.3
45820 40.8,-84.1
45821 41.2,-84.6
45822 40.6,-84.6
45826 40.4,-84.5
45827 41,-84.3
45828 40.5,-84.7
45830 40.9,-84.1
45831 41.1,-84.3
45832 40.9,-84.7
45833 40.8,-84.4
45835 40.8,-83.7
45836 40.8,-83.6
45838 40.7,-84.5
45840 41,-83.6
45841 40.9,-83.7
45843 40.8,-83.5
45844 40.9,-84.3
45845 40.3,-84.4
45846 40.4,-84.7
45848 41,-84.1
45849 41,-84.4
45850 40.7,-83.9
45851 41,-84.6
45853 41,-84.2
45854 40.8,-84
45855 41.1,-84.6
45856 41.1,-84
45858 41.1,-83.8
45859 40.7,-83.8
45860 40.4,-84.5
45861 41.1,-84.4
45862 40.7,-84.5
45863 40.9,-84.5
45864 41.1,-84.1
45865 40.4,-84.4
45866 40.5,-84.6
45867 40.9,-83.5
45868 41,-83.9
45869 40.5,-84.4
45870 40.6,-84
45871 40.5,-84.3
45872 41.2,-83.7
45873 41.1,-84.4
45874 40.8,-84.7
45875 41,-84.1
45876 40.9,-84.3
45877 41,-83.9
45879 41.1,-84.6
45880 41.1,-84.7
45881 40.9,-83.8
45882 40.7,-84.7
45883 40.4,-84.6
45884 40.5,-84.1
45885 40.6,-84.4
45886 41,-84.6
45887 40.7,-84.4
45888 40.6,-84.1
45889 41.2,-83.6
45890 41,-83.5
45891 40.9,-84.6
45893 40.9,-84.1
45894 40.8,-84.5
45895 40.6,-84.1
45896 40.6,-83.9
45897 40.8,-83.7
45898 40.7,-84.8
45899 40.8,-84.8
46001 40.3,-85.7
46011 40.1,-85.8
46012 40.1,-85.6
46013 40.1,-85.7
46016 40.1,-85.7
46017 40.1,-85.6
46030 40.2,-86
46031 40.2,-86
46032 40,-86.2
46033 40,-86.1
46034 40.1,-86
46035 40.2,-86.7
46036 40.3,-85.8
46037 40,-85.9
46038 40,-86
46039 40.4,-86.3
46040 39.9,-85.8
46041 40.3,-86.5
46044 40.2,-85.8
46045 40.3,-86.1
46047 40.3,-85.9
46048 40,-85.8
46049 40.3,-86.2
46050 40.2,-86.3
46051 40.1,-85.8
46052 40,-86.5
46055 39.9,-85.9
46056 40,-85.6
46057 40.3,-86.4
46058 40.4,-86.6
46060 40.1,-85.9
46062 40.1,-86.1
46063 40.3,-85.7
46064 40,-85.7
46065 40.4,-86.6
46068 40.4,-86.1
46069 40.1,-86.2
46070 40.3,-85.7
46071 40.1,-86.6
46072 40.3,-86.1
46074 40,-86.2
46075 40,-86.3
46076 40.4,-85.9
46077 40,-86.3
46102 40,-86.6
46103 39.7,-86.6
46104 39.7,-85.6
46105 39.8,-86.8
46106 39.5,-86.2
46107 39.7,-86.1
46110 39.6,-85.9
46111 39.5,-86.4
46112 39.9,-86.4
46113 39.6,-86.3
46115 39.7,-85.6
46117 39.8,-85.6
46118 39.7,-86.5
46120 39.5,-86.8
46121 39.7,-86.7
46122 39.8,-86.6
46123 39.8,-86.4
46124 39.4,-85.9
46125 39.5,-86.6
46126 39.6,-85.9
46127 39.7,-85.3
46128 39.7,-86.7
46130 39.7,-85.8
46131 39.5,-86
46133 39.6,-85.3
46135 39.7,-86.9
46140 39.8,-85.8
46142 39.6,-86.2
46143 39.6,-86.1
46144 39.7,-85.6
46146 39.6,-85.6
46147 40,-86.6
46148 39.8,-85.5
46149 39.9,-86.6
46150 39.5,-85.6
46151 39.5,-86.4
46154 39.9,-85.8
46155 39.7,-85.4
46156 39.5,-85.5
46157 39.6,-86.5
46158 39.6,-86.4
46160 39.4,-86.3
46161 39.7,-85.7
46162 39.6,-86
46163 39.7,-85.9
46164 39.3,-86.1
46165 39.8,-86.6
46166 39.4,-86.6
46167 39.9,-86.5
46168 39.7,-86.4
46170 39.6,-86.9
46171 39.5,-87
46172 39.8,-86.8
46173 39.6,-85.4
46175 39.8,-87
46176 39.5,-85.8
46180 39.6,-86.6
46181 39.4,-86.2
46182 39.5,-85.7
46183 39.7,-86.3
46184 39.6,-86.1
46186 39.9,-85.6
46201 39.8,-86.1
46202 39.8,-86.2
46203 39.7,-86.1
46204 39.8,-86.2
46205 39.8,-86.1
46206 39.8,-86.2
46208 39.8,-86.2
46214 39.8,-86.3
46216 39.9,-86
46217 39.7,-86.2
46218 39.8,-86.1
46219 39.8,-86
46220 39.9,-86.1
46221 39.7,-86.2
46222 39.8,-86.2
46224 39.8,-86.3
46225 39.7,-86.2
46226 39.8,-86
46227 39.7,-86.1
46228 39.8,-86.2
46229 39.8,-86
46231 39.7,-86.3
46234 39.8,-86.3
46235 39.8,-86
46236 39.9,-86
46237 39.7,-86.1
46239 39.7,-86
46240 39.9,-86.1
46241 39.7,-86.3
46250 39.9,-86.1
46254 39.8,-86.3
46256 39.9,-86
46259 39.7,-86
46260 39.9,-86.2
46268 39.9,-86.2
46278 39.9,-86.3
46280 39.9,-86.1
46290 39.9,-86.2
46301 41.7,-87
46302 41.4,-87.1
46303 41.4,-87.5
46304 41.6,-87.1
46307 41.4,-87.3
46310 41.2,-87.2
46311 41.5,-87.5
46312 41.7,-87.5
46319 41.5,-87.4
46320 41.6,-87.5
46321 41.5,-87.5
46322 41.5,-87.5
46323 41.6,-87.5
46324 41.6,-87.5
46327 41.6,-87.5
46340 41.4,-86.8
46341 41.3,-87.2
46342 41.5,-87.2
46345 41.5,-86.7
46346 41.5,-86.7
46347 41.3,-87
46348 41.3,-86.9
46349 41.1,-87.4
46350 41.6,-86.7
46356 41.3,-87.4
46360 41.7,-86.9
46365 41.6,-86.5
46366 41.2,-86.8
46368 41.6,-87.2
46371 41.7,-86.6
46373 41.4,-87.5
46374 41.2,-86.9
46375 41.5,-87.5
46376 41.2,-87.5
46377 41.2,-87.3
46379 41.2,-87.4
46381 41.2,-87.3
46382 41.5,-86.8
46383 41.5,-87
46385 41.5,-87.1
46390 41.4,-86.9
46391 41.6,-86.9
46392 41.2,-87.1
46393 41.5,-87.2
46394 41.7,-87.5
46402 41.6,-87.3
46403 41.6,-87.3
46404 41.6,-87.4
46405 41.6,-87.3
46406 41.6,-87.4
46407 41.6,-87.3
46408 41.5,-87.4
46409 41.5,-87.3
46410 41.5,-87.3
46501 41.2,-86.2
46502 41.3,-86
46504 41.3,-86.1
46506 41.5,-86.2
46507 41.7,-85.8
46508 41.2,-86
46510 41.1,-85.9
46511 41.2,-86.4
46513 41.4,-86.4
46514 41.7,-86
46516 41.7,-85.9
46517 41.6,-86
46524 41.3,-86
46526 41.6,-85.9
46528 41.6,-85.8
46530 41.7,-86.1
46531 41.4,-86.5
46532 41.4,-86.6
46534 41.3,-86.6
46536 41.5,-86.3
46537 41.5,-86.3
46538 41.3,-85.8
46539 41.2,-86
46540 41.7,-85.7
46542 41.4,-85.9
46543 41.5,-85.7
46544 41.6,-86.1
46545 41.7,-86.1
46550 41.4,-86
46552 41.7,-86.5
46553 41.5,-85.9
46554 41.6,-86.4
46555 41.3,-85.7
46556 41.7,-86.2
46561 41.7,-86.1
46562 41.2,-85.7
46563 41.4,-86.3
46565 41.7,-85.6
46567 41.4,-85.7
46570 41.2,-86.1
46571 41.6,-85.5
46572 41.4,-86.4
46573 41.5,-86.1
46574 41.5,-86.5
46580 41.2,-85.9
46582 41.3,-85.9
46590 41.2,-85.8
46595 41.5,-86.2
46601 41.7,-86.3
46613 41.7,-86.3
46614 41.6,-86.3
46615 41.7,-86.2
46616 41.7,-86.3
46617 41.7,-86.2
46619 41.7,-86.4
46624 41.7,-86.3
46628 41.7,-86.3
46635 41.7,-86.2
46637 41.7,-86.2
46701 41.4,-85.4
46702 40.8,-85.6
46703 41.7,-85
46704 41.1,-85.3
46705 41.5,-85.1
46706 41.3,-85
46710 41.4,-85.3
46711 40.7,-84.9
46714 40.7,-85.2
46721 41.4,-84.9
46723 41.2,-85.3
46725 41.2,-85.5
46730 41.5,-85.2
46731 40.8,-85.1
46732 41.4,-85.6
46733 40.8,-84.9
46737 41.7,-84.9
46738 41.3,-85.1
46740 40.6,-85
46741 41.2,-85
46742 41.5,-84.9
46743 41.2,-84.9
46745 41,-85
46746 41.7,-85.3
46747 41.6,-85.2
46748 41.2,-85.2
46750 40.9,-85.5
46755 41.4,-85.3
46759 40.6,-85.2
46760 41.3,-85.6
46761 41.6,-85.4
46763 41.3,-85.2
46764 41.2,-85.6
46765 41.2,-85
46766 40.7,-85.3
46767 41.5,-85.6
46770 40.8,-85.3
46771 41.7,-85.3
46772 40.7,-84.9
46773 41,-84.9
46774 41.1,-85
46776 41.7,-85.2
46777 40.9,-85.1
46778 40.6,-85.2
46779 41.6,-85
46781 40.6,-85.3
46783 41,-85.4
46784 41.5,-85.4
46785 41.3,-84.9
46786 41.5,-85.3
46787 41.1,-85.6
46788 41.3,-84.9
46789 41.6,-85.2
46791 40.8,-85.3
46792 40.7,-85.4
46793 41.5,-85
46794 41.5,-85.5
46795 41.6,-85.3
46796 41.3,-85.5
46797 41.1,-84.9
46798 40.9,-85.2
46799 40.9,-85.3
46802 41.1,-85.2
46803 41.1,-85.1
46804 41.1,-85.2
46805 41.1,-85.1
46806 41,-85.1
46807 41,-85.1
46808 41.1,-85.2
46809 41,-85.2
46814 41,-85.3
46815 41.1,-85.1
46816 41,-85
46818 41.1,-85.3
46819 41,-85.1
46825 41.2,-85.1
46835 41.2,-85
46845 41.2,-85.1
46901 40.5,-86.2
46902 40.4,-86.1
46910 41,-86
46911 40.6,-85.9
46913 40.5,-86.5
46914 40.6,-86.1
46915 40.5,-86.4
46917 40.6,-86.5
46919 40.6,-85.9
46920 40.5,-86.5
46922 41.1,-86.4
46923 40.6,-86.6
46926 40.9,-86
46928 40.4,-85.7
46929 40.6,-86.5
46930 40.4,-85.6
46931 40.9,-86.3
46932 40.6,-86.3
46933 40.5,-85.6
46936 40.5,-85.9
46937 40.4,-86
46938 40.4,-85.6
46939 41,-86.4
46940 40.7,-85.7
46941 40.8,-85.7
46943 41,-85.8
46945 41.1,-86.4
46946 41,-85.7
46947 40.8,-86.4
46950 40.9,-86.4
46951 40.9,-86.1
46952 40.6,-85.6
46953 40.5,-85.6
46957 40.4,-85.5
46958 40.8,-86.1
46959 40.6,-86.1
46960 41.2,-86.5
46961 40.8,-86.2
46962 41,-85.8
46965 40.4,-86.1
46967 40.7,-86.2
46968 41.2,-86.6
46970 40.8,-86.1
46971 40.7,-86.2
46974 41,-85.9
46975 41.1,-86.3
46978 40.9,-86.5
46979 40.4,-86.3
46980 41,-85.7
46982 41.1,-85.9
46984 40.7,-85.8
46985 41,-86.6
46986 40.5,-85.8
46987 40.6,-85.8
46988 40.9,-86.2
46989 40.4,-85.5
46990 40.9,-85.7
46991 40.6,-85.5
46992 40.8,-85.8
46994 40.7,-86.3
46996 41.1,-86.7
46998 40.6,-86.4
47001 39.1,-85
47003 39.6,-84.8
47006 39.3,-85.2
47010 39.5,-84.8
47011 38.9,-85.1
47012 39.4,-85
47016 39.4,-84.9
47017 38.9,-85.2
47018 39,-85.1
47020 38.8,-84.9
47021 39,-85.1
47022 39.2,-85
47023 39.1,-85.4
47024 39.5,-85.2
47025 39.2,-84.9
47030 39.4,-85.1
47031 39.1,-85.1
47032 39.1,-85.1
47033 39.3,-85.2
47034 39.2,-85.3
47035 39.3,-84.9
47036 39.4,-85.2
47037 39.2,-85.3
47038 38.9,-84.8
47040 38.9,-84.9
47041 39.2,-85.1
47042 39,-85.3
47043 38.8,-85.1
47060 39.3,-84.9
47102 38.8,-85.8
47104 38.6,-85.4
47106 38.5,-85.9
47108 38.6,-86.3
47110 38.1,-86.2
47111 38.5,-85.6
47112 38.2,-86.1
47114 38.3,-86.1
47115 38.3,-86.2
47116 38.3,-86.6
47117 38.1,-86
47118 38.3,-86.5
47119 38.4,-85.9
47120 38.5,-86.2
47122 38.3,-86
47123 38.3,-86.5
47124 38.4,-86
47125 38.5,-86.3
47126 38.5,-85.8
47129 38.3,-85.8
47130 38.3,-85.7
47135 38,-86.1
47136 38.2,-86
47137 38.2,-86.4
47138 38.7,-85.6
47140 38.4,-86.4
47141 38.5,-85.6
47142 38.1,-86.2
47143 38.5,-85.8
47145 38.3,-86.3
47147 38.6,-85.5
47150 38.3,-85.8
47160 38.2,-86.1
47161 38.3,-86.1
47162 38.5,-85.5
47163 38.5,-85.7
47164 38.4,-86.1
47165 38.5,-86
47166 38.3,-86.2
47167 38.6,-86.1
47170 38.7,-85.8
47172 38.4,-85.8
47174 38.2,-86.5
47175 38.4,-86.6
47177 38.6,-85.8
47201 39.1,-86
47203 39.2,-85.8
47220 38.9,-86.1
47223 39.1,-85.5
47224 38.9,-85.2
47225 39.4,-85.3
47226 39.3,-85.9
47227 38.9,-85.7
47229 38.8,-85.9
47230 38.8,-85.6
47231 38.9,-85.5
47232 39.1,-85.8
47234 39.4,-85.8
47235 39,-86.1
47236 39.2,-85.7
47240 39.3,-85.5
47243 38.7,-85.5
47244 39.2,-85.7
47246 39.3,-85.8
47247 39.1,-85.9
47250 38.8,-85.4
47260 38.8,-86.2
47263 39.3,-85.3
47264 39,-86.3
47265 39,-85.6
47270 38.8,-85.7
47272 39.4,-85.6
47273 39.1,-85.7
47274 39,-85.9
47280 39.3,-86
47281 38.8,-86.1
47282 39,-85.6
47283 39.2,-85.6
47302 40.1,-85.4
47303 40.3,-85.4
47304 40.2,-85.5
47305 40.2,-85.4
47306 40.2,-85.4
47320 40.3,-85.3
47324 39.7,-84.9
47325 39.7,-85
47326 40.5,-85
47327 39.8,-85.2
47330 39.8,-85
47331 39.6,-85.2
47334 40.1,-85.5
47335 39.8,-85.2
47336 40.4,-85.2
47337 39.8,-85.4
47338 40.3,-85.3
47339 39.9,-85.1
47340 40.2,-85.1
47341 40,-84.9
47342 40.3,-85.5
47344 39.9,-85.5
47345 39.9,-85.1
47346 39.9,-85.2
47348 40.5,-85.3
47351 39.9,-85.5
47352 39.8,-85.4
47353 39.6,-84.9
47354 40,-85.2
47355 40,-84.9
47356 40,-85.5
47357 39.8,-85.1
47358 40.1,-85.1
47359 40.6,-85.3
47360 40,-85.3
47361 40,-85.4
47362 39.9,-85.4
47366 39.9,-85.3
47367 40.1,-85.4
47368 40.2,-85.2
47369 40.5,-85.1
47370 39.8,-85.1
47371 40.4,-85
47373 40.3,-85.2
47374 39.8,-84.9
47380 40.3,-85
47381 40.4,-84.9
47382 40.2,-84.9
47383 40.2,-85.3
47384 39.9,-85.6
47385 39.8,-85.4
47386 40.1,-85.4
47387 39.8,-85.3
47388 40,-85.4
47390 40.2,-84.8
47392 39.9,-84.9
47393 40,-85
47394 40.2,-85
47396 40.2,-85.5
47401 39.1,-86.4
47403 39.1,-86.6
47404 39.2,-86.6
47405 39.2,-86.5
47406 39.2,-86.5
47408 39.2,-86.5
47420 38.9,-86.5
47421 38.9,-86.5
47424 39,-86.9
47427 39.2,-87
47429 39.3,-86.6
47431 39.2,-86.9
47432 38.5,-86.6
47433 39.4,-86.6
47434 39,-86.5
47435 39.3,-86.3
47436 39,-86.4
47437 38.7,-86.7
47438 39.2,-87.2
47441 39,-87.2
47443 39,-87.1
47445 39.1,-87.2
47446 38.7,-86.5
47448 39.2,-86.2
47449 38.9,-87
47451 38.9,-86.5
47452 38.6,-86.4
47453 38.9,-86.8
47454 38.5,-86.5
47455 39.3,-87
47456 39.5,-86.7
47457 38.9,-86.9
47458 39.1,-86.5
47459 39.1,-86.8
47460 39.3,-86.8
47462 39,-86.6
47464 39.3,-86.6
47465 39.1,-87
47467 38.8,-86.3
47468 39.3,-86.4
47469 38.6,-86.6
47470 38.8,-86.6
47471 39.1,-87
47501 38.7,-87.2
47512 38.8,-87.3
47513 38.3,-86.7
47514 38.1,-86.6
47515 38.2,-86.7
47516 38.8,-87.4
47519 38.6,-87
47520 37.9,-86.7
47521 38.4,-86.7
47522 38.9,-86.8
47523 38.2,-87
47524 38.5,-87.6
47525 38,-86.6
47527 38.5,-86.8
47528 38.8,-87.3
47529 38.9,-87.1
47531 38,-86.9
47532 38.2,-86.9
47535 38.9,-87.3
47537 38.1,-87.1
47541 38.2,-87
47542 38.3,-87
47546 38.4,-86.9
47550 38.1,-86.9
47551 38.1,-86.6
47552 38.1,-87
47553 38.7,-86.9
47557 38.6,-87.3
47558 38.6,-87
47561 38.9,-87.4
47562 38.8,-87
47564 38.5,-87.1
47567 38.5,-87.3
47568 38.8,-87.1
47573 38.7,-87.3
47574 38,-86.6
47575 38.3,-86.8
47576 38.2,-86.6
47577 38.1,-86.8
47578 38.9,-87.2
47579 38.1,-86.9
47580 38.4,-86.8
47581 38.7,-86.8
47584 38.3,-87.3
47585 38.3,-87.2
47586 38,-86.7
47588 38,-86.8
47590 38.3,-87.1
47591 38.6,-87.5
47596 38.9,-87.2
47597 38.6,-87.3
47598 38.4,-87.2
47601 38.1,-87.3
47610 38.1,-87.4
47611 38,-87.1
47612 38.2,-87.7
47613 38.2,-87.4
47615 38,-87
47616 38.2,-87.9
47619 38.2,-87.3
47620 37.9,-87.9
47630 38,-87.3
47631 38.1,-87.9
47633 38.2,-87.8
47634 37.9,-87.2
47635 37.9,-87.1
47637 38.1,-87.2
47638 38.1,-87.8
47639 38.2,-87.6
47640 38.5,-87.5
47648 38.2,-87.6
47649 38.4,-87.5
47654 38.3,-87.4
47660 38.3,-87.3
47665 38.3,-87.7
47666 38.4,-87.6
47670 38.3,-87.6
47683 38.3,-87.4
47708 38,-87.6
47710 38,-87.6
47711 38,-87.5
47712 37.9,-87.7
47713 37.9,-87.6
47714 38,-87.5
47715 38,-87.5
47720 38.1,-87.6
47725 38.1,-87.5
47802 39.4,-87.4
47803 39.5,-87.3
47804 39.5,-87.4
47805 39.5,-87.3
47807 39.5,-87.4
47809 39.5,-87.4
47831 39.7,-87.5
47832 39.9,-87.3
47833 39.4,-87
47834 39.5,-87.1
47836 39.6,-87.2
47837 39.6,-87.1
47838 39,-87.4
47840 39.4,-87.1
47841 39.3,-87.1
47842 39.7,-87.5
47845 39.2,-87.2
47846 39.4,-87.2
47847 39.8,-87.5
47848 39,-87.3
47849 39.2,-87.6
47850 39.2,-87.4
47851 39.6,-87.2
47853 39.5,-87.1
47854 39.8,-87.4
47855 39.2,-87.3
47857 39.5,-87.1
47858 39.3,-87.2
47859 39.9,-87.2
47860 39.7,-87.3
47861 39.1,-87.6
47862 39.8,-87.3
47863 39.6,-87.5
47865 39,-87.4
47866 39.3,-87.3
47868 39.4,-86.9
47869 39.3,-87.5
47870 39.4,-87.5
47871 39.4,-87.3
47872 39.7,-87.2
47874 39.6,-87.3
47875 39.7,-87.5
47876 39.5,-87.5
47879 39.2,-87.4
47880 39.6,-87.4
47881 39.5,-87.2
47882 39.1,-87.4
47884 39.6,-87.5
47885 39.5,-87.5
47901 40.4,-86.9
47904 40.4,-86.9
47905 40.4,-86.8
47906 40.5,-87
47907 40.4,-86.9
47909 40.3,-86.9
47916 40,-87.1
47917 40.5,-87.5
47918 40.3,-87.2
47920 40.5,-86.8
47921 40.5,-87.4
47922 40.9,-87.3
47923 40.6,-86.9
47924 40.5,-86.8
47925 40.9,-86.7
47926 40.8,-86.6
47928 39.9,-87.5
47929 40.7,-86.9
47930 40.2,-86.7
47932 40.1,-87.4
47933 40,-86.9
47940 40.1,-86.7
47941 40.4,-86.8
47942 40.7,-87.4
47943 41.1,-87.3
47944 40.6,-87.3
47946 41,-86.9
47948 40.8,-87.3
47949 40.1,-87.1
47950 40.8,-86.7
47951 40.8,-87.4
47952 40,-87.3
47954 39.9,-86.8
47955 40.2,-86.9
47957 41.1,-86.9
47958 40.2,-87.1
47959 40.9,-86.9
47960 40.8,-86.8
47963 41,-87.4
47964 41,-87.3
47965 40,-86.9
47966 39.9,-87.4
47967 40.2,-87
47968 40,-86.7
47969 40.2,-87.1
47970 40.5,-87.1
47971 40.5,-87.2
47974 40,-87.5
47975 40.4,-87.3
47977 40.8,-87.2
47978 41,-87.1
47980 40.8,-86.9
47981 40.3,-86.9
47982 40.2,-87.5
47983 40.3,-86.8
47986 40.5,-87.2
47987 40.1,-87.2
47989 39.9,-87
47990 40.1,-87.1
47991 40.3,-87.4
47992 40.3,-87
47993 40.3,-87.4
47994 40.2,-87.1
47995 40.8,-87
47997 40.7,-86.7
48001 42.6,-82.6
48002 42.9,-82.9
48003 42.9,-83
48005 42.9,-82.9
48006 43.1,-82.7
48009 42.5,-83.2
48014 43,-82.9
48015 42.5,-83
48017 42.5,-83.2
48021 42.5,-82.9
48022 43,-82.8
48023 42.7,-82.7
48025 42.5,-83.3
48026 42.5,-82.9
48027 42.9,-82.7
48028 42.6,-82.6
48030 42.5,-83.1
48032 43.1,-82.6
48033 42.5,-83.3
48034 42.5,-83.3
48035 42.6,-82.9
48036 42.6,-82.9
48038 42.6,-82.9
48039 42.7,-82.5
48040 42.9,-82.5
48041 42.9,-82.8
48042 42.7,-82.9
48043 42.6,-82.9
48044 42.7,-82.9
48045 42.6,-82.8
48047 42.7,-82.8
48048 42.7,-82.8
48049 43,-82.6
48050 42.8,-82.8
48051 42.7,-82.8
48054 42.8,-82.5
48059 43.1,-82.5
48060 43,-82.5
48062 42.9,-82.8
48063 42.9,-82.7
48064 42.8,-82.7
48065 42.8,-83
48066 42.5,-82.9
48067 42.5,-83.1
48069 42.5,-83.1
48070 42.5,-83.2
48071 42.5,-83.1
48072 42.5,-83.2
48073 42.5,-83.2
48074 43,-82.6
48075 42.5,-83.2
48076 42.5,-83.2
48079 42.9,-82.5
48080 42.5,-82.9
48081 42.5,-82.9
48082 42.5,-82.9
48083 42.6,-83.1
48084 42.6,-83.2
48085 42.6,-83.1
48088 42.5,-83
48089 42.5,-83
48091 42.5,-83.1
48092 42.5,-83.1
48093 42.5,-83
48094 42.7,-83.1
48095 42.8,-83
48096 42.8,-82.9
48097 43.1,-82.8
48098 42.6,-83.2
48101 42.3,-83.2
48103 42.3,-83.8
48104 42.3,-83.7
48105 42.3,-83.7
48108 42.2,-83.7
48109 42.3,-83.7
48111 42.2,-83.5
48114 42.6,-83.8
48116 42.5,-83.8
48117 42.1,-83.4
48118 42.3,-84
48120 42.3,-83.2
48122 42.3,-83.2
48124 42.3,-83.2
48125 42.3,-83.3
48126 42.3,-83.2
48127 42.3,-83.3
48128 42.3,-83.3
48130 42.4,-83.9
48131 42,-83.7
48133 41.8,-83.5
48134 42.1,-83.3
48135 42.3,-83.3
48137 42.5,-84.1
48138 42.1,-83.2
48139 42.5,-83.8
48140 41.9,-83.6
48141 42.3,-83.3
48143 42.5,-83.9
48144 41.8,-83.6
48145 41.8,-83.5
48146 42.2,-83.2
48150 42.4,-83.4
48152 42.4,-83.4
48154 42.4,-83.4
48157 41.8,-83.4
48158 42.2,-84
48159 42,-83.5
48160 42.1,-83.7
48161 41.9,-83.5
48162 42,-83.4
48164 42.1,-83.4
48165 42.5,-83.6
48166 42,-83.3
48167 42.4,-83.5
48168 42.4,-83.5
48169 42.5,-83.9
48170 42.4,-83.5
48173 42.1,-83.2
48174 42.2,-83.4
48176 42.1,-83.8
48177 41.8,-83.6
48178 42.4,-83.7
48179 42,-83.3
48180 42.2,-83.3
48182 41.8,-83.6
48183 42.1,-83.2
48184 42.3,-83.4
48185 42.3,-83.4
48186 42.3,-83.4
48187 42.3,-83.5
48188 42.3,-83.5
48189 42.4,-83.8
48190 42.1,-83.6
48191 42.1,-83.6
48192 42.2,-83.2
48193 42.2,-83.2
48195 42.2,-83.2
48197 42.2,-83.6
48198 42.3,-83.6
48201 42.3,-83.1
48202 42.4,-83.1
48203 42.4,-83.1
48204 42.4,-83.1
48205 42.4,-83
48206 42.4,-83.1
48207 42.3,-83
48208 42.3,-83.1
48209 42.3,-83.1
48210 42.3,-83.1
48211 42.4,-83
48212 42.4,-83.1
48213 42.4,-83
48214 42.4,-83
48215 42.4,-83
48216 42.3,-83.1
48217 42.3,-83.2
48218 42.3,-83.1
48219 42.4,-83.3
48220 42.5,-83.1
48221 42.4,-83.1
48223 42.4,-83.2
48224 42.4,-82.9
48225 42.4,-82.9
48226 42.3,-83.1
48227 42.4,-83.2
48228 42.4,-83.2
48229 42.2,-83.1
48230 42.4,-82.9
48233 42.3,-83.1
48234 42.4,-83
48235 42.4,-83.2
48236 42.4,-82.9
48237 42.5,-83.2
48238 42.4,-83.1
48239 42.4,-83.3
48240 42.4,-83.3
48242 42.2,-83.4
48243 42.3,-83
48301 42.5,-83.3
48302 42.6,-83.3
48304 42.6,-83.2
48306 42.7,-83.1
48307 42.7,-83.1
48309 42.7,-83.2
48310 42.6,-83.1
48312 42.6,-83
48313 42.6,-83
48314 42.6,-83.1
48315 42.7,-83
48316 42.7,-83.1
48317 42.6,-83.1
48320 42.6,-83.3
48322 42.5,-83.4
48323 42.6,-83.4
48324 42.6,-83.4
48326 42.7,-83.2
48327 42.6,-83.4
48328 42.7,-83.4
48329 42.7,-83.4
48331 42.5,-83.4
48334 42.5,-83.3
48335 42.5,-83.4
48336 42.5,-83.3
48340 42.7,-83.3
48341 42.6,-83.3
48342 42.6,-83.3
48346 42.7,-83.4
48348 42.8,-83.4
48350 42.7,-83.5
48353 42.6,-83.7
48356 42.7,-83.6
48357 42.7,-83.6
48359 42.7,-83.3
48360 42.7,-83.3
48362 42.8,-83.3
48363 42.8,-83.2
48367 42.8,-83.1
48370 42.8,-83.2
48371 42.8,-83.3
48374 42.5,-83.5
48375 42.5,-83.5
48377 42.5,-83.5
48380 42.6,-83.7
48381 42.6,-83.6
48382 42.6,-83.5
48383 42.7,-83.5
48386 42.7,-83.5
48390 42.6,-83.5
48393 42.5,-83.5
48401 43.3,-82.7
48410 43.6,-82.9
48411 42.9,-83.5
48412 43.1,-83.2
48413 43.8,-83
48414 42.9,-84.1
48415 43.3,-83.8
48416 43.2,-83
48417 43.3,-83.9
48418 42.8,-84
48419 43.4,-82.7
48420 43.2,-83.7
48421 43.2,-83.4
48422 43.3,-82.7
48423 43,-83.5
48426 43.5,-83.1
48427 43.5,-82.7
48428 42.9,-83.2
48429 42.9,-84
48430 42.8,-83.7
48432 43.9,-83
48433 43.1,-83.9
48434 43.7,-82.6
48435 43.2,-83.4
48436 42.9,-83.9
48437 43.1,-83.6
48438 42.9,-83.5
48439 42.9,-83.6
48440 43,-83.4
48441 43.8,-82.7
48442 42.8,-83.6
48444 43.1,-83
48445 44,-83
48446 43.1,-83.3
48449 43,-83.9
48450 43.3,-82.5
48451 42.8,-83.8
48453 43.3,-83
48454 43.2,-82.8
48455 42.9,-83.3
48456 43.7,-82.8
48457 43.2,-83.9
48458 43.1,-83.7
48460 43.1,-84
48461 43.2,-83.2
48462 42.8,-83.4
48463 43.2,-83.5
48464 43.2,-83.4
48465 43.6,-82.7
48466 43.3,-82.8
48467 44,-83
48468 43.9,-82.8
48469 43.4,-82.6
48470 43.7,-82.8
48471 43.4,-82.9
48472 43.5,-83
48473 42.9,-83.8
48475 43.7,-82.9
48476 42.9,-84
48502 43,-83.7
48503 43,-83.7
48504 43.1,-83.7
48505 43.1,-83.7
48506 43.1,-83.6
48507 43,-83.7
48509 43,-83.6
48519 43,-83.6
48529 43,-83.7
48532 43,-83.8
48601 43.4,-83.9
48602 43.4,-84
48603 43.5,-84
48604 43.5,-84
48607 43.4,-83.9
48609 43.4,-84.1
48610 44.1,-84.2
48611 43.6,-84.1
48612 43.9,-84.4
48613 43.9,-84.2
48614 43.3,-84.3
48615 43.4,-84.5
48616 43.2,-84.1
48617 43.9,-84.7
48618 43.7,-84.6
48619 44.8,-84
48620 43.8,-84.4
48621 44.7,-84
48622 43.8,-84.9
48623 43.5,-84.1
48624 44.1,-84.5
48625 44.1,-84.8
48626 43.4,-84.2
48627 44.5,-84.7
48628 43.8,-84.3
48629 44.3,-84.8
48630 44.3,-84.8
48631 43.7,-84
48632 43.9,-85
48633 43.9,-84.9
48634 43.8,-84
48635 44.4,-84
48636 44.6,-84.3
48637 43.4,-84.3
48638 43.4,-84
48640 43.6,-84.3
48642 43.7,-84.2
48647 44.7,-84.1
48649 43.2,-84.2
48650 43.8,-84
48651 44.3,-84.6
48652 43.8,-84.2
48653 44.5,-84.6
48654 44.5,-84.1
48655 43.3,-84.2
48656 44.4,-84.5
48657 43.7,-84.4
48658 44,-83.9
48659 44.1,-84.1
48661 44.3,-84.2
48662 43.4,-84.4
48701 43.6,-83.6
48703 44.1,-83.7
48705 44.7,-83.7
48706 43.6,-84
48708 43.6,-83.8
48710 43.6,-84
48720 43.8,-83.4
48721 44.8,-83.3
48722 43.3,-83.8
48723 43.5,-83.4
48724 43.5,-83.9
48725 43.9,-83.2
48726 43.6,-83.2
48727 43.3,-83.2
48728 44.7,-83.8
48729 43.5,-83.2
48730 44.3,-83.5
48731 43.8,-83.2
48732 43.6,-83.8
48733 43.5,-83.6
48734 43.4,-83.7
48735 43.7,-83.3
48737 44.5,-83.7
48738 44.5,-83.3
48739 44.4,-83.8
48740 44.7,-83.4
48741 43.4,-83.2
48742 44.7,-83.4
48743 44.4,-83.9
48744 43.3,-83.4
48745 44.6,-83.5
48746 43.3,-83.5
48747 43.5,-83.8
48748 44.3,-83.7
48749 44.1,-83.9
48750 44.4,-83.5
48754 43.7,-83.2
48755 43.8,-83.2
48756 44.2,-84
48757 43.5,-83.7
48759 43.7,-83.4
48760 43.3,-83.3
48761 44.5,-83.9
48762 44.8,-83.5
48763 44.2,-83.6
48765 44.2,-83.7
48766 44.1,-83.9
48767 43.7,-83.5
48768 43.4,-83.6
48770 44.3,-83.8
48801 43.4,-84.7
48806 43.2,-84.5
48807 43.2,-84.4
48808 42.8,-84.5
48809 43.1,-85.3
48811 43.2,-84.9
48813 42.6,-84.8
48815 42.8,-85.3
48816 42.8,-84
48817 43,-84
48818 43.3,-84.9
48819 42.5,-84.3
48820 42.9,-84.6
48821 42.6,-84.7
48822 42.8,-84.8
48823 42.8,-84.5
48824 42.7,-84.5
48825 42.7,-84.5
48827 42.5,-84.7
48829 43.4,-85
48831 43.1,-84.4
48832 43.4,-84.8
48834 43.1,-85
48835 43,-84.7
48836 42.7,-84.1
48837 42.7,-84.8
48838 43.2,-85.3
48840 42.8,-84.4
48841 43.1,-84.2
48842 42.6,-84.5
48843 42.6,-83.9
48845 43.1,-84.9
48846 43,-85.1
48847 43.3,-84.6
48848 42.9,-84.4
48849 42.8,-85.1
48850 43.4,-85.2
48851 43,-84.9
48852 43.4,-85
48853 43.1,-84.7
48854 42.6,-84.5
48855 42.7,-83.9
48856 43.2,-84.7
48857 42.8,-84.2
48858 43.6,-84.8
48859 43.6,-84.8
48860 43.1,-84.9
48861 42.7,-84.9
48862 43.2,-84.5
48864 42.7,-84.4
48865 43.1,-85.1
48866 43,-84.4
48867 43,-84.2
48870 43.1,-85
48871 43.2,-84.7
48872 42.8,-84.2
48873 43,-84.8
48874 43.2,-84.6
48875 42.9,-84.9
48876 42.6,-84.7
48877 43.4,-84.8
48878 43.7,-84.8
48879 43,-84.6
48880 43.5,-84.6
48881 42.9,-85.2
48883 43.5,-84.7
48884 43.2,-85
48885 43.2,-85.1
48886 43.4,-85.2
48888 43.3,-85.1
48889 43.3,-84.8
48890 42.8,-85
48891 43.4,-84.9
48892 42.6,-84.2
48893 43.7,-85
48894 42.9,-84.8
48895 42.7,-84.3
48896 43.5,-84.9
48897 42.7,-85.1
48906 42.8,-84.6
48910 42.7,-84.5
48911 42.7,-84.6
48912 42.7,-84.5
48915 42.7,-84.6
48917 42.7,-84.6
48933 42.7,-84.6
49001 42.3,-85.6
49002 42.2,-85.6
49004 42.3,-85.6
49006 42.3,-85.6
49007 42.3,-85.6
49008 42.3,-85.6
49009 42.3,-85.7
49010 42.5,-85.9
49011 42.1,-85.2
49012 42.4,-85.3
49013 42.3,-86.1
49014 42.3,-85.1
49015 42.3,-85.2
49017 42.4,-85.2
49021 42.5,-85.1
49022 42.1,-86.4
49024 42.2,-85.6
49026 42.4,-86
49027 42.4,-86.1
49028 41.8,-85.2
49029 42.1,-85.1
49030 41.9,-85.3
49031 41.9,-86
49032 41.9,-85.5
49033 42.2,-85.1
49034 42.2,-85.3
49036 41.9,-85
49037 42.3,-85.2
49038 42.2,-86.3
49040 42,-85.3
49042 41.9,-85.7
49043 42.3,-86.3
49045 42.1,-86
49046 42.5,-85.4
49047 42,-86.1
49048 42.3,-85.5
49050 42.5,-85.2
49051 42.2,-85.2
49052 42.1,-85.3
49053 42.3,-85.4
49055 42.4,-85.9
49056 42.4,-86.1
49057 42.2,-86.2
49058 42.6,-85.3
49060 42.4,-85.4
49061 41.9,-85.8
49063 42.4,-86.1
49064 42.2,-86.1
49065 42.1,-85.8
49066 42,-85.3
49067 42,-85.8
49068 42.3,-84.9
49070 42.5,-85.6
49071 42.2,-85.8
49072 42,-85.5
49073 42.6,-85.1
49074 42.3,-85.5
49075 41.9,-85.4
49076 42.4,-84.9
49078 42.5,-85.7
49079 42.2,-85.9
49080 42.5,-85.6
49082 41.9,-84.9
49083 42.4,-85.5
49084 42.2,-86.4
49085 42.1,-86.5
49087 42.1,-85.7
49088 42.2,-85.4
49089 42,-85.2
49090 42.4,-86.2
49091 41.8,-85.4
49092 42.1,-85
49093 42,-85.6
49094 42.1,-85.1
49095 41.9,-85.9
49096 42.6,-85
49097 42.1,-85.5
49098 42.2,-86.2
49099 41.8,-85.7
49101 41.9,-86.5
49102 41.9,-86.3
49103 41.9,-86.4
49104 42,-86.4
49106 41.9,-86.6
49107 41.8,-86.4
49111 42,-86.3
49112 41.8,-86
49113 41.8,-86.5
49115 41.9,-86.6
49116 41.8,-86.7
49117 41.8,-86.7
49119 41.9,-86.5
49120 41.8,-86.2
49125 41.9,-86.6
49126 42,-86.4
49127 42,-86.5
49128 41.8,-86.6
49129 41.8,-86.7
49130 41.8,-85.9
49201 42.3,-84.5
49202 42.3,-84.4
49203 42.2,-84.4
49220 42,-84.3
49221 41.9,-84.1
49224 42.3,-84.7
49227 41.9,-84.8
49228 41.8,-83.9
49229 42,-83.8
49230 42.1,-84.2
49232 41.7,-84.7
49233 42.1,-84.4
49234 42.1,-84.4
49235 41.9,-84.2
49236 42.1,-83.9
49237 42.2,-84.6
49238 41.9,-83.8
49240 42.3,-84.2
49241 42.1,-84.6
49242 41.9,-84.6
49245 42.1,-84.8
49246 42.1,-84.5
49247 41.8,-84.3
49248 41.8,-84
49249 42,-84.5
49250 42,-84.6
49251 42.5,-84.4
49252 42,-84.8
49253 42,-84.3
49254 42.2,-84.3
49255 41.8,-84.9
49256 41.7,-84.2
49258 42.1,-84.7
49259 42.4,-84.3
49261 42.2,-84.2
49262 42,-84.5
49263 42.2,-84.2
49264 42.4,-84.6
49265 42,-84.2
49266 41.8,-84.5
49267 41.8,-83.7
49268 41.9,-83.9
49269 42.3,-84.6
49270 41.9,-83.7
49271 41.8,-84.5
49272 42.4,-84.4
49274 41.8,-84.8
49276 41.8,-83.8
49277 42.4,-84.5
49279 41.8,-84.1
49282 42,-84.4
49283 42.2,-84.6
49284 42.4,-84.7
49285 42.5,-84.2
49286 42,-83.9
49287 42,-84.1
49288 41.7,-84.4
49289 41.8,-84.1
49301 43,-85.5
49302 42.8,-85.4
49303 43.3,-85.9
49304 43.9,-85.9
49305 43.8,-85.2
49306 43.1,-85.6
49307 43.7,-85.5
49309 43.8,-85.9
49310 43.5,-85
49312 43.7,-85.8
49315 42.8,-85.7
49316 42.8,-85.6
49318 43.2,-85.8
49319 43.2,-85.5
49320 43.8,-85.3
49321 43.1,-85.7
49322 43.4,-85.4
49323 42.7,-85.8
49325 42.8,-85.3
49326 43.3,-85.3
49327 43.3,-85.8
49328 42.6,-85.8
49329 43.4,-85.5
49330 43.2,-85.7
49331 43,-85.4
49332 43.6,-85.2
49333 42.7,-85.5
49335 42.7,-85.7
49336 43.5,-85.4
49337 43.4,-85.7
49338 43.8,-85.6
49339 43.3,-85.5
49340 43.6,-85.1
49341 43.1,-85.5
49342 43.7,-85.3
49343 43.3,-85.5
49344 42.6,-85.6
49345 43.2,-85.7
49346 43.6,-85.4
49347 43.3,-85.3
49348 42.7,-85.6
49349 43.6,-85.7
49401 43,-86
49402 43.9,-86
49403 43.1,-85.9
49404 43.1,-86
49405 43.9,-86.2
49406 42.6,-86.2
49408 42.6,-86.1
49409 43.1,-86.2
49410 44,-86.1
49411 44.1,-86.3
49412 43.5,-85.9
49415 43.2,-86.1
49417 43,-86.2
49418 42.9,-85.8
49419 42.7,-86
49420 43.7,-86.3
49421 43.6,-86.1
49423 42.7,-86.1
49424 42.8,-86.1
49425 43.5,-86.1
49426 42.9,-85.9
49428 42.9,-85.8
49430 43,-85.9
49431 44,-86.4
49434 42.8,-86.2
49435 43,-85.8
49436 43.7,-86.5
49437 43.5,-86.4
49440 43.2,-86.3
49441 43.2,-86.3
49442 43.2,-86.1
49443 43.2,-86.2
49444 43.2,-86.2
49445 43.3,-86.3
49446 43.5,-86.4
49448 43.1,-86.1
49449 43.8,-86.4
49450 42.5,-86.1
49451 43.2,-86
49452 43.5,-86.3
49453 42.7,-86.2
49454 43.9,-86.3
49455 43.6,-86.4
49456 43.1,-86.2
49457 43.4,-86.1
49458 43.9,-86.1
49459 43.7,-86.1
49460 42.9,-86.2
49461 43.4,-86.3
49464 42.8,-86
49503 43,-85.7
49504 43,-85.7
49505 43,-85.6
49506 42.9,-85.6
49507 42.9,-85.7
49508 42.9,-85.6
49509 42.9,-85.7
49512 42.9,-85.6
49519 42.9,-85.7
49525 43,-85.6
49534 43,-85.8
49544 43,-85.7
49546 42.9,-85.5
49548 42.9,-85.7
49601 44.2,-85.5
49611 45,-85
49612 44.9,-85.2
49613 44.5,-86.2
49614 44.4,-86.1
49615 45,-85.2
49616 44.6,-86.1
49617 44.6,-86
49618 44.3,-85.6
49619 44.3,-86
49620 44.5,-85.7
49621 44.9,-85.8
49622 45.1,-85.3
49623 43.9,-85.7
49625 44.4,-85.9
49626 44.2,-86.3
49627 45.1,-85.4
49628 44.6,-86.2
49629 44.9,-85.4
49630 44.8,-86
49631 43.9,-85.3
49632 44.2,-85
49633 44.6,-85.2
49634 44.2,-86.3
49635 44.6,-86.2
49636 44.9,-86
49637 44.6,-85.7
49638 44.3,-85.8
49639 43.8,-85.4
49640 44.7,-86
49642 43.9,-85.8
49643 44.6,-85.8
49644 44.1,-85.9
49645 44.4,-86
49646 44.7,-85
49648 45,-85.3
49649 44.6,-85.5
49650 44.7,-85.9
49651 44.4,-85.1
49653 45,-85.7
49654 45,-86.1
49655 44,-85.4
49656 44.1,-85.7
49657 44.2,-85.2
49659 44.9,-85
49660 44.2,-86.2
49663 44.4,-85.4
49664 44.9,-85.9
49665 44.1,-85.1
49667 44.3,-84.9
49668 44.4,-85.7
49670 45.1,-85.6
49674 45,-85.6
49675 44.4,-86.2
49676 44.8,-85.3
49677 43.9,-85.5
49679 43.9,-85.2
49680 44.6,-85.2
49682 45,-85.6
49683 44.5,-85.9
49684 44.8,-85.7
49685 44.7,-85.7
49686 44.8,-85.5
49688 44.1,-85.4
49689 44.2,-85.9
49690 44.8,-85.4
49696 44.7,-85.5
49701 45.7,-84.7
49705 45.3,-84.5
49706 45.4,-84.8
49707 45.1,-83.5
49709 45,-84.2
49710 46.3,-84.2
49712 45.2,-85
49713 45.2,-84.8
49715 46.4,-84.7
49716 45.5,-84.7
49717 45.4,-84.7
49718 45.7,-84.8
49719 46,-84.3
49720 45.3,-85.2
49721 45.6,-84.5
49722 45.4,-84.9
49724 46.3,-84.4
49725 46,-84
49726 46,-83.6
49727 45.1,-85.1
49728 46.4,-85
49729 45.2,-85.3
49730 45,-84.9
49733 44.8,-84.7
49735 45,-84.7
49736 46.1,-84.1
49738 44.7,-84.6
49740 45.5,-85
49743 45.3,-83.9
49744 45,-83.7
49745 46,-84.5
49746 45.1,-84
49747 44.8,-83.6
49748 46.4,-85.2
49749 45.4,-84.6
49751 45,-84.4
49752 46.3,-84.4
49753 45,-83.8
49755 45.6,-84.8
49756 44.8,-84.3
49757 45.9,-84.6
49759 45.4,-84.1
49760 46,-84.8
49762 46.1,-85.3
49764 45.4,-84.8
49765 45.3,-84.3
49766 44.9,-83.4
49768 46.6,-85.1
49769 45.6,-84.9
49770 45.3,-84.9
49774 46.2,-84.3
49775 45.8,-84.5
49776 45.2,-83.7
49777 45.3,-83.5
49779 45.4,-83.8
49780 46.2,-84.7
49781 45.9,-84.8
49782 45.6,-85.5
49783 46.4,-84.3
49784 46.3,-84.5
49788 46.3,-84.5
49791 45.5,-84.6
49793 46.2,-85
49795 45.2,-84.6
49796 45.3,-84.9
49799 45.3,-84.6
49801 45.9,-88
49802 45.8,-88.1
49805 47.4,-88.4
49806 46.5,-86.9
49807 45.7,-87.3
49808 46.8,-87.9
49812 45.6,-87.5
49814 46.6,-88
49815 46.2,-87.9
49816 46.3,-86.9
49817 45.9,-86.5
49818 46,-87.3
49820 46.2,-85.7
49821 45.5,-87.6
49822 46.4,-87
49825 46.4,-87
49826 46.3,-87.1
49827 46.2,-85.5
49829 45.8,-87.1
49831 46.1,-87.7
49833 46.3,-87.3
49834 46,-87.7
49835 45.7,-86.6
49836 46.2,-85.9
49837 45.9,-87.1
49838 46,-85.7
49839 46.6,-86.1
49840 46.2,-86.1
49841 46.3,-87.5
49847 45.7,-87.6
49848 45.4,-87.6
49849 46.4,-87.8
49852 45.8,-87.8
49853 46.4,-85.8
49854 46.1,-86.3
49855 46.6,-87.5
49858 45.2,-87.5
49861 46.6,-88.2
49862 46.4,-86.7
49863 45.6,-87.6
49864 45.8,-86.7
49866 46.4,-87.6
49868 46.5,-85.5
49870 45.9,-87.9
49871 46.4,-87.5
49872 46,-87.1
49873 45.8,-87.5
49874 45.8,-87.5
49876 45.8,-88
49877 46.2,-87.7
49878 45.9,-86.9
49879 46.3,-88.1
49880 46.1,-87.2
49881 46.1,-88
49883 46.4,-86
49884 46.4,-86.4
49885 46.3,-87.2
49886 45.7,-87.5
49887 45.4,-87.7
49891 46.2,-87
49892 45.8,-87.8
49893 45.3,-87.6
49894 45.8,-87.1
49895 46.2,-86.7
49896 45.7,-87.4
49901 47.3,-88.4
49902 46.1,-88.4
49903 46.3,-88.5
49905 47.1,-88.7
49908 46.8,-88.6
49910 46.6,-89.5
49911 46.5,-90.1
49912 46.5,-89.2
49913 47.2,-88.5
49915 46.1,-88.6
49916 47,-88.6
49917 47.3,-88.4
49918 47.4,-87.8
49919 46.5,-88.4
49920 46.1,-88.3
49921 47.1,-88.6
49922 47.1,-88.5
49925 46.5,-89.4
49927 46,-88.5
49929 46.8,-89.1
49930 47.2,-88.6
49931 47.2,-88.6
49934 47.2,-88.4
49935 46.2,-88.8
49938 46.5,-90.1
49942 47.3,-88.4
49945 47.1,-88.3
49946 46.7,-88.3
49947 46.4,-89.6
49948 46.8,-89
49950 47.4,-88.1
49952 46.7,-88.8
49953 46.8,-89.4
49955 47,-88.7
49958 46.8,-88.7
49959 46.5,-90
49960 46.7,-89.3
49961 46.4,-88.7
49962 46.8,-88.1
49963 47,-88.6
49965 47,-88.9
49967 46.5,-89
49968 46.5,-89.9
49969 46.3,-89.2
49970 46.5,-88.6
49971 46.7,-89.6
50001 41.4,-93.4
50002 41.5,-94.6
50003 41.6,-94
50005 42.1,-93
50006 42.5,-93.4
50007 41.8,-93.6
50008 40.7,-93.4
50009 41.6,-93.5
50010 42,-93.6
50012 42,-93.7
50013 42,-93.7
50014 42,-93.7
50020 41.4,-94.7
50021 41.7,-93.6
50022 41.4,-95
50023 41.7,-93.6
50025 41.8,-94.9
50026 41.9,-94.4
50027 41.5,-92.5
50028 41.8,-93.2
50029 41.8,-94.6
50031 42,-94.1
50032 41.7,-93.5
50033 41.4,-93.8
50034 42.5,-93.6
50035 41.7,-93.5
50036 42.1,-93.8
50038 41.5,-93.9
50039 41.8,-94
50040 42.2,-94.1
50041 42.6,-93.2
50042 41.5,-94.9
50044 41.2,-92.9
50046 41.9,-93.5
50047 41.5,-93.5
50048 41.5,-94.5
50049 41,-93.3
50050 42.2,-94.5
50051 42.1,-93.1
50052 40.6,-93.4
50054 41.7,-93.2
50055 41.9,-93.3
50056 42,-93.3
50057 41.2,-93.1
50058 41.9,-94.7
50060 40.8,-93.3
50061 41.5,-93.8
50062 41.2,-93.2
50063 41.7,-93.9
50064 42.1,-94.2
50065 40.6,-93.8
50066 41.8,-94.2
50067 40.7,-93.9
50068 40.9,-93.5
50069 41.5,-94
50070 41.4,-94.2
50071 42.6,-93.5
50072 41.5,-94.1
50073 41.8,-93.5
50074 40.9,-94.1
50075 42.3,-93.6
50076 41.6,-94.8
50078 41.9,-92.9
50101 42.7,-93.6
50102 42.2,-93.4
50103 40.8,-93.6
50104 41.5,-92.4
50105 42.1,-93.6
50106 41.9,-92.8
50107 42,-94.2
50108 40.8,-94
50109 41.8,-93.8
50110 41.8,-95
50111 41.7,-93.8
50112 41.7,-92.7
50115 41.7,-94.6
50116 41.2,-93
50117 41.7,-94.8
50118 41.5,-93.4
50119 41.3,-92.9
50120 41.9,-93
50122 42.3,-93.3
50123 40.8,-93.5
50124 41.9,-93.6
50125 41.3,-93.6
50126 42.5,-93.3
50127 41.8,-93.2
50128 41.9,-94.3
50129 42,-94.4
50130 42.3,-93.7
50131 41.7,-93.7
50132 42.4,-93.7
50133 40.7,-94.1
50134 41.9,-93.7
50135 41.7,-92.9
50136 41.5,-92.3
50137 41.6,-92.9
50138 41.3,-93.1
50139 41.2,-93.4
50140 40.6,-94
50141 41.9,-92.9
50142 42,-92.8
50143 41.3,-92.8
50144 40.7,-93.7
50145 41.2,-93.5
50146 41.7,-94.2
50147 40.6,-93.5
50148 42.2,-93
50149 41.1,-94.1
50150 41.1,-93
50151 41.1,-93.5
50152 42,-93.8
50153 41.6,-92.8
50154 42.2,-93.4
50155 41.2,-94.2
50156 41.9,-93.8
50157 41.7,-92.6
50158 42,-92.9
50160 41.4,-93.7
50161 41.8,-93.4
50162 41.9,-93.1
50163 41.2,-93.2
50164 41.5,-94.4
50165 40.9,-93.3
50166 41.3,-93.4
50167 41.7,-94
50168 41.8,-93.3
50169 41.7,-93.4
50170 41.5,-93.1
50171 41.6,-92.5
50173 42,-92.7
50174 41,-94
50201 42,-93.4
50206 42.2,-93.2
50207 41.4,-92.6
50208 41.7,-93
50210 41.2,-93.7
50211 41.5,-93.7
50212 42,-94.1
50213 41,-93.8
50214 41.5,-93.1
50216 41.7,-94.4
50217 42.2,-94.3
50218 41.3,-93.9
50219 41.4,-92.9
50220 41.8,-94.1
50222 41.2,-94
50223 42.2,-94
50225 41.4,-93.3
50226 41.8,-93.7
50227 42.6,-93.4
50228 41.6,-93.2
50229 41.4,-93.8
50230 42.3,-93.5
50231 42.2,-93.6
50232 41.6,-93
50233 41.6,-94.2
50234 41.9,-93.2
50235 41.9,-94.2
50236 42.2,-93.5
50237 41.5,-93.4
50238 41,-93.2
50239 42.1,-93.2
50240 41.3,-93.8
50241 41.3,-93.7
50242 41.6,-92.7
50243 41.9,-93.7
50244 41.9,-93.7
50246 42.3,-93.8
50247 42,-93.2
50248 42.2,-93.6
50249 42.3,-93.9
50250 41.5,-94.3
50251 41.6,-92.9
50252 41.5,-93.3
50254 41,-94.1
50255 41.5,-92.3
50256 41.3,-92.9
50257 41.2,-93.9
50258 42.2,-93.1
50261 41.5,-93.9
50262 40.9,-93.8
50263 41.6,-93.9
50264 40.9,-93.7
50265 41.5,-93.8
50266 41.6,-93.8
50268 41.4,-92.4
50269 42.3,-93
50271 42.5,-93.5
50272 41.1,-93.3
50273 41.3,-94
50274 41.4,-94.9
50275 41,-93.6
50276 41.9,-93.9
50277 41.8,-94.3
50278 42.2,-93.3
50309 41.6,-93.6
50310 41.6,-93.7
50311 41.6,-93.7
50312 41.6,-93.7
50313 41.7,-93.6
50314 41.6,-93.6
50315 41.5,-93.6
50316 41.6,-93.6
50317 41.6,-93.5
50319 41.6,-93.6
50320 41.5,-93.6
50321 41.5,-93.7
50322 41.6,-93.7
50323 41.6,-93.8
50324 41.6,-93.7
50325 41.6,-93.8
50327 41.6,-93.5
50401 43.2,-93.2
50420 42.8,-93.5
50421 42.8,-93.6
50423 43.1,-93.8
50424 43.4,-93.9
50426 43.4,-93
50427 42.8,-93.2
50428 43.1,-93.4
50430 43,-94
50431 42.7,-93.4
50432 43.2,-93.8
50433 42.9,-93
50434 43.3,-93.4
50435 43.2,-92.8
50436 43.3,-93.7
50438 43.1,-93.6
50439 42.9,-93.6
50440 43.3,-93.1
50441 42.7,-93.2
50444 43.3,-93.4
50446 43.3,-93.4
50447 42.9,-93.8
50448 43.3,-93.2
50449 43,-93.5
50450 43.4,-93.5
50451 43.4,-94.1
50452 42.8,-93.4
50453 43.4,-93.6
50454 43.4,-92.7
50455 43.5,-92.6
50456 43.3,-93.2
50457 42.9,-93.5
50458 43.2,-93
50459 43.5,-93.3
50460 43.2,-92.7
50461 43.3,-92.8
50464 43.3,-93.1
50465 43.5,-93.9
50466 43.4,-92.5
50467 43.2,-93.1
50468 43,-92.9
50469 43,-93.2
50470 42.7,-93.6
50471 43.2,-92.9
50472 43.4,-92.9
50473 43.5,-93.7
50475 42.9,-93.2
50476 43.4,-92.8
50477 43,-93.3
50478 43.4,-93.8
50479 42.9,-93.4
50480 43.3,-94.1
50482 43.1,-93.5
50483 43.1,-94
50484 43.2,-93.9
50501 42.5,-94.2
50510 42.8,-95
50511 43.1,-94.2
50514 43.4,-94.5
50515 43,-94.9
50516 42.6,-94.1
50517 43.3,-94.2
50518 42.5,-94.4
50519 42.9,-94.3
50520 42.8,-94.4
50521 42.3,-94.1
50522 43.2,-94.2
50523 42.4,-94.3
50524 42.6,-94.4
50525 42.7,-93.7
50527 43,-94.8
50528 43.1,-94.5
50529 42.7,-94.2
50530 42.3,-94
50531 43.5,-94.6
50532 42.5,-94
50533 42.7,-93.9
50535 42.5,-95.2
50536 43.1,-94.7
50538 42.3,-94.4
50539 43.2,-94.4
50540 42.6,-94.8
50541 42.7,-94.5
50542 42.8,-93.9
50543 42.3,-94.3
50544 42.3,-94.2
50545 42.8,-94.1
50546 42.8,-94.7
50548 42.7,-94.2
50551 42.5,-94.8
50552 42.5,-94.5
50554 42.8,-94.8
50556 43.5,-94.2
50557 42.4,-94
50558 42.9,-94.2
50559 43.2,-94.3
50560 43,-94.1
50561 42.4,-94.9
50562 43,-94.6
50563 42.5,-94.5
50565 42.9,-95
50566 42.4,-94.3
50567 42.5,-95.1
50568 42.6,-95
50569 42.4,-94.1
50570 42.9,-94.4
50571 42.6,-94.6
50573 42.9,-94.6
50574 42.7,-94.7
50575 42.6,-94.7
50576 42.8,-95.2
50577 42.9,-94
50578 43.3,-94.5
50579 42.4,-94.6
50581 42.8,-94.5
50582 42.8,-94.3
50583 42.4,-95
50585 42.9,-95.1
50586 42.4,-94.4
50588 42.7,-95.2
50590 43.4,-94.3
50591 42.7,-94.1
50592 42.7,-95.2
50593 42.7,-94.9
50594 42.6,-94
50595 42.5,-93.8
50597 43,-94.5
50598 43.1,-94.4
50599 42.6,-93.8
50601 42.6,-93.1
50602 42.7,-92.8
50603 43.2,-92.5
50604 42.6,-92.9
50605 42.8,-93
50606 42.7,-91.7
50607 42.6,-91.7
50608 42.6,-93
50609 42.2,-92.8
50611 42.8,-92.9
50612 42.3,-92.4
50613 42.5,-92.5
50616 43.1,-92.7
50619 42.8,-92.7
50620 43.2,-92.6
50621 42.2,-92.9
50622 42.7,-92.3
50623 42.5,-92.2
50624 42.5,-92.7
50625 42.7,-93
50626 42.6,-92.2
50627 42.4,-93.1
50628 43.3,-92.4
50629 42.6,-92.1
50630 43,-92.2
50631 42.9,-92.3
50632 42.1,-92.7
50633 42.7,-93.1
50634 42.4,-92.2
50635 42.2,-92.7
50636 42.9,-92.8
50638 42.4,-92.8
50641 42.6,-91.9
50642 42.4,-92.8
50643 42.4,-92.5
50644 42.5,-91.9
50645 43,-92.4
50647 42.7,-92.5
50648 42.5,-92.1
50649 42.7,-92.9
50650 42.6,-91.7
50651 42.3,-92.2
50652 42.3,-92.7
50653 43,-92.9
50654 42.4,-91.6
50655 42.8,-91.9
50657 42.3,-92.7
50658 43,-92.5
50659 43.1,-92.3
50660 42.6,-92.6
50662 42.7,-91.9
50664 42.7,-92.1
50665 42.6,-92.8
50666 42.9,-92.5
50667 42.5,-92.2
50668 42.7,-92.2
50669 42.3,-92.6
50670 42.7,-92.6
50671 42.7,-91.8
50672 42.4,-93.1
50673 42.5,-92.7
50674 42.8,-92.1
50675 42.2,-92.5
50676 42.8,-92.3
50677 42.8,-92.4
50680 42.4,-92.9
50681 42.8,-92
50682 42.4,-91.7
50701 42.4,-92.3
50702 42.5,-92.3
50703 42.5,-92.3
50707 42.5,-92.3
50801 41.1,-94.4
50830 41,-94.2
50831 41,-94.2
50833 40.7,-94.7
50835 40.7,-94.4
50836 40.6,-94.5
50837 41.2,-94.7
50839 41,-94.8
50840 40.8,-94.5
50841 41,-94.8
50842 41,-94.5
50843 41.2,-94.9
50845 40.8,-94.4
50846 41.3,-94.6
50847 41.1,-95
50848 40.8,-94.8
50849 41.3,-94.4
50851 40.9,-94.5
50853 41.2,-94.8
50854 40.7,-94.2
50857 40.9,-94.9
50858 41.2,-94.4
50859 41.1,-94.6
50860 40.6,-94.3
50861 40.9,-94.3
50862 40.8,-94.6
50863 40.8,-94.2
50864 41,-95
51001 42.8,-96.5
51002 42.7,-95.3
51003 43,-96
51004 42.4,-95.9
51005 42.7,-95.4
51006 42.3,-95.6
51007 42.4,-96.2
51008 42.8,-96.3
51009 42.9,-95.6
51010 42.1,-95.9
51011 42.9,-96.5
51012 42.7,-95.6
51014 42.8,-95.7
51015 42.3,-96.1
51016 42.5,-95.8
51018 42.4,-95.7
51019 42.3,-95.7
51020 42.5,-95.4
51022 43,-95.8
51023 43,-96.5
51024 42.6,-96.3
51025 42.5,-95.6
51026 42.3,-96.1
51027 43,-96.3
51028 42.6,-96
51029 42.9,-95.5
51030 42.5,-96.2
51031 42.8,-96.2
51033 42.9,-95.3
51034 42.2,-95.8
51035 42.8,-95.8
51036 43,-96.2
51037 42.8,-95.6
51038 42.7,-96.3
51039 42.4,-96
51040 42,-96.1
51041 43,-96.1
51044 42.3,-95.9
51045 42.8,-96.1
51046 43,-95.7
51047 42.9,-95.4
51048 42.6,-95.8
51049 42.6,-95.6
51050 42.8,-95.9
51051 42.2,-96
51052 42.3,-96.3
51053 42.5,-95.3
51054 42.4,-96.3
51055 42.2,-96.3
51056 42.2,-96
51058 43,-95.5
51060 42,-95.7
51061 42.6,-95.7
51062 42.7,-96.5
51063 42.1,-96.2
51101 42.5,-96.4
51103 42.5,-96.4
51104 42.5,-96.4
51105 42.5,-96.4
51106 42.5,-96.3
51108 42.6,-96.4
51109 42.6,-96.5
51111 42.4,-96.4
51201 43.2,-95.9
51230 43.4,-96.3
51231 43.1,-95.7
51232 43.3,-95.8
51234 43.2,-96
51235 43.3,-96.2
51237 43.3,-96
51238 43.1,-95.9
51239 43.2,-96.1
51240 43.3,-96.5
51241 43.5,-96.5
51242 43.4,-96.3
51243 43.4,-95.9
51244 43.2,-95.9
51245 43.1,-95.6
51246 43.4,-96.2
51247 43.2,-96.3
51248 43.2,-95.7
51249 43.4,-95.7
51250 43.1,-96.2
51301 43.2,-95.1
51331 43.4,-95.1
51333 43.1,-95
51334 43.4,-94.8
51338 43.2,-95.3
51340 43.2,-95.2
51341 43,-95
51342 43.2,-94.7
51343 43,-95.1
51345 43.4,-95.4
51346 43.2,-95.5
51347 43.4,-95.3
51350 43.3,-95.6
51351 43.3,-95.2
51354 43.4,-95.5
51355 43.4,-95.1
51357 43.1,-95.3
51358 43.1,-94.9
51360 43.4,-95.1
51363 43.4,-94.9
51364 43.3,-95
51365 43.3,-94.7
51366 43,-95
51401 42.1,-94.9
51430 42.1,-95
51431 42.3,-95.4
51432 41.9,-95.1
51433 42.3,-94.9
51436 42.2,-95
51439 42.1,-95.6
51440 41.9,-94.8
51441 42.1,-95.3
51442 42,-95.4
51443 42.1,-94.7
51444 42,-95
51445 42.3,-95.5
51446 41.8,-95.2
51447 41.7,-95.2
51448 42.2,-95.3
51449 42.3,-94.7
51450 42.3,-95
51451 42.2,-94.7
51452 42.1,-94.8
51453 42.3,-94.5
51454 41.9,-95.2
51455 41.9,-95.1
51458 42.3,-95.2
51459 42,-94.6
51460 42.1,-95.6
51461 42.2,-95.5
51462 42,-94.6
51463 41.9,-94.9
51465 42.1,-95.2
51466 42.2,-95.1
51467 42.1,-95.1
51501 41.2,-95.9
51503 41.2,-95.8
51510 41.3,-95.9
51520 42,-95.5
51521 41.5,-95.3
51523 41.9,-96.1
51525 41.2,-95.4
51526 41.4,-95.9
51527 41.8,-95.3
51528 41.9,-95.5
51529 41.9,-95.6
51530 41.8,-95.4
51531 41.6,-95.1
51532 41.1,-95.1
51533 41,-95.4
51534 41,-95.7
51535 41.2,-95.1
51536 41.4,-95.4
51537 41.7,-95.3
51540 41,-95.5
51541 41.1,-95.4
51542 41.4,-95.8
51543 41.7,-95.1
51544 41.3,-95.1
51545 41.9,-96
51546 41.6,-95.8
51548 41.3,-95.6
51549 41.2,-95.5
51550 41.7,-95.9
51551 41,-95.6
51552 41.5,-95.1
51553 41.4,-95.5
51554 41.1,-95.7
51555 41.6,-95.9
51556 41.6,-96
51557 41.7,-96
51558 41.9,-95.9
51559 41.5,-95.6
51560 41.3,-95.4
51561 41,-95.8
51562 41.7,-95.5
51563 41.6,-95.6
51564 41.8,-95.9
51565 41.6,-95.5
51566 41,-95.2
51570 41.5,-95.5
51571 41.1,-95.6
51572 42,-95.8
51573 41,-95.1
51575 41.2,-95.6
51576 41.4,-95.7
51577 41.5,-95.2
51578 41.7,-95.4
51579 41.8,-95.7
51601 40.7,-95.3
51630 40.6,-95.2
51631 40.6,-95
51632 40.7,-95
51636 40.7,-95.2
51637 40.6,-95.1
51638 40.8,-95.3
51639 40.7,-95.5
51640 40.6,-95.7
51645 40.9,-95.4
51646 40.7,-94.9
51647 40.6,-95.3
51648 40.7,-95.8
51649 40.9,-95.5
51650 40.7,-95.6
51651 40.7,-95
51652 40.8,-95.6
51653 40.9,-95.7
51654 40.8,-95.8
51656 40.7,-95.2
52001 42.5,-90.7
52002 42.5,-90.8
52003 42.4,-90.7
52030 42.2,-90.6
52031 42.3,-90.5
52032 42.3,-90.8
52033 42.3,-91
52035 42.7,-91.2
52036 42.5,-91.3
52037 42,-90.6
52038 42.6,-91.6
52039 42.5,-90.9
52040 42.5,-91.1
52041 42.5,-91.3
52042 42.7,-91.4
52043 42.8,-91.4
52044 42.8,-91.3
52045 42.5,-90.9
52046 42.4,-91
52047 43,-91.3
52048 42.7,-91.3
52049 42.9,-91.2
52050 42.6,-91.3
52052 42.7,-91.1
52053 42.6,-91
52054 42.3,-90.6
52056 42.6,-91.1
52057 42.5,-91.5
52060 42.1,-90.7
52064 42.1,-90.3
52065 42.6,-91.1
52066 42.7,-91
52068 42.4,-90.8
52069 42.1,-90.4
52070 42.1,-90.2
52071 42.4,-90.5
52072 42.9,-91.4
52073 42.6,-90.8
52074 42.1,-90.5
52075 42.2,-90.5
52076 42.7,-91.5
52077 42.8,-91.6
52078 42.4,-91.1
52079 42.3,-90.7
52101 43.4,-91.8
52132 43.2,-91.9
52133 43.1,-91.7
52134 43.5,-92.4
52135 43,-91.7
52136 43.4,-92.1
52140 43.4,-91.5
52141 42.9,-91.6
52142 42.8,-91.8
52144 43.1,-92
52146 43.2,-91.2
52147 42.9,-92
52151 43.3,-91.3
52154 43.1,-92.2
52155 43.4,-92.3
52156 43.1,-91.5
52157 43,-91.2
52158 43,-91.2
52159 43.1,-91.4
52160 43.5,-91.4
52161 43.1,-91.8
52162 43.1,-91.6
52163 43.2,-92.1
52164 42.9,-91.9
52165 43.3,-92
52166 43.1,-91.9
52168 43.2,-92
52169 42.9,-91.7
52170 43.2,-91.3
52171 43.1,-92.1
52172 43.3,-91.5
52175 43,-91.8
52201 41.3,-91.5
52202 42.2,-91.6
52203 41.8,-91.9
52205 42.1,-91.3
52206 42,-91.9
52207 42.1,-90.8
52208 41.9,-92.3
52209 41.9,-92.1
52210 42.3,-92
52211 41.8,-92.4
52212 42.1,-91.1
52213 42.2,-91.8
52214 42.2,-91.5
52215 41.9,-92.4
52216 41.9,-91
52217 42.1,-92.4
52218 42.3,-91.5
52219 42.2,-91.4
52220 41.7,-92
52221 41.6,-92.3
52222 41.6,-92.3
52223 42.4,-91.3
52224 42.2,-92.3
52225 42,-92.3
52227 41.9,-91.6
52228 41.9,-91.8
52229 42.1,-92.2
52231 41.4,-92.1
52232 41.8,-92.3
52233 42,-91.7
52235 41.6,-91.5
52236 41.7,-91.9
52237 42.3,-91.3
52240 41.6,-91.5
52241 41.7,-91.6
52242 41.7,-91.5
52245 41.7,-91.5
52246 41.6,-91.6
52247 41.5,-91.7
52248 41.3,-91.9
52249 42,-92.2
52251 41.7,-92.2
52252 42.2,-91.2
52253 41.9,-91.4
52254 42,-90.8
52255 41.9,-91
52257 41.9,-92.2
52301 41.8,-92.1
52302 42.1,-91.6
52305 42,-91.3
52306 41.9,-91.3
52307 41.8,-91.9
52308 41.6,-92.2
52309 42.1,-90.9
52310 42.2,-91.2
52312 42,-91.2
52313 42.3,-92.1
52314 41.9,-91.4
52315 42,-92
52316 41.5,-92.1
52317 41.8,-91.6
52318 41.9,-91.9
52320 42,-91.1
52321 42.1,-91
52322 41.7,-91.8
52323 42,-91
52324 42.1,-91.8
52325 41.6,-91.9
52326 42.4,-91.8
52327 41.5,-91.6
52328 42.1,-91.7
52329 42.4,-91.9
52330 42.4,-91.5
52332 42.1,-91.9
52333 41.8,-91.5
52334 41.7,-91.9
52335 41.5,-92.1
52336 42.1,-91.4
52337 41.9,-91.1
52338 41.8,-91.7
52339 41.9,-92.6
52340 41.7,-91.7
52341 42.1,-91.7
52342 42,-92.6
52344 42.3,-91.7
52345 42.2,-91.9
52346 42,-92.1
52347 41.7,-92.3
52348 42,-92.4
52349 42.2,-92
52351 41.9,-91.8
52352 42.3,-91.8
52353 41.3,-91.7
52354 41.9,-92
52355 41.5,-92.2
52356 41.5,-91.8
52358 41.7,-91.3
52359 41.4,-91.8
52361 41.6,-92
52362 42.1,-91
52401 42,-91.7
52402 42,-91.7
52403 42,-91.6
52404 41.9,-91.7
52405 42,-91.7
52411 42.1,-91.7
52501 41,-92.4
52530 41,-92.3
52531 41,-92.8
52533 41,-92.1
52534 41.3,-92.7
52535 40.9,-92
52536 41,-92.6
52537 40.7,-92.4
52540 41.2,-91.8
52542 40.6,-92.1
52543 41.2,-92.5
52544 40.7,-92.9
52548 41.1,-92.5
52549 40.6,-92.9
52550 41.3,-92.4
52551 40.8,-92.1
52552 40.8,-92.5
52553 41.1,-92.7
52554 40.9,-92.2
52555 40.6,-92.8
52556 41,-91.9
52557 41,-92
52560 40.9,-92.2
52561 41.2,-92.5
52562 41.3,-92.2
52563 41.2,-92.3
52565 40.7,-91.9
52566 41.1,-92.5
52567 40.9,-92.1
52568 41.2,-92.3
52569 41,-93
52570 40.7,-92.1
52571 40.9,-92.8
52572 40.7,-92.7
52573 40.6,-91.9
52574 40.8,-93
52576 41.2,-92.1
52577 41.3,-92.7
52580 41.1,-92.1
52581 40.8,-93.1
52583 40.8,-93.1
52584 40.7,-92.2
52585 41.2,-92
52586 41.3,-92.5
52588 40.9,-92.2
52590 40.7,-93.1
52591 41.3,-92.2
52593 40.8,-92.7
52594 40.8,-92.7
52595 41.3,-92.6
52601 40.9,-91.1
52619 40.5,-91.6
52620 40.7,-91.8
52621 41.2,-91.5
52623 40.8,-91.3
52624 40.7,-91.3
52625 40.7,-91.6
52626 40.6,-91.7
52627 40.7,-91.4
52630 40.8,-91.7
52631 40.8,-91.6
52632 40.4,-91.4
52635 41,-91.8
52637 41,-91.1
52638 40.8,-91.2
52639 40.5,-91.5
52640 41.1,-91.3
52641 41,-91.6
52644 41,-91.4
52645 40.9,-91.4
52646 41.1,-91
52647 41.1,-91.5
52649 40.8,-91.6
52650 41,-91.2
52651 40.9,-91.8
52652 41.1,-91.6
52653 41.2,-91.2
52654 41.1,-91.7
52655 40.8,-91.2
52656 40.7,-91.5
52657 40.8,-91.5
52658 40.7,-91.2
52659 41.1,-91.4
52660 41,-91.3
52701 42,-90.2
52720 41.6,-91.2
52721 41.8,-91
52722 41.6,-90.5
52726 41.5,-90.8
52727 42,-90.3
52728 41.5,-90.7
52729 41.8,-90.7
52730 41.8,-90.3
52731 42,-90.5
52732 41.9,-90.3
52737 41.3,-91.4
52738 41.3,-91.4
52739 41.4,-91.4
52742 41.8,-90.5
52745 41.7,-90.8
52746 41.7,-90.7
52747 41.6,-90.9
52748 41.7,-90.6
52749 41.3,-91.1
52750 41.9,-90.4
52751 41.8,-90.7
52752 41.3,-91.2
52753 41.6,-90.4
52754 41.3,-91.2
52755 41.5,-91.4
52756 41.7,-90.5
52757 41.8,-90.4
52758 41.7,-90.4
52759 41.5,-90.8
52760 41.6,-91.1
52761 41.4,-91.1
52765 41.7,-90.9
52766 41.5,-91.3
52767 41.6,-90.4
52768 41.7,-90.4
52769 41.6,-90.8
52771 42,-90.3
52772 41.7,-91.2
52773 41.6,-90.8
52774 41.9,-90.6
52776 41.6,-91.3
52777 41.8,-90.9
52778 41.6,-91
52801 41.5,-90.6
52802 41.5,-90.6
52803 41.5,-90.6
52804 41.5,-90.7
52806 41.6,-90.6
52807 41.6,-90.5
53001 43.6,-88.1
53002 43.5,-88.4
53003 43.2,-88.5
53004 43.5,-87.9
53005 43.1,-88.1
53006 43.6,-88.5
53007 43.1,-88.1
53010 43.6,-88.3
53011 43.7,-88.1
53012 43.3,-88
53013 43.6,-87.8
53014 44,-88.2
53015 43.9,-87.8
53016 43.3,-88.7
53017 43.2,-88.3
53018 43,-88.4
53019 43.7,-88.3
53020 43.9,-88
53021 43.5,-88
53022 43.2,-88.1
53023 43.8,-88.1
53024 43.3,-87.9
53027 43.3,-88.4
53029 43.1,-88.3
53031 43.6,-87.9
53032 43.4,-88.6
53033 43.2,-88.3
53034 43.3,-88.6
53035 43.4,-88.5
53036 43.2,-88.6
53037 43.3,-88.2
53038 43.1,-88.8
53039 43.4,-88.7
53040 43.5,-88.2
53042 44,-88
53044 43.7,-87.8
53045 43.1,-88.2
53046 43.2,-88.2
53047 43.3,-88.6
53048 43.6,-88.5
53049 43.9,-88.3
53050 43.5,-88.5
53051 43.2,-88.1
53057 43.8,-88.2
53058 43.1,-88.4
53059 43.3,-88.5
53061 43.9,-88.1
53063 44,-87.8
53065 43.7,-88.6
53066 43.1,-88.5
53069 43.1,-88.4
53070 43.6,-87.8
53072 43.1,-88.3
53073 43.8,-88
53074 43.4,-87.9
53075 43.6,-88
53076 43.3,-88.2
53078 43.3,-88.5
53079 43.8,-88.2
53080 43.4,-88
53081 43.7,-87.7
53083 43.8,-87.8
53085 43.7,-87.9
53086 43.3,-88.3
53088 44.1,-88.3
53089 43.1,-88.2
53090 43.5,-88.2
53091 43.5,-88.4
53092 43.2,-88
53093 43.7,-87.9
53094 43.1,-88.7
53095 43.4,-88.2
53097 43.2,-88
53098 43.3,-88.7
53099 43.4,-88.5
53103 42.9,-88.2
53104 42.5,-88
53105 42.7,-88.3
53108 42.8,-87.9
53110 43,-87.9
53114 42.6,-88.7
53115 42.7,-88.7
53118 43,-88.5
53119 42.9,-88.5
53120 42.8,-88.4
53121 42.7,-88.5
53122 43,-88.1
53125 42.5,-88.6
53126 42.8,-88
53127 43,-88.4
53128 42.5,-88.3
53129 42.9,-88
53130 42.9,-88
53132 42.9,-88
53137 43,-88.7
53139 42.7,-88.1
53140 42.6,-87.8
53142 42.6,-87.9
53143 42.6,-87.8
53144 42.6,-87.9
53146 43,-88.2
53147 42.6,-88.5
53149 42.9,-88.3
53150 42.9,-88.1
53151 43,-88.1
53153 42.9,-88.4
53154 42.9,-87.9
53156 42.9,-88.6
53157 42.5,-88.4
53158 42.5,-87.9
53167 42.7,-88.2
53168 42.6,-88.1
53170 42.6,-88.2
53172 42.9,-87.9
53176 42.6,-88.4
53177 42.7,-87.9
53178 43,-88.6
53179 42.5,-88.1
53181 42.5,-88.2
53182 42.7,-88
53183 43,-88.4
53184 42.5,-88.6
53185 42.8,-88.2
53186 43,-88.2
53188 43,-88.3
53189 42.9,-88.3
53190 42.8,-88.7
53191 42.6,-88.5
53192 42.5,-88.2
53195 42.5,-88.5
53202 43,-87.9
53203 43,-87.9
53204 43,-87.9
53205 43.1,-87.9
53206 43.1,-87.9
53207 43,-87.9
53208 43,-88
53209 43.1,-87.9
53210 43.1,-88
53211 43.1,-87.9
53212 43.1,-87.9
53213 43,-88
53214 43,-88
53215 43,-87.9
53216 43.1,-88
53217 43.2,-87.9
53218 43.1,-88
53219 43,-88
53220 43,-88
53221 43,-87.9
53222 43.1,-88
53223 43.2,-88
53224 43.2,-88
53225 43.1,-88
53226 43.1,-88
53227 43,-88
53228 43,-88
53233 43,-87.9
53235 43,-87.9
53295 43,-88
53402 42.8,-87.8
53403 42.7,-87.8
53404 42.8,-87.8
53405 42.7,-87.8
53406 42.7,-87.9
53501 42.6,-89.1
53502 42.7,-89.4
53503 43.1,-90
53504 42.7,-89.9
53505 42.7,-88.8
53506 43.2,-90.3
53507 43,-89.9
53508 42.9,-89.6
53510 42.7,-90.3
53511 42.5,-89.1
53515 43.1,-89.7
53516 42.8,-89.9
53517 43.1,-89.8
53518 43.2,-90.6
53520 42.6,-89.4
53521 42.8,-89.4
53522 42.6,-89.8
53523 43,-89
53525 42.5,-88.8
53526 43,-90.3
53527 43.1,-89.2
53528 43.1,-89.6
53529 43.2,-89.5
53530 42.7,-90.1
53531 43.1,-89.1
53532 43.2,-89.3
53533 43,-90.2
53534 42.9,-89.1
53536 42.8,-89.3
53537 42.7,-89.2
53538 42.9,-88.9
53540 43.2,-90.3
53541 42.6,-90
53543 43.1,-90.3
53544 42.9,-89.9
53545 42.7,-89
53546 42.7,-88.9
53548 42.7,-89.1
53549 43,-88.8
53550 42.6,-89.5
53551 43.1,-88.9
53553 42.9,-90.3
53554 42.9,-90.4
53555 43.3,-89.6
53556 43.2,-90.2
53557 43.3,-88.8
53558 43,-89.3
53559 43.2,-89.1
53560 43.2,-89.7
53561 43.4,-89.7
53562 43.1,-89.5
53563 42.8,-88.9
53565 42.8,-90.2
53566 42.6,-89.6
53569 43,-90.4
53570 42.7,-89.6
53571 43.3,-89.4
53572 43,-89.8
53573 43.2,-90.5
53574 42.8,-89.7
53575 42.9,-89.4
53576 42.6,-89.2
53577 43.3,-90.1
53578 43.3,-89.8
53579 43.3,-88.9
53580 42.9,-90.4
53581 43.4,-90.4
53582 43,-90
53583 43.3,-89.8
53584 43.3,-90.3
53585 42.5,-88.7
53586 42.6,-90.2
53587 42.6,-89.9
53588 43.2,-90.1
53589 42.9,-89.2
53590 43.2,-89.2
53593 43,-89.6
53594 43.2,-89
53597 43.2,-89.5
53598 43.2,-89.3
53599 42.6,-89.9
53703 43.1,-89.4
53704 43.1,-89.3
53705 43.1,-89.5
53706 43.1,-89.4
53711 43,-89.4
53713 43,-89.4
53714 43.1,-89.3
53715 43.1,-89.4
53716 43.1,-89.3
53717 43.1,-89.5
53718 43.1,-89.3
53719 43,-89.5
53726 43.1,-89.4
53792 43.1,-89.4
53801 42.9,-91.1
53802 42.8,-90.9
53803 42.6,-90.4
53804 42.9,-90.9
53805 43.1,-90.7
53806 42.7,-90.9
53807 42.6,-90.5
53808 42.6,-90.6
53809 43,-90.6
53810 42.8,-91
53811 42.5,-90.5
53812 42.6,-90.6
53813 42.8,-90.7
53816 43,-90.9
53817 42.9,-91
53818 42.7,-90.5
53820 42.7,-90.7
53821 43,-91.1
53825 42.9,-90.6
53826 43.1,-90.9
53827 43,-90.8
53901 43.6,-89.5
53910 43.9,-89.8
53911 43.3,-89.4
53913 43.5,-89.7
53916 43.5,-88.8
53919 43.7,-88.8
53920 43.7,-89.6
53922 43.5,-88.7
53923 43.6,-89.1
53924 43.5,-90.3
53925 43.3,-89.1
53926 43.7,-89.2
53928 43.4,-89.2
53929 43.8,-90.3
53930 43.7,-89.5
53931 43.7,-88.9
53932 43.4,-89.1
53933 43.6,-88.9
53934 44,-89.8
53935 43.6,-89.1
53936 43.9,-89.7
53937 43.4,-90.1
53939 43.7,-89.1
53940 43.6,-89.8
53941 43.6,-90.1
53942 43.5,-90.2
53943 43.4,-90
53944 43.7,-89.9
53946 43.7,-89
53947 43.7,-89.1
53948 43.8,-90
53949 43.8,-89.3
53950 43.9,-90.1
53951 43.4,-89.9
53952 43.8,-89.6
53953 43.8,-89.5
53954 43.6,-89.3
53955 43.4,-89.4
53956 43.5,-89
53959 43.5,-90
53960 43.4,-89.2
53961 43.5,-89.9
53962 43.7,-90.3
53963 43.6,-88.7
53964 43.9,-89.5
53965 43.7,-89.7
53968 43.6,-90.2
53969 43.5,-89.3
54001 45.3,-92.4
54002 45,-92.4
54003 44.8,-92.4
54004 45.3,-92.1
54005 45.2,-92.2
54006 45.6,-92.6
54007 45.2,-92.4
54009 45.4,-92.6
54011 44.7,-92.5
54013 45.1,-92.2
54014 44.6,-92.6
54015 45,-92.5
54016 45,-92.7
54017 45.1,-92.5
54020 45.3,-92.7
54021 44.7,-92.7
54022 44.8,-92.6
54023 45,-92.5
54024 45.5,-92.6
54025 45.1,-92.7
54026 45.2,-92.5
54027 44.9,-92.2
54028 45,-92.3
54082 45.1,-92.8
54101 44.8,-88.1
54102 45.5,-88
54103 45.6,-88.5
54104 45.4,-88.3
54106 44.5,-88.5
54107 44.7,-88.5
54110 44.2,-88.1
54111 44.8,-88.4
54112 45.1,-88.1
54113 44.3,-88.3
54114 45.2,-88.1
54115 44.4,-88.1
54119 45.6,-88.2
54120 45.8,-88.6
54121 45.9,-88.3
54123 44.2,-88.2
54124 44.9,-88.3
54125 45.6,-88.4
54126 44.3,-88
54127 44.8,-88.3
54128 44.9,-88.8
54129 44.1,-88.2
54130 44.3,-88.2
54135 44.9,-88.6
54136 44.3,-88.3
54137 44.8,-88.3
54138 45.3,-88.4
54139 45,-88.1
54140 44.3,-88.3
54141 44.7,-88
54143 45.1,-87.7
54149 45.2,-88.4
54150 45,-88.8
54151 45.7,-88
54152 44.6,-88.5
54153 44.9,-87.9
54154 44.9,-88.2
54155 44.5,-88.2
54156 45.6,-87.9
54157 45,-87.8
54159 45.2,-87.8
54160 44.1,-88.1
54161 45.1,-88.2
54162 44.7,-88.3
54165 44.5,-88.3
54166 44.8,-88.6
54169 44.2,-88.3
54170 44.5,-88.6
54171 44.7,-88.1
54173 44.6,-88
54174 45,-88.4
54175 45.3,-88.6
54177 45.4,-87.9
54180 44.3,-88.2
54201 44.6,-87.5
54202 45.1,-87.1
54204 44.8,-87.6
54205 44.6,-87.6
54207 44.1,-88
54208 44.4,-87.8
54209 45,-87.3
54210 45.2,-87
54211 45.2,-87.2
54212 45.1,-87.2
54213 44.7,-87.5
54214 44.2,-87.7
54215 44.2,-87.8
54216 44.4,-87.6
54217 44.5,-87.7
54220 44.1,-87.7
54227 44.3,-87.8
54228 44.3,-87.7
54229 44.6,-87.8
54230 44.2,-87.9
54232 44,-87.9
54234 45.2,-87.1
54235 44.8,-87.4
54241 44.2,-87.6
54245 44,-87.9
54246 45.4,-86.9
54247 44.2,-87.8
54301 44.5,-88
54302 44.5,-88
54303 44.5,-88
54304 44.5,-88.1
54307 44.5,-88
54311 44.5,-87.9
54313 44.6,-88.1
54401 45,-89.7
54403 45,-89.5
54405 45,-90.3
54406 44.4,-89.3
54407 44.5,-89.3
54408 45,-89.3
54409 45.1,-89.2
54410 44.5,-90
54411 45.1,-90
54412 44.7,-90
54413 44.3,-90.1
54414 45,-89.2
54416 44.9,-88.9
54417 45,-89.7
54418 45.2,-89
54420 44.6,-90.4
54421 44.9,-90.3
54422 45,-90.4
54423 44.6,-89.4
54424 45.3,-89.2
54425 45,-90.3
54426 44.9,-90
54427 44.8,-89.3
54428 45.4,-89.2
54430 45.1,-88.9
54433 45.2,-90.8
54435 45.4,-89.4
54436 44.5,-90.4
54437 44.8,-90.6
54440 44.8,-89.4
54441 44.6,-90.1
54442 45.4,-89.7
54443 44.6,-89.8
54446 44.7,-90.5
54447 45.1,-90.7
54448 44.9,-89.8
54449 44.6,-90.2
54450 45,-89
54451 45.2,-90.4
54452 45.2,-89.8
54454 44.6,-89.9
54455 44.8,-89.7
54456 44.5,-90.6
54457 44.2,-89.9
54458 44.5,-89.3
54459 45.4,-90.2
54460 45,-90.5
54462 45.4,-89
54463 45.5,-89.2
54464 45.1,-89
54465 45.4,-88.9
54466 44.4,-90.3
54467 44.4,-89.5
54469 44.3,-89.9
54470 45.3,-90.1
54471 44.9,-89.4
54473 44.7,-89.4
54474 44.9,-89.6
54475 44.5,-89.8
54476 44.9,-89.5
54479 44.8,-90.3
54480 45.1,-90.3
54481 44.5,-89.6
54482 44.6,-89.5
54484 44.8,-90.1
54485 45.4,-89.2
54486 44.7,-89
54487 45.5,-89.7
54488 44.8,-90.3
54489 44.5,-90
54490 45.3,-90.4
54491 45.2,-88.7
54493 44.7,-90.8
54494 44.3,-89.7
54495 44.4,-90
54498 45,-90.6
54499 44.8,-89.2
54501 45.7,-89.3
54511 45.7,-88.8
54512 46.1,-89.7
54513 45.6,-90.1
54514 46,-90.5
54515 45.5,-90.5
54517 46.1,-90.9
54519 46.1,-89.3
54520 45.5,-88.9
54521 45.9,-89.3
54524 45.8,-90.4
54525 46.4,-90.2
54526 45.5,-90.9
54527 46.1,-90.6
54529 45.7,-89.7
54530 45.5,-90.7
54531 45.8,-89.8
54534 46.4,-90.2
54536 46.3,-90.3
54537 45.5,-90.6
54538 46,-89.9
54539 45.8,-89.6
54540 46.2,-89.4
54541 45.6,-88.7
54542 45.9,-88.7
54545 46.1,-89.9
54546 46.3,-90.7
54547 46.2,-90.1
54548 45.9,-89.8
54550 46.3,-90.3
54552 45.9,-90.3
54554 46.1,-89.1
54555 45.8,-90.3
54556 45.5,-90.3
54557 46.2,-89.7
54558 45.9,-89.5
54559 46.5,-90.5
54560 46,-89.6
54561 46.1,-89.4
54562 45.8,-89.1
54563 45.5,-91
54564 45.6,-90
54565 46.3,-90.5
54566 45.4,-88.6
54568 46,-89.7
54601 43.8,-91.1
54603 43.9,-91.3
54610 44.4,-91.8
54611 44.4,-91
54612 44.2,-91.5
54613 44.1,-89.9
54614 43.9,-91
54615 44.3,-90.8
54616 44.3,-91.2
54618 44,-90.3
54619 43.8,-90.8
54621 43.6,-91.1
54622 44.3,-91.8
54623 43.7,-91
54624 43.5,-91.1
54625 44.1,-91.5
54626 43.2,-91.1
54627 44.2,-91.2
54628 43.4,-91
54629 44.2,-91.6
54630 44.1,-91.4
54631 43.3,-90.8
54632 43.6,-91.1
54634 43.6,-90.4
54635 44.4,-91
54636 44,-91.2
54637 43.9,-90.3
54638 43.8,-90.4
54639 43.6,-90.6
54642 44.2,-91
54643 44.2,-90.6
54644 44,-91.1
54645 43.3,-90.9
54646 44.1,-90.1
54648 43.8,-90.6
54650 43.9,-91.2
54651 43.7,-90.6
54652 43.5,-90.8
54653 43.8,-90.9
54654 43.3,-91
54655 43.4,-90.8
54656 44,-90.8
54657 43.2,-90.9
54658 43.7,-91.2
54659 44.3,-91.1
54660 44,-90.5
54661 44.1,-91.5
54664 43.5,-90.6
54665 43.5,-90.9
54666 44.2,-90.4
54667 43.7,-90.9
54669 43.9,-91.1
54670 43.8,-90.5
54701 44.8,-91.5
54703 44.8,-91.5
54720 44.8,-91.4
54721 44.6,-92.1
54722 44.7,-91.1
54723 44.6,-92.4
54724 45.1,-91.5
54725 45.1,-92
54726 44.9,-91
54727 45,-91.2
54728 45.3,-91.6
54729 44.9,-91.4
54730 45,-91.7
54731 45.3,-91.1
54732 45.1,-91.2
54733 45.3,-91.9
54734 45.1,-92.1
54736 44.6,-91.9
54737 44.7,-92
54738 44.6,-91.5
54739 44.9,-91.7
54740 44.8,-92.2
54741 44.6,-91
54742 44.8,-91.3
54745 45.3,-91.1
54746 44.5,-90.9
54747 44.4,-91.5
54748 45.1,-91.3
54749 45,-92.1
54750 44.6,-92.3
54751 44.9,-91.9
54754 44.4,-90.8
54755 44.6,-91.7
54756 44.5,-91.9
54757 45.2,-91.5
54758 44.6,-91.2
54759 44.5,-92.1
54760 44.4,-91.2
54761 44.6,-92.2
54762 45.3,-92
54763 45.2,-91.9
54766 45.3,-90.9
54767 44.8,-92.3
54768 45,-90.9
54769 44.5,-92.2
54770 44.6,-91.4
54771 44.9,-90.8
54772 45.1,-91.9
54773 44.4,-91.3
54801 45.9,-91.9
54805 45.4,-92
54806 46.6,-90.8
54810 45.5,-92.4
54812 45.4,-91.9
54813 45.7,-92
54814 46.9,-90.9
54817 45.7,-91.5
54819 45.5,-91.3
54820 46.6,-91.6
54821 46.2,-91.2
54822 45.4,-91.7
54824 45.5,-92.5
54826 45.5,-92.2
54827 46.8,-91.1
54828 45.8,-91.3
54829 45.6,-92.1
54830 46.1,-92.2
54832 46.3,-91.3
54835 45.7,-91.2
54836 46.5,-92.2
54837 45.7,-92.4
54838 46.2,-91.8
54839 46.4,-91.2
54840 45.8,-92.7
54841 45.6,-91.8
54842 46.5,-91.9
54843 46,-91.3
54844 46.8,-91.2
54845 45.8,-92.1
54846 46.4,-90.7
54847 46.6,-91.4
54848 45.5,-91.1
54849 46.5,-91.7
54850 46.9,-90.6
54853 45.6,-92.5
54854 46.7,-91.7
54855 46.4,-90.8
54856 46.4,-91.1
54857 45.6,-91.6
54858 45.5,-92.5
54859 46.1,-91.8
54861 46.6,-90.6
54862 45.8,-91.1
54864 46.6,-91.8
54865 46.8,-91.4
54867 45.8,-91.2
54868 45.5,-91.7
54870 45.7,-91.8
54871 45.7,-92
54872 45.8,-92.4
54873 46.3,-91.7
54874 46.6,-91.9
54875 46,-91.7
54876 45.8,-91.5
54880 46.6,-92.1
54888 46,-91.9
54889 45.4,-92.2
54891 46.7,-91
54893 45.9,-92.3
54895 45.4,-91.5
54896 45.8,-90.9
54901 44.1,-88.5
54902 43.9,-88.5
54904 44,-88.6
54909 44.3,-89.4
54911 44.3,-88.4
54913 44.3,-88.4
54914 44.3,-88.5
54915 44.2,-88.4
54921 44.3,-89.6
54922 44.5,-88.7
54923 44,-89
54926 44.6,-89
54927 44.1,-88.7
54928 44.8,-88.9
54929 44.6,-88.7
54930 44,-89.6
54931 44.3,-88.7
54932 43.8,-88.6
54933 44.7,-88.7
54935 43.8,-88.4
54937 43.7,-88.4
54940 44.2,-88.8
54941 43.8,-89
54942 44.3,-88.5
54943 44.1,-89.6
54944 44.3,-88.6
54945 44.6,-89.1
54946 44.3,-89.1
54947 44.2,-88.7
54948 44.8,-88.9
54949 44.5,-88.9
54950 44.7,-88.9
54952 44.2,-88.3
54956 44.2,-88.5
54960 43.9,-89.2
54961 44.4,-88.8
54962 44.5,-89
54963 44,-88.8
54964 43.9,-88.7
54965 44.2,-89
54966 44.2,-89.5
54967 44.1,-89
54968 43.8,-89.1
54970 44.1,-89.1
54971 43.9,-88.8
54974 43.8,-88.7
54977 44.5,-89.2
54978 44.8,-88.9
54979 43.9,-88.5
54980 44,-88.8
54981 44.3,-89.1
54982 44.1,-89.3
54983 44.3,-88.9
54984 44.2,-89.2
54985 44.1,-88.5
54986 44.1,-88.7
55001 44.9,-92.8
55003 45,-92.8
55005 45.4,-93.2
55006 45.7,-93.2
55007 46,-93.1
55008 45.6,-93.3
55009 44.5,-92.9
55011 45.3,-93.3
55012 45.4,-92.8
55013 45.4,-92.9
55014 45.2,-93.1
55016 44.8,-92.9
55017 45.7,-93.4
55018 44.4,-93
55019 44.4,-93.3
55020 44.6,-93.4
55021 44.3,-93.3
55024 44.6,-93.1
55025 45.3,-93
55026 44.5,-92.3
55027 44.4,-92.6
55029 45.6,-93.2
55030 45.8,-93.1
55031 44.6,-93
55032 45.6,-93
55033 44.7,-92.9
55036 45.9,-93.1
55037 46,-92.8
55038 45.2,-93
55040 45.5,-93.3
55041 44.4,-92.3
55042 45,-92.9
55043 44.9,-92.8
55044 44.6,-93.3
55045 45.4,-92.8
55046 44.4,-93.4
55047 45.2,-92.8
55049 44.2,-93.2
55051 45.9,-93.3
55052 44.2,-93.4
55053 44.3,-93.1
55054 44.6,-93.4
55055 44.9,-93
55056 45.5,-93
55057 44.5,-93.2
55060 44.1,-93.2
55063 45.8,-92.9
55065 44.6,-93
55066 44.5,-92.5
55068 44.7,-93.1
55069 45.7,-93
55070 45.4,-93.3
55071 44.8,-93
55072 46.1,-92.6
55073 45.3,-92.8
55074 45.4,-92.7
55075 44.9,-93
55076 44.8,-93
55077 44.8,-93.1
55079 45.4,-93
55080 45.7,-93.2
55082 45.1,-92.8
55084 45.5,-92.7
55085 44.7,-93
55087 44.2,-93.4
55088 44.5,-93.4
55089 44.6,-92.7
55090 45.1,-93
55092 45.3,-93.1
55101 45,-93.1
55102 44.9,-93.1
55103 45,-93.1
55104 45,-93.2
55105 44.9,-93.2
55106 45,-93
55107 44.9,-93.1
55108 45,-93.2
55109 45,-93
55110 45.1,-93
55111 44.9,-93.2
55112 45.1,-93.2
55113 45,-93.2
55114 45,-93.2
55115 45.1,-92.9
55116 44.9,-93.2
55117 45,-93.1
55118 44.9,-93.1
55119 44.9,-93
55120 44.9,-93.2
55121 44.8,-93.2
55122 44.8,-93.2
55123 44.8,-93.1
55124 44.7,-93.2
55125 44.9,-92.9
55126 45.1,-93.1
55127 45.1,-93.1
55128 45,-93
55129 44.9,-92.9
55130 45,-93.1
55150 44.9,-93.2
55155 45,-93.1
55301 45.2,-93.7
55302 45.2,-94.1
55303 45.3,-93.4
55304 45.2,-93.3
55305 45,-93.4
55306 44.7,-93.3
55307 44.6,-94.1
55308 45.4,-93.8
55309 45.4,-93.7
55310 44.8,-94.9
55311 45.1,-93.5
55312 44.7,-94.4
55313 45.2,-93.8
55314 44.8,-94.6
55315 44.7,-93.7
55316 45.2,-93.4
55317 44.9,-93.6
55318 44.8,-93.6
55319 45.5,-94
55320 45.4,-94.1
55321 45.1,-94.2
55322 44.8,-93.8
55324 45.1,-94.4
55325 45.1,-94.3
55327 45.2,-93.5
55328 45,-93.8
55329 45.3,-94.6
55330 45.3,-93.6
55331 44.9,-93.6
55332 44.5,-94.7
55333 44.6,-94.9
55334 44.5,-94.2
55335 44.5,-94.6
55336 44.8,-94.2
55337 44.8,-93.3
55338 44.7,-94
55339 44.7,-94
55340 45.1,-93.6
55341 45.2,-93.7
55342 44.7,-94.7
55343 44.9,-93.4
55344 44.9,-93.4
55345 44.9,-93.5
55346 44.9,-93.5
55347 44.8,-93.5
55349 45.1,-94.1
55350 44.9,-94.4
55352 44.7,-93.6
55353 45.3,-94.3
55354 44.9,-94.1
55355 45.1,-94.6
55356 45,-93.6
55357 45.1,-93.7
55358 45.2,-94
55359 45,-93.7
55360 44.9,-93.9
55362 45.3,-93.8
55363 45,-93.9
55364 44.9,-93.7
55366 44.7,-94.2
55367 44.9,-94
55368 44.7,-93.9
55369 45.1,-93.4
55370 44.8,-94
55371 45.6,-93.6
55372 44.7,-93.4
55373 45.1,-93.7
55374 45.2,-93.6
55375 44.9,-93.7
55376 45.2,-93.7
55378 44.8,-93.4
55379 44.7,-93.5
55381 44.9,-94.2
55382 45.3,-94.2
55384 44.9,-93.6
55385 44.7,-94.5
55386 44.9,-93.7
55387 44.9,-93.8
55388 45,-93.8
55389 45.3,-94.4
55390 45.1,-94
55391 45,-93.5
55395 45,-94.1
55396 44.5,-94.4
55397 44.8,-93.9
55398 45.5,-93.6
55401 45,-93.3
55402 45,-93.3
55403 45,-93.3
55404 45,-93.3
55405 45,-93.3
55406 44.9,-93.2
55407 44.9,-93.3
55408 44.9,-93.3
55409 44.9,-93.3
55410 44.9,-93.3
55411 45,-93.3
55412 45,-93.3
55413 45,-93.2
55414 45,-93.2
55415 45,-93.3
55416 44.9,-93.3
55417 44.9,-93.2
55418 45,-93.2
55419 44.9,-93.3
55420 44.8,-93.3
55421 45.1,-93.2
55422 45,-93.3
55423 44.9,-93.3
55424 44.9,-93.3
55425 44.9,-93.2
55426 45,-93.4
55427 45,-93.4
55428 45.1,-93.4
55429 45.1,-93.3
55430 45.1,-93.3
55431 44.8,-93.3
55432 45.1,-93.3
55433 45.2,-93.3
55434 45.2,-93.3
55435 44.9,-93.3
55436 44.9,-93.4
55437 44.8,-93.3
55438 44.8,-93.4
55439 44.9,-93.4
55441 45,-93.4
55442 45,-93.4
55443 45.1,-93.3
55444 45.1,-93.3
55445 45.1,-93.4
55446 45,-93.5
55447 45,-93.5
55448 45.2,-93.3
55449 45.2,-93.2
55450 44.9,-93.2
55454 45,-93.2
55455 45,-93.2
55601 47.2,-91.4
55602 47.3,-91.9
55603 47.6,-91.2
55604 48,-90.6
55605 48,-89.7
55606 48,-90
55607 47.6,-91.5
55609 47,-91.8
55612 47.8,-90.7
55613 47.6,-91
55614 47.3,-91.4
55615 47.7,-90.9
55616 47.3,-91.7
55702 47,-92.6
55703 47.7,-92.8
55704 46.2,-92.8
55705 47.5,-92.3
55706 47.7,-92
55707 46.6,-92.6
55708 47.5,-92.3
55709 47.4,-93.4
55710 47.6,-92.7
55711 46.8,-92.7
55712 46.3,-92.5
55713 47.5,-92.8
55716 47.3,-93.3
55717 47.1,-92.4
55718 46.6,-92.5
55719 47.5,-92.9
55720 46.8,-92.5
55721 47.2,-93.7
55722 47.3,-93.4
55723 47.8,-92.9
55724 47.2,-92.4
55725 48.4,-92.5
55726 46.6,-92.8
55731 48,-91.8
55732 47.7,-92.3
55733 46.7,-92.4
55734 47.4,-92.5
55735 46.2,-93
55736 47,-92.9
55738 47.3,-92.7
55741 47.5,-92.4
55742 47.2,-93.1
55744 47.2,-93.5
55746 47.3,-93
55748 47,-93.6
55749 46.4,-92.4
55750 47.5,-92
55751 47.4,-92.7
55752 47,-93.3
55753 47.4,-93.1
55756 46.4,-92.6
55757 46.5,-92.9
55758 47.5,-92.7
55760 46.6,-93.3
55763 47.3,-92.2
55764 47.3,-93.3
55765 47.1,-92.7
55767 46.4,-92.8
55768 47.5,-92.7
55769 47.5,-93.2
55771 48.1,-92.9
55772 48.1,-93.1
55775 47.3,-93.2
55779 46.9,-92.4
55780 46.7,-92.7
55781 47.7,-93.1
55782 47.8,-92.2
55783 46.4,-92.9
55784 47.1,-93.2
55785 46.9,-93.7
55786 47.3,-93.4
55787 46.7,-93.1
55790 47.8,-92.4
55792 47.6,-92.5
55793 47.1,-93.3
55795 46.3,-92.9
55796 47.9,-91.8
55797 46.6,-92.4
55798 46.7,-93
55802 46.8,-92.1
55803 47,-92.1
55804 46.9,-91.9
55805 46.8,-92.1
55806 46.8,-92.1
55807 46.7,-92.2
55808 46.7,-92.2
55810 46.8,-92.3
55811 46.8,-92.2
55812 46.8,-92.1
55814 46.8,-92.2
55901 44.1,-92.5
55902 44,-92.5
55903 44,-92.4
55904 44,-92.4
55905 44.1,-92.5
55906 44.1,-92.4
55909 43.6,-92.7
55910 44.1,-92
55912 43.7,-93
55917 43.9,-93.1
55918 43.7,-92.8
55919 43.6,-91.3
55920 44,-92.6
55921 43.6,-91.5
55922 43.6,-91.9
55923 43.8,-92.2
55924 44,-93
55925 43.9,-91.5
55926 43.7,-92.7
55927 44,-92.9
55929 44,-92.1
55931 43.5,-91.4
55932 44.2,-92.3
55933 43.6,-92.7
55934 44,-92.3
55935 43.7,-92.1
55936 43.7,-92.6
55939 43.5,-92.1
55940 43.9,-92.8
55941 43.7,-91.3
55943 43.8,-91.6
55944 44,-92.7
55945 44.3,-92.1
55946 44.3,-93
55947 43.8,-91.4
55949 43.7,-91.9
55950 43.7,-93
55951 43.5,-92.5
55952 43.9,-91.8
55953 43.5,-93
55954 43.6,-91.8
55955 44.1,-92.7
55956 44.3,-92.5
55957 44.3,-92.3
55959 44.1,-91.8
55960 44.1,-92.5
55961 43.6,-92.5
55962 43.8,-91.8
55963 44.2,-92.7
55964 44.2,-92.2
55965 43.6,-92.1
55967 43.8,-92.5
55968 44.4,-92.1
55969 44.1,-91.9
55970 43.6,-92.8
55971 43.8,-91.8
55972 44,-92.1
55973 43.8,-92.8
55974 43.6,-91.6
55975 43.7,-92.4
55976 43.9,-92.5
55977 43.6,-92.6
55979 43.9,-92
55981 44.4,-92
55982 43.8,-92.9
55983 44.3,-92.8
55985 44.2,-92.9
55987 44,-91.6
55990 43.7,-92.3
55991 44.3,-92.4
55992 44.3,-92.7
56001 44.1,-94
56003 44.2,-94.1
56007 43.7,-93.3
56009 43.7,-93.5
56010 43.9,-94.2
56011 44.6,-93.8
56013 43.6,-94.1
56014 43.6,-93.8
56016 43.8,-93.3
56017 44.3,-93.8
56019 44.1,-94.9
56020 43.6,-93.5
56021 44.3,-94.3
56022 44.1,-94.8
56023 43.8,-94
56024 44.1,-93.8
56025 43.8,-93.9
56026 43.9,-93.3
56027 43.5,-94.1
56028 44.2,-93.7
56029 43.5,-93.5
56030 44.3,-94.6
56031 43.6,-94.5
56032 43.8,-93.6
56033 43.6,-93.9
56034 44,-94.2
56035 43.8,-93.3
56036 43.6,-93.2
56037 44,-94
56039 43.7,-94.3
56041 44.2,-94.5
56042 43.8,-93.5
56043 43.6,-93.2
56044 44.6,-94
56045 43.8,-93.2
56046 44,-93.3
56048 44.1,-93.7
56050 44.3,-93.9
56051 43.5,-93.7
56052 44.3,-93.6
56054 44.4,-94.4
56055 44.1,-94.2
56056 44.1,-94.6
56057 44.4,-93.7
56058 44.4,-93.9
56060 43.9,-94.4
56062 44,-94.4
56063 44.2,-93.8
56065 43.9,-93.9
56068 43.9,-93.8
56069 44.4,-93.5
56071 44.5,-93.6
56072 43.9,-93.5
56073 44.3,-94.5
56074 44.3,-94.2
56075 43.7,-94.4
56078 44,-93.8
56080 44.1,-93.9
56081 44,-94.6
56082 44.4,-94
56083 44.2,-95.1
56085 44.3,-94.7
56087 44.2,-95
56088 43.8,-94.5
56089 43.6,-93.5
56090 44,-94.2
56091 43.9,-93.7
56093 44.1,-93.5
56096 44.2,-93.6
56097 43.7,-93.7
56098 43.8,-94.2
56101 43.9,-95.1
56110 43.6,-95.9
56111 43.6,-94.9
56113 44.4,-96.2
56114 44,-95.6
56115 44.2,-95.9
56116 43.6,-96.4
56117 43.5,-95.7
56118 43.9,-95
56119 43.7,-95.5
56120 44,-94.8
56121 43.5,-94.6
56122 43.9,-96
56123 44.1,-95.6
56125 44.1,-95.5
56127 43.5,-94.8
56128 43.9,-96.1
56129 43.5,-96
56131 43.9,-95.6
56132 44.2,-95.8
56134 43.8,-96.2
56136 44.5,-96.4
56137 43.8,-95.3
56138 43.5,-96.4
56139 44.1,-96.2
56140 43.9,-96.4
56141 43.9,-95.8
56142 44.5,-96.2
56143 43.6,-95
56144 43.8,-96.4
56145 44.1,-95.2
56146 43.6,-96.1
56147 43.8,-96.1
56149 44.3,-96.3
56150 43.6,-95.2
56151 44,-95.9
56152 44.2,-95.3
56153 43.8,-96
56155 43.8,-95.9
56156 43.7,-96.2
56157 44.4,-95.9
56158 43.6,-96.1
56159 43.9,-94.9
56160 43.8,-94.8
56161 43.7,-95.3
56162 43.8,-94.7
56164 44.1,-96.3
56165 43.7,-95.7
56166 44.2,-95.4
56167 43.6,-95.4
56168 43.6,-95.8
56169 44.3,-96
56170 44.2,-96.1
56171 43.7,-94.8
56172 44,-95.8
56173 43.5,-96.2
56174 44,-95.3
56175 44.3,-95.6
56176 43.8,-94.7
56178 44.3,-96.1
56180 44.2,-95.5
56181 43.7,-94.6
56183 44,-95.4
56185 43.8,-95.8
56186 44,-96.1
56187 43.6,-95.6
56201 45.1,-95
56207 45.5,-96.1
56208 45.2,-96
56209 45.1,-94.8
56210 45.6,-96.6
56211 45.6,-96.7
56212 45.1,-96.3
56214 44.6,-95.3
56215 45.3,-95.6
56216 44.9,-95.1
56218 44.8,-95.9
56219 45.6,-96.8
56220 44.7,-96.3
56221 45.6,-96.2
56222 45,-95.4
56223 44.8,-95.8
56224 44.4,-95.1
56225 45.4,-96.4
56226 45.4,-95.7
56227 45.3,-96.2
56228 45,-94.7
56229 44.6,-95.7
56230 44.8,-95.1
56231 45.3,-95.8
56232 44.9,-96
56235 45.7,-96
56236 45.7,-96.4
56237 44.6,-95.4
56239 44.5,-95.9
56240 45.6,-96.5
56241 44.8,-95.6
56243 45.2,-94.7
56244 45.5,-95.8
56245 44.7,-95.7
56248 45.8,-96.1
56249 45.3,-95.9
56251 45.1,-94.9
56252 45.2,-95.3
56253 45,-94.9
56255 44.4,-95.4
56256 45,-96.2
56257 45,-96.4
56258 44.4,-95.7
56260 45,-95.5
56262 45.1,-95.9
56263 44.4,-95.5
56264 44.6,-96
56265 45,-95.7
56266 44.4,-94.9
56267 45.6,-95.9
56270 44.6,-95
56271 45.2,-95.4
56273 45.3,-95
56274 45.9,-96.2
56276 45.2,-96.3
56277 44.8,-95
56278 45.3,-96.4
56279 45.2,-95.2
56280 44.6,-96.2
56281 44.9,-95.2
56282 45,-95.2
56283 44.5,-95.1
56284 44.8,-95.2
56285 44.8,-95.3
56287 44.5,-95.3
56288 45.2,-94.9
56289 45.3,-95.2
56291 44.6,-96.1
56292 44.5,-95.5
56293 44.4,-95.3
56294 44.3,-95.2
56295 45,-95.8
56296 45.8,-96.5
56297 44.6,-95.6
56301 45.5,-94.2
56303 45.6,-94.2
56304 45.5,-94.1
56307 45.6,-94.6
56308 45.9,-95.4
56309 46.1,-95.8
56310 45.6,-94.5
56311 45.9,-95.9
56312 45.5,-95
56313 45.8,-93.6
56314 45.8,-94.4
56315 46,-95.6
56316 45.5,-95.1
56318 45.9,-94.7
56319 46,-95.2
56320 45.5,-94.4
56321 45.6,-94.4
56323 45.6,-95.7
56324 46.2,-95.9
56325 45.6,-94.9
56326 46,-95.7
56327 45.8,-95.6
56328 46,-94.5
56329 45.7,-93.9
56330 45.8,-93.8
56331 45.7,-94.7
56332 46,-95.5
56334 45.6,-95.3
56335 45.6,-94.9
56336 45.8,-94.8
56338 46,-93.8
56339 45.8,-95.8
56340 45.8,-94.4
56342 46.2,-93.4
56343 45.8,-95.7
56345 46,-94.4
56347 46,-94.9
56349 45.7,-95.5
56350 46.3,-93.2
56352 45.6,-94.8
56353 45.8,-93.6
56354 46.1,-95.3
56355 45.9,-95.2
56356 45.6,-94.7
56357 45.7,-93.8
56358 45.8,-93.4
56359 46.1,-93.7
56360 45.9,-95.1
56361 46.2,-95.3
56362 45.4,-94.7
56363 45.7,-93.7
56364 46,-94.1
56367 45.8,-94.2
56368 45.5,-94.6
56369 45.5,-94.3
56371 45.4,-94.6
56373 45.9,-94.2
56374 45.6,-94.3
56375 45.7,-94.3
56376 45.5,-94.7
56377 45.6,-94.2
56378 45.7,-95
56379 45.6,-94.1
56381 45.6,-95.5
56382 45.9,-94.6
56384 45.8,-94.6
56385 45.7,-95.2
56386 46.1,-93.5
56387 45.5,-94.2
56389 45.8,-95.1
56401 46.3,-94.1
56425 46.3,-94.3
56431 46.5,-93.6
56433 47,-94.7
56434 46.3,-94.9
56435 46.8,-94.5
56437 46.2,-95.1
56438 46.1,-94.8
56440 46.1,-95
56441 46.6,-94
56442 46.7,-94.1
56443 46.2,-94.6
56444 46.4,-93.9
56446 46.1,-95.1
56447 46.7,-93.9
56448 46.8,-94.1
56449 46.2,-94.3
56450 46.2,-93.8
56452 47,-94.4
56453 46.3,-95.2
56455 46.4,-94
56458 47.2,-95
56461 47.2,-94.9
56464 46.8,-95.1
56465 46.5,-94.1
56466 46.4,-94.6
56467 47,-94.8
56468 46.5,-94.3
56469 46.8,-93.6
56470 47,-95.1
56472 46.6,-94.3
56473 46.4,-94.5
56474 46.7,-94.4
56475 46.1,-94.5
56477 46.6,-95
56479 46.4,-94.8
56481 46.5,-94.9
56482 46.5,-95.1
56484 47.1,-94.5
56501 46.8,-95.8
56510 47.4,-96.5
56511 46.8,-96
56514 46.6,-96.4
56515 46.3,-95.7
56516 47.4,-96
56517 47.6,-96.6
56518 46.5,-95.3
56519 47.2,-96.5
56520 46.3,-96.5
56521 47,-95.9
56522 46.1,-96.4
56523 47.6,-96.8
56524 46.2,-95.6
56525 46.7,-96.8
56527 46.4,-95.3
56528 46.5,-95.8
56529 46.9,-96.7
56531 46,-96
56533 46.4,-96.1
56534 46.5,-96
56535 47.7,-96
56536 47,-96.5
56537 46.3,-96.1
56540 47.5,-96.3
56541 47.2,-96.1
56542 47.6,-95.7
56543 46.3,-96.3
56544 46.8,-95.6
56545 47.4,-96.2
56546 47.1,-96.7
56547 46.9,-96.6
56548 47.4,-96.7
56549 46.8,-96.3
56550 47.3,-96.7
56551 46.3,-95.5
56552 47,-96.2
56553 46.4,-96.6
56554 46.9,-96.1
56556 47.7,-95.9
56557 47.3,-95.8
56560 46.8,-96.7
56562 46.9,-96.8
56563 46.9,-96.8
56565 46,-96.3
56566 47.2,-95.6
56567 46.5,-95.4
56568 47.5,-96.8
56569 47.1,-95.8
56570 46.9,-95.4
56571 46.4,-95.5
56572 46.6,-96.1
56573 46.6,-95.5
56574 47.2,-96.7
56575 47,-95.4
56576 46.5,-95.7
56578 46.9,-95.6
56579 46.5,-96.3
56580 46.7,-96.6
56581 47.5,-96.8
56583 46,-96.4
56584 47.2,-96.2
56585 47.1,-96.2
56586 46.3,-95.8
56587 46.6,-95.9
56588 46.2,-95.5
56589 47.2,-95.7
56590 46,-96.2
56591 47.1,-95.9
56592 47.5,-96
56594 46.5,-96.6
56601 47.5,-94.8
56621 47.4,-95.4
56623 48.6,-94.6
56626 47.4,-94.1
56627 48.2,-94
56628 47.7,-93.5
56629 48.5,-94.2
56630 47.7,-94.5
56633 47.3,-94.5
56634 47.7,-95.4
56636 47.4,-93.8
56637 47.6,-93.8
56639 47.9,-93.5
56641 47.2,-94.3
56644 47.8,-95.5
56646 47.8,-95.6
56647 47.7,-94.6
56649 48.5,-93.2
56650 48,-94.6
56651 47.5,-95.6
56652 47.7,-95.2
56653 48.3,-93.6
56654 48.4,-94
56655 47,-94.2
56657 47.6,-93.6
56658 48.1,-93.9
56659 47.6,-94
56660 48,-94.2
56661 47.8,-94.1
56662 46.9,-93.9
56663 47.5,-94.4
56666 48,-94.8
56667 47.7,-95
56668 48.6,-93.3
56669 48.4,-93.2
56670 47.8,-94.9
56671 47.9,-95.3
56672 47.1,-94
56673 48.8,-95.1
56676 47.5,-95.2
56678 47.4,-95.1
56680 47.7,-94
56681 47.6,-94.3
56683 47.7,-94.8
56684 47.9,-95.7
56685 48.2,-94.5
56686 48.8,-94.9
56688 47.8,-93.8
56701 48.1,-96.2
56710 48.2,-97
56711 49,-95.1
56713 48.4,-96.8
56714 48.8,-96
56715 47.8,-95.9
56716 47.7,-96.6
56720 48.6,-96.9
56721 48,-96.9
56722 48,-96.7
56723 47.8,-96.8
56724 48.4,-95.7
56725 48.1,-95.7
56726 48.7,-96.2
56727 48.3,-95.4
56728 48.8,-97
56729 48.7,-96.6
56731 48.9,-97.1
56732 48.6,-96.5
56733 48.6,-96.9
56734 48.8,-96.6
56735 48.9,-96.6
56736 47.7,-96.2
56737 48.4,-96
56738 48.3,-96.3
56742 47.9,-95.8
56744 48.2,-97.1
56748 47.9,-96
56750 47.9,-96.3
56751 48.8,-95.8
56754 48,-96.2
56755 49,-97.1
56756 48.9,-95.6
56757 48.5,-96.9
56758 48.5,-96.5
56759 48.6,-96.1
56760 48.2,-96.4
56761 48.6,-95.7
56762 48.2,-96.7
56763 48.8,-95.3
57001 43,-96.7
57002 44.3,-96.7
57003 43.7,-96.8
57004 43.1,-96.8
57005 43.6,-96.6
57006 44.3,-96.8
57007 44.3,-96.8
57010 42.8,-96.8
57012 43.6,-97.3
57013 43.3,-96.6
57014 43.1,-97
57015 43.4,-97
57016 43.9,-97
57017 44,-96.8
57018 43.8,-97
57020 43.7,-96.8
57021 43.3,-97
57022 43.9,-96.7
57024 44,-96.7
57025 42.7,-96.7
57026 44.2,-96.5
57027 43.2,-96.5
57028 44.1,-96.6
57029 43.3,-97.5
57030 43.7,-96.5
57031 42.9,-97.2
57032 43.4,-96.7
57033 43.6,-97
57034 43.1,-96.5
57035 43.6,-97.1
57036 43.3,-97.1
57037 43.1,-97.2
57038 42.6,-96.6
57039 43.3,-96.9
57040 43.1,-97.6
57041 43.7,-96.9
57042 44,-97.1
57043 43.4,-97.3
57045 43.2,-97.5
57046 43,-97.3
57047 43.5,-97.2
57048 43.7,-97.2
57049 42.5,-96.5
57050 44.2,-97
57051 44.2,-97.4
57052 43.3,-97.7
57053 43.4,-97.1
57054 44.1,-97.3
57055 43.7,-96.7
57057 44.1,-97
57058 43.7,-97.4
57059 43.1,-97.8
57061 44.2,-97
57062 42.8,-97.9
57063 42.9,-97.7
57064 43.5,-96.9
57065 43.9,-96.6
57066 43,-97.9
57067 43,-97.5
57068 43.6,-96.5
57069 42.8,-97
57070 43.2,-97.2
57071 44.3,-97
57072 43,-97.2
57073 43,-97.1
57075 44,-97
57076 44,-97.4
57077 43.3,-96.8
57078 42.9,-97.4
57103 43.5,-96.7
57104 43.6,-96.7
57105 43.5,-96.7
57106 43.5,-96.8
57107 43.6,-96.8
57108 43.5,-96.7
57110 43.5,-96.6
57117 43.5,-96.8
57197 43.5,-96.7
57201 44.9,-97.1
57212 44.4,-97.1
57213 44.6,-96.5
57214 44.5,-97.2
57216 45.3,-96.5
57217 45.1,-97.7
57218 44.7,-96.6
57219 45.3,-97.8
57220 44.5,-96.9
57221 44.6,-97.4
57223 44.7,-97
57224 45.8,-97.2
57225 44.9,-97.7
57226 44.8,-96.7
57227 45.4,-96.7
57231 44.4,-97.6
57232 45.6,-97.4
57233 44.5,-97.4
57234 44.6,-96.9
57235 45.1,-97.3
57236 45,-97.6
57237 44.8,-96.5
57238 44.9,-96.9
57239 45.5,-97.3
57241 44.7,-97.2
57242 44.8,-97.4
57243 44.9,-97.4
57245 44.9,-96.9
57246 45.1,-96.7
57247 45.7,-97.5
57248 44.6,-97.2
57249 44.4,-97.4
57251 45.3,-96.9
57252 45.2,-96.6
57255 45.9,-96.9
57256 45.2,-97.2
57257 45.5,-97
57258 44.9,-97.9
57259 45,-96.6
57260 45.8,-96.7
57261 45.5,-97.5
57262 45.7,-97.1
57263 45.1,-97
57264 45.1,-96.8
57265 45,-96.8
57266 45.3,-97.1
57268 44.6,-96.7
57269 45.2,-96.8
57270 45.8,-97.3
57271 44.8,-97.5
57272 45.1,-97.5
57273 45.3,-97.3
57274 45.3,-97.6
57276 44.4,-96.6
57278 44.6,-97.7
57279 45.4,-96.9
57301 43.7,-98
57311 43.7,-97.8
57312 44.2,-98.4
57313 43.3,-98.4
57314 44,-98
57315 43,-98
57317 43.1,-99
57319 43.5,-97.5
57321 43.9,-97.5
57322 44.6,-98
57323 44.2,-97.7
57324 44.3,-98
57325 43.8,-99.3
57328 43.4,-98.4
57329 43,-98.1
57330 43.3,-98.2
57331 43.5,-98
57332 43.6,-97.7
57334 43.5,-98
57335 43.1,-98.7
57337 44,-97.8
57339 44.1,-99.5
57340 43.8,-97.9
57341 44.1,-99.1
57342 43.2,-98.7
57344 43.4,-98.6
57345 44.6,-99.4
57346 44.2,-99.5
57348 44.6,-98.4
57349 44,-97.6
57350 44.4,-98.2
57353 44.4,-97.8
57354 43.2,-97.8
57355 43.8,-98.9
57356 43.1,-98.5
57358 44.1,-98.4
57359 43.9,-98.2
57361 43,-98.4
57362 44.5,-99.1
57363 43.7,-98.3
57364 43.4,-98.6
57365 43.8,-99.4
57366 43.4,-97.9
57367 43.1,-98.5
57368 43.7,-98.5
57369 43.4,-99
57370 43.8,-99.2
57371 44.4,-99.2
57373 44.5,-98.9
57374 43.8,-97.6
57375 43.6,-98.5
57376 43.2,-97.9
57379 44.3,-98.5
57380 43,-98.3
57381 44.4,-98.7
57382 44.1,-98.7
57383 43.7,-98.7
57384 44.4,-98.5
57385 44,-98.3
57386 44.5,-98
57401 45.5,-98.5
57420 45.3,-100.1
57421 45.8,-97.9
57422 45.4,-97.9
57424 45,-98.5
57426 45.7,-98.5
57427 45.5,-98.3
57428 45.5,-99.7
57429 45.2,-98.3
57430 45.8,-97.7
57432 45.7,-98
57433 45.6,-98.3
57434 45.2,-98.1
57435 45.2,-98.9
57436 44.8,-98.1
57437 45.8,-99.6
57438 45.1,-99.2
57439 45.3,-98.1
57440 44.9,-98.3
57441 45.8,-98.5
57442 45.1,-100.2
57445 45.5,-98.1
57446 45.9,-98.2
57448 45.6,-99.4
57449 45.7,-98.2
57450 45.2,-99.8
57451 45.4,-98.9
57452 45.5,-99.9
57454 45.6,-97.8
57455 45,-99.7
57456 45.7,-99
57457 45.9,-99.2
57460 45.3,-98.7
57461 45.2,-98.4
57465 45.2,-98.7
57466 45.2,-99.5
57467 44.8,-99.2
57468 45.5,-97.7
57469 44.9,-98.6
57470 44.9,-98.9
57471 45.4,-99.3
57472 45.4,-100.1
57473 45,-99.5
57474 45.3,-98.3
57475 45.2,-99.6
57476 44.7,-98.6
57477 45,-98.1
57479 45.3,-98.4
57481 45.7,-98.7
57501 44.5,-100.3
57520 44.9,-100.2
57521 43.8,-101.2
57522 44.5,-100
57523 43.2,-99.2
57528 43.2,-99.8
57529 43.2,-99.6
57531 44,-100.5
57532 44.4,-100.6
57533 43.4,-99.4
57534 43.6,-99.7
57536 44.4,-99.8
57537 44.6,-101.1
57538 43.1,-99.2
57540 44.5,-99.6
57541 43.6,-99.9
57543 43.7,-101.5
57544 43.9,-99.8
57547 43.5,-101.4
57548 44.2,-99.6
57551 43.2,-101.7
57552 44.3,-101.2
57553 44.5,-101.6
57555 43.3,-100.7
57559 43.9,-100.7
57560 43.4,-101.2
57562 43.9,-101
57563 43.3,-100.4
57564 44.7,-100
57566 43.3,-101.1
57567 44.1,-101.7
57568 43.9,-100.1
57569 43.9,-99.6
57570 43.3,-100.9
57571 43,-99.1
57572 43.1,-101.1
57574 43.1,-101.4
57576 43.9,-100.3
57577 43.5,-101.7
57579 43.6,-100.8
57580 43.3,-100.1
57584 43.5,-100.1
57585 43.6,-100.4
57601 45.3,-100.4
57620 45.4,-102.5
57621 45.8,-101.1
57622 44.7,-101.6
57623 45,-101.7
57625 45,-101
57626 45,-102.2
57630 45.3,-100.8
57631 45.6,-100.3
57632 45.8,-100
57633 45.4,-101.5
57634 45.8,-101.9
57636 45,-101.4
57638 45.9,-102.2
57639 45.7,-100.8
57640 45.8,-102.7
57641 45.9,-101.3
57642 45.8,-100.7
57644 45.5,-102.1
57645 45.9,-101.7
57646 45.7,-100.1
57648 45.9,-100.3
57649 45.5,-102.8
57650 45.8,-103
57651 45.5,-103
57652 45.1,-100.7
57656 45.4,-101.1
57657 45.5,-100.8
57658 45.7,-100.6
57659 45.9,-101.1
57660 45.8,-101.5
57661 45.3,-101
57701 44.1,-103.2
57702 44,-103.4
57703 44,-103
57706 44.2,-103.1
57714 43.3,-101.9
57716 43.1,-102.2
57717 44.9,-103.9
57718 44.2,-103.4
57719 44.2,-103
57720 45.5,-103.6
57722 43.4,-103
57724 45.6,-104
57725 43.9,-102.8
57730 43.7,-103.6
57732 44.3,-103.7
57735 43.3,-103.9
57737 44.6,-102.5
57738 43.7,-103.2
57741 44.4,-103.5
57744 43.8,-103
57745 44,-103.8
57747 43.4,-103.5
57748 44.6,-102
57750 43.6,-101.9
57751 43.9,-103.4
57752 43.4,-102.2
57754 44.3,-103.9
57755 45.9,-103.3
57756 43.2,-102.5
57758 45,-102.7
57759 44.2,-103.6
57760 44.9,-103.3
57761 44.2,-102.8
57762 44.8,-103.6
57763 43.1,-103.3
57764 43.3,-102.8
57766 43.4,-103.2
57767 44.1,-102.6
57769 44.2,-103.3
57770 43.1,-102.7
57772 43.5,-102.5
57773 43.6,-103.6
57775 44.1,-102
57776 45.2,-103.5
57779 44.6,-103.8
57780 43.8,-102.5
57782 43.2,-103.2
57783 44.5,-103.9
57785 44.4,-103.2
57787 44.7,-102.7
57788 44.6,-103.2
57790 44.1,-102.2
57791 44.2,-102.5
57792 44.6,-102.4
57793 44.5,-103.6
57794 43.1,-102.4
57799 44.5,-103.9
58001 46.4,-96.7
58002 47,-97.4
58004 47,-97.3
58005 47.1,-97
58006 47.1,-97.2
58007 47,-97.5
58008 46.3,-97
58009 47.3,-97.2
58011 46.9,-97.5
58012 46.9,-97.2
58013 46.1,-97.4
58015 46.6,-96.8
58016 47.4,-97.5
58017 46,-97.9
58018 46.4,-96.9
58021 46.7,-97.1
58027 46.6,-97.6
58029 47.1,-97.4
58030 46,-96.7
58031 46.8,-97.7
58032 46.1,-97.7
58033 46.4,-97.9
58035 47.3,-97.4
58036 47.2,-97
58038 47.2,-97
58040 46.2,-97.7
58041 46,-96.9
58042 47,-97
58043 46,-97.5
58045 47.4,-97
58046 47.3,-97.7
58047 46.7,-96.9
58048 47.2,-97.2
58049 46.7,-98
58051 46.6,-97
58052 46.6,-97.3
58053 46.1,-97.2
58054 46.4,-97.7
58056 47.2,-97.9
58057 46.4,-97.3
58058 46.2,-97
58059 46.8,-97.1
58060 46.3,-97.4
58061 46.3,-96.9
58062 46.6,-97.8
58063 47,-97.8
58064 47.1,-97.6
58065 47.2,-97.8
58067 46.1,-97.5
58068 46.6,-97.4
58069 46.2,-97.8
58071 46.9,-97.7
58072 46.9,-98
58074 46.2,-96.9
58075 46.3,-96.7
58076 46.3,-96.6
58077 46.5,-97
58078 46.9,-96.9
58079 46.9,-97.4
58081 46.3,-97.1
58102 46.9,-96.8
58103 46.9,-96.8
58104 46.8,-96.8
58105 46.9,-96.8
58201 47.9,-97.1
58202 47.9,-97.1
58203 48,-97.2
58204 48,-97.4
58205 48,-97.4
58210 48.4,-98.1
58212 47.7,-98
58214 47.9,-97.5
58216 48.9,-97.4
58218 47.6,-97.1
58219 47.5,-96.9
58220 48.8,-97.7
58222 48.6,-97.7
58223 47.5,-97
58224 48.2,-97.9
58225 48.6,-97.2
58227 48.5,-97.9
58228 47.9,-97.3
58229 48.5,-98.2
58230 47.5,-97.8
58231 48.2,-97.8
58233 48.2,-97.5
58235 48.1,-97.5
58236 48.7,-97.5
58237 48.4,-97.4
58238 48.8,-97.4
58239 48.9,-98.7
58240 47.6,-97.5
58241 48.7,-97.7
58243 48.5,-97.7
58244 48.1,-97.7
58249 48.8,-98.3
58250 48.3,-98
58251 48,-97.7
58254 47.8,-98.1
58255 49,-98.4
58256 48.1,-97.2
58257 47.5,-97.3
58258 48,-97.3
58259 48,-98.1
58260 48.6,-98
58261 48.2,-97.3
58262 48.7,-97.9
58265 49,-97.6
58266 48,-97.8
58267 47.8,-97.6
58269 48.7,-98.2
58270 48.4,-97.8
58271 48.9,-97.3
58272 48,-98
58273 48.3,-97.7
58274 47.5,-97.5
58275 47.7,-97.1
58276 48.6,-97.5
58277 47.6,-97.8
58278 47.8,-97.1
58281 48.9,-98.6
58282 48.9,-97.9
58301 48.1,-98.9
58310 48.6,-99.6
58311 48.6,-98.6
58313 48.2,-100
58316 48.8,-99.8
58317 48.6,-99.4
58318 48.9,-100.4
58321 48.2,-98.3
58323 48.8,-98.9
58324 48.5,-99.2
58325 48.3,-99.1
58327 48.1,-98.6
58329 48.9,-100.1
58330 48.4,-98.5
58331 48.6,-99.1
58332 48,-99.8
58335 48,-99
58338 48.5,-98.6
58339 49,-99.3
58341 47.8,-99.9
58343 48.3,-99.7
58344 48,-98.3
58345 48.3,-98.4
58346 48.3,-99.4
58348 48,-99.5
58351 48.1,-99.3
58352 48.7,-98.9
58353 48.6,-99.6
58355 48.6,-98.4
58356 47.7,-99.1
58357 47.9,-99.2
58361 47.8,-98.4
58362 48.2,-99.1
58363 48.8,-99.5
58365 48.8,-99.2
58366 48.7,-99.9
58367 48.9,-99.6
58368 48.2,-100
58369 49,-99.8
58370 48,-98.9
58372 48.9,-99
58374 47.8,-99.1
58377 48.5,-98.9
58379 47.9,-98.8
58380 47.8,-98.5
58381 47.8,-98.7
58382 48.3,-98.8
58384 48.6,-100.3
58385 48.5,-99.6
58386 48.3,-99.6
58401 46.9,-98.8
58402 46.9,-98.7
58405 46.9,-98.7
58413 46,-99.3
58415 46.4,-98.5
58416 47.6,-98.4
58418 47.4,-99.6
58420 47.1,-98.9
58421 47.4,-99.1
58422 47.6,-99.4
58423 47.4,-99.8
58424 46.9,-99.1
58425 47.5,-98.1
58426 47.2,-98.6
58428 46.8,-99.7
58429 47.2,-98.2
58430 47.5,-100.3
58431 46.5,-98.5
58433 46.4,-98.7
58436 46.1,-98.6
58438 47.7,-99.6
58439 46,-98.8
58440 46.3,-99.2
58441 46.2,-98.4
58442 46.6,-99.2
58443 47.5,-98.7
58444 47.5,-100.1
58445 47.6,-98.8
58448 47.3,-98.2
58451 47.5,-100
58452 47.5,-98.2
58454 46.6,-99
58455 47.3,-98.7
58456 46.3,-99
58458 46.4,-98.3
58460 46.3,-99.3
58461 46.6,-98.2
58463 47.5,-100.5
58464 47.6,-98.6
58466 46.6,-98.4
58467 46.9,-99.3
58472 46.6,-98.7
58474 46.1,-98.1
58475 47.1,-99.5
58476 47.2,-99
58477 47.2,-100.5
58478 47.2,-99.7
58479 47.1,-98.2
58480 46.9,-98.3
58481 46.9,-98.4
58482 46.9,-99.9
58483 46.7,-99.4
58484 47.4,-98.5
58486 47.4,-99.4
58487 46.9,-99.6
58488 47.2,-100
58490 46.4,-98.1
58492 47.2,-98.4
58494 47.2,-100.3
58495 46.3,-99.6
58496 47.1,-99.3
58497 46.8,-98.5
58501 46.8,-100.7
58503 46.9,-100.8
58504 46.7,-100.7
58505 46.8,-100.8
58520 46.7,-101.6
58521 47,-100.7
58523 47.3,-101.8
58524 46.6,-100.1
58528 46.3,-100.6
58529 46.3,-101.6
58530 47.1,-101.2
58531 47.6,-101.2
58532 46.8,-100.1
58533 46.4,-101.8
58535 46.5,-101.2
58538 46.1,-100.7
58540 47.6,-101.7
58541 47.3,-102
58542 46,-100
58544 46.5,-100.4
58545 47.3,-101.6
58549 46.5,-99.9
58552 46.2,-100.3
58554 46.8,-100.9
58558 46.8,-100.5
58559 47.5,-100.7
58560 46.7,-100.3
58561 46.5,-99.7
58562 46.4,-102
58563 46.9,-101.4
58564 46.3,-101.3
58565 47.5,-101.4
58566 46.6,-100.9
58568 46.1,-101
58569 46.3,-101.2
58570 46.4,-100.9
58571 47.3,-101.4
58572 46.9,-100.3
58573 46.1,-100.2
58575 47.6,-100.9
58576 47.4,-101.2
58577 47.3,-101.1
58579 47.2,-100.7
58580 47.3,-101.9
58581 46,-99.8
58601 46.9,-102.8
58620 46.5,-103.3
58621 47.1,-103.9
58622 46.9,-103.3
58623 46.2,-103.4
58625 47.3,-102.2
58626 47.4,-102.6
58627 47.2,-103.3
58630 46.9,-102.6
58631 46.8,-101.8
58632 46.7,-104
58634 47.4,-103.4
58636 47.4,-102.3
58638 46.9,-102
58639 46.1,-102.7
58640 47.5,-102.9
58641 46.7,-102.5
58642 47.2,-102.8
58643 46.2,-104
58644 47.1,-102.3
58645 47,-103.5
58646 46.4,-102.3
58647 46.5,-102.9
58649 46.1,-102.9
58650 46.4,-102.6
58651 46.3,-103.7
58652 46.9,-102.2
58653 46.1,-103.1
58654 46.8,-103.8
58655 46.8,-103
58656 47,-102.5
58701 48.1,-101.3
58703 48.3,-101.3
58704 48.4,-101.3
58705 48.4,-101.4
58707 48.2,-101.3
58710 47.9,-100.2
58711 48.9,-101.3
58712 48,-100.6
58713 48.5,-100.6
58716 47.8,-101.1
58718 48.3,-101.8
58721 48.8,-102.3
58722 48.3,-101.5
58723 47.7,-100.6
58725 48.5,-101.7
58727 48.9,-102.8
58730 48.9,-103.3
58731 48.4,-101
58733 48.2,-101.6
58734 48.5,-102
58735 47.9,-101.5
58736 47.9,-100.4
58737 48.9,-102.4
58740 48.5,-101.2
58741 48.3,-100.8
58744 48.1,-100.6
58746 48.7,-102.1
58748 48.7,-100.6
58750 48.6,-101.4
58752 48.8,-102.6
58755 48.6,-103
58756 48,-101.8
58757 47.7,-102.6
58758 47.8,-100.1
58759 47.8,-101.2
58760 48.7,-101.1
58761 48.8,-101.5
58762 48.7,-100.9
58763 48,-102.6
58765 48.9,-103
58768 48.3,-101
58769 48.3,-102.2
58770 47.9,-102.2
58771 48.1,-102
58772 49,-102.6
58773 48.6,-102.7
58775 47.7,-101.9
58776 48.2,-102.6
58778 47.8,-100.9
58779 47.9,-101.8
58781 48,-101.1
58782 48.9,-101.7
58783 48.9,-100.8
58784 48.4,-102.4
58785 48.3,-101.1
58787 48.8,-101.8
58788 48.3,-100.5
58789 48.6,-100.8
58790 48,-100.9
58792 48,-100.7
58793 48.9,-101.1
58794 48.3,-102.8
58795 48.6,-103.2
58801 48.2,-103.8
58830 48.6,-103.5
58831 47.9,-103.7
58833 48.9,-103.5
58835 47.7,-103.4
58838 47.8,-103.9
58843 48.2,-103.4
58844 48.9,-103.7
58845 48.6,-103.9
58847 47.9,-102.9
58849 48.3,-103.2
58852 48.4,-102.9
58853 48.1,-103.7
58854 47.8,-103.2
58856 48.6,-103.7
59001 45.5,-109.5
59002 46,-108.7
59003 45.5,-106.2
59006 45.9,-108.1
59007 45.2,-109.2
59008 45.1,-109.1
59010 46,-107.3
59011 45.9,-109.9
59012 45.3,-106.6
59013 45.5,-109.1
59014 45.2,-108.7
59015 46.1,-108.8
59016 45.5,-106.9
59018 45.9,-110.6
59019 45.6,-109.2
59020 45.1,-110.1
59022 45.6,-107.3
59024 46.3,-107.8
59025 45.1,-106.7
59026 45.5,-108.8
59027 45.3,-110.9
59028 45.3,-109.7
59029 45.4,-108.8
59030 45.1,-110.6
59031 45.5,-107.4
59032 47,-108.7
59033 45.7,-109.7
59034 45.7,-107.8
59035 45.3,-107.9
59036 46.5,-109.9
59037 45.9,-108.2
59038 46.2,-107.2
59039 46.7,-107.3
59041 45.5,-109
59043 45.6,-106.7
59044 45.6,-108.7
59046 46.4,-109
59047 45.6,-110.6
59050 45.3,-107.5
59052 45.5,-110.1
59053 46.4,-110.4
59054 46.7,-107.8
59055 46.1,-109.8
59057 45.9,-109
59058 47,-107.8
59059 46.5,-108.1
59061 45.4,-109.9
59062 45.2,-106.2
59063 45.7,-109
59064 45.9,-107.9
59065 45.3,-110.7
59066 45.3,-108.5
59067 46,-109.2
59068 45.1,-109.6
59069 45.7,-109.6
59070 45.4,-109.2
59071 45.2,-109.6
59072 46.5,-108.6
59074 46.4,-109.3
59075 45.4,-107.8
59076 46.3,-107.1
59077 47.2,-107.6
59078 46.4,-109.5
59079 46.1,-108.4
59081 45,-110
59082 45.8,-110.3
59083 46.6,-107.6
59085 46.3,-110.2
59086 46.1,-110.7
59087 47.1,-108.2
59088 46.1,-108.1
59089 45.1,-107.3
59101 45.6,-108.3
59102 45.8,-108.6
59105 45.9,-108.5
59106 45.8,-108.7
59201 48.1,-105.6
59211 48.7,-104.3
59212 48.2,-104.1
59213 48.2,-104.9
59214 47.3,-106
59215 47.5,-105.8
59217 47.6,-104.2
59218 48.1,-104.5
59219 48.6,-104.2
59221 47.9,-104.2
59222 48.7,-105.2
59223 47.9,-106.2
59225 48.3,-106
59226 48.3,-104.5
59230 48.1,-106.8
59231 48.4,-106.5
59240 48.8,-106.2
59241 48.5,-107.1
59242 48.4,-104.4
59243 47.8,-104.7
59244 48.6,-106.3
59247 48.5,-104.5
59248 48.2,-106.2
59250 48.8,-106.6
59252 48.9,-104.8
59253 48.7,-105.9
59254 48.8,-104.6
59255 48.2,-105.2
59256 48.9,-104.6
59257 48.8,-104.9
59258 48.6,-104.7
59259 47.7,-105.1
59260 48.9,-106.1
59261 48.5,-107.4
59262 47.5,-104.5
59263 48.8,-105.5
59270 47.6,-104.1
59273 48.3,-106.9
59274 47.8,-105.4
59275 48.9,-104.2
59276 49,-105.2
59301 46.4,-105.9
59311 45.2,-104.5
59312 47,-106.3
59313 46.3,-104.2
59314 45.1,-105.4
59315 47.5,-104.9
59316 45.3,-105.1
59317 45.3,-105.5
59318 47.5,-107.5
59319 45.4,-104.2
59322 47.1,-106.7
59323 45.9,-106.7
59324 45.8,-104.6
59326 46.8,-104.9
59327 46.2,-106.7
59330 47.1,-104.8
59332 45.4,-104.7
59333 46.3,-106.2
59336 46.3,-105
59337 47.4,-106.8
59338 46.6,-105.6
59339 47.2,-105.3
59343 45.7,-105.4
59344 46.4,-104.6
59345 45.9,-105.2
59347 46.4,-106.4
59349 46.8,-105.5
59351 45.8,-105.7
59353 47,-104.3
59354 46.2,-104.4
59401 47.5,-111.3
59404 47.6,-111.3
59405 47.3,-111.3
59410 47.5,-112.6
59411 48.9,-113.4
59412 47.3,-110.9
59414 47.5,-111.3
59416 48,-111.5
59417 48.6,-113
59418 46.8,-109.9
59419 48,-112.3
59420 47.9,-111
59421 47.1,-111.7
59422 47.8,-112.5
59424 47.4,-110.1
59425 48.2,-111.9
59427 48.7,-112.7
59430 47.4,-109.8
59432 48.2,-112.5
59433 47.9,-111.7
59434 48.7,-113.5
59435 48.6,-112
59436 47.6,-112.1
59440 47.7,-111.2
59441 46.8,-109.1
59442 47.9,-110.7
59443 47.6,-111.8
59444 48.7,-111.4
59446 47.7,-110.2
59447 47.3,-110.5
59448 48.3,-112.8
59450 47.6,-110.7
59451 47.4,-109.4
59452 46.9,-110.1
59453 46.6,-109.7
59454 48.8,-112
59456 48.3,-111.4
59457 47.1,-109.3
59460 48.1,-110.5
59461 48.5,-111.2
59462 47.1,-109.9
59463 47,-110.9
59464 46.8,-109.6
59465 46.9,-110.7
59466 48.7,-111.8
59467 48.1,-112.4
59468 47.7,-111.6
59469 47.2,-110.7
59471 47.4,-108.8
59472 47.3,-111.2
59474 48.5,-111.7
59477 47.4,-112
59479 47,-110.3
59480 47.2,-111.1
59482 48.9,-111.9
59483 47.5,-111.7
59484 49,-111.5
59485 47.4,-111.6
59486 48.3,-112.4
59487 47.6,-111.6
59489 47.6,-109.2
59501 48.7,-109.8
59520 48,-109.9
59521 48.3,-110
59522 48.6,-111
59523 48.5,-109.2
59524 48.1,-108.4
59525 48.6,-110.3
59526 48.5,-108.7
59527 48,-108.8
59528 48.6,-110.4
59529 48.8,-108.7
59530 48.6,-110.7
59531 48.8,-110.8
59532 48.6,-110.1
59535 47.9,-109.3
59537 48.8,-108
59538 48,-107.8
59540 48.6,-110.6
59542 48.8,-108.3
59544 48.8,-107.6
59545 48.9,-111.2
59546 47.9,-108.5
59547 48.7,-109
59601 46.5,-112.2
59602 46.7,-111.9
59623 46.6,-112
59625 46.6,-112
59631 46.3,-112.4
59632 46.2,-112
59633 46.8,-112.3
59634 46.4,-112
59635 46.6,-111.8
59636 46.6,-112.1
59638 46.4,-112
59639 47.2,-112.7
59640 46.8,-112.4
59642 46.3,-110.8
59643 46.1,-111.6
59644 46.4,-111.4
59645 46.7,-111.1
59647 46.5,-111.7
59648 47.1,-112.2
59701 46,-112.5
59710 45.1,-112.1
59711 46.1,-113.1
59713 46.7,-112.6
59714 46,-111.1
59715 45.7,-110.9
59716 45.3,-111.4
59718 45.6,-111.2
59720 44.9,-111.6
59721 45.9,-111.9
59722 46.4,-112.8
59724 44.7,-112.8
59725 45.1,-112.8
59727 45.8,-112.8
59728 46.5,-112.4
59729 45.3,-111.7
59730 45.2,-111.1
59731 46.6,-112.8
59732 45.5,-112.7
59733 46.5,-113
59735 45.6,-111.8
59736 45.3,-113.3
59739 44.7,-112.2
59740 45.5,-111.8
59741 45.8,-111.4
59743 45.6,-112.8
59745 45.6,-111.6
59746 45.4,-113.1
59747 45.7,-112
59748 46,-112.7
59749 45.5,-112.1
59750 45.9,-112.7
59751 45.7,-112.3
59752 45.9,-111.5
59754 45.5,-112.4
59755 45.3,-111.9
59756 46.2,-112.8
59758 44.8,-111.2
59759 45.8,-112.2
59760 45.8,-111.6
59761 45.6,-113.6
59762 45.9,-113.3
59801 46.9,-114
59802 46.9,-113.9
59803 46.8,-113.9
59804 46.9,-114.3
59808 47,-114.1
59812 46.9,-114
59820 46.9,-114.6
59821 47.2,-114
59823 47,-113.6
59824 47.4,-114.2
59825 46.6,-113.6
59826 47.5,-113.7
59827 45.9,-114.1
59828 46.3,-114
59829 45.8,-114.2
59830 47.4,-115.5
59831 47.3,-114.4
59832 46.7,-113.3
59833 46.6,-114.1
59834 47.1,-114.2
59837 46.5,-113.3
59840 46.2,-114.1
59841 46.3,-114.2
59842 47.3,-115.4
59843 46.9,-113
59844 48,-115.9
59845 47.7,-114.6
59846 47.2,-114.5
59847 46.7,-114.4
59848 47.7,-114.7
59851 46.9,-113.9
59853 48,-115.8
59854 47.3,-113.2
59855 47.6,-114.1
59856 47.4,-114.7
59858 46.3,-113.5
59859 47.5,-114.8
59860 47.7,-114.2
59863 47.3,-114.2
59864 47.5,-114.1
59865 47.3,-114
59866 47.3,-115.1
59867 47.4,-115.6
59868 47.2,-113.5
59870 46.5,-114.1
59871 45.9,-113.8
59872 47.1,-114.9
59873 47.7,-115.3
59874 47.8,-115.6
59875 46.4,-114.3
59901 48.2,-114.4
59910 47.8,-114.2
59911 47.9,-113.9
59912 48.4,-114.2
59913 48.4,-114
59914 47.9,-114.3
59915 47.8,-114.4
59916 48.3,-113.7
59917 48.9,-114.9
59918 48.8,-114.8
59919 48.4,-114.1
59920 48,-114.6
59922 48,-114.2
59923 48.3,-115.3
59925 48,-114.8
59926 48.4,-114
59927 48.6,-114.7
59928 48.8,-114.3
59929 47.9,-114.4
59930 48.9,-115.1
59931 47.9,-114.3
59932 48.1,-114.2
59933 48.7,-114.8
59934 48.6,-114.9
59935 48.6,-115.8
59936 48.2,-113.5
59937 48.4,-114.5
60002 42.5,-88.1
60004 42.1,-88
60005 42.1,-88
60007 42,-88
60008 42.1,-88
60010 42.1,-88.2
60012 42.3,-88.3
60013 42.2,-88.2
60014 42.2,-88.3
60015 42.2,-87.9
60016 42.1,-87.9
60018 42,-87.9
60020 42.4,-88.2
60021 42.2,-88.2
60022 42.1,-87.8
60025 42.1,-87.8
60026 42.1,-87.8
60029 42.1,-87.8
60030 42.3,-88
60031 42.4,-87.9
60033 42.4,-88.6
60034 42.5,-88.4
60035 42.2,-87.8
60040 42.2,-87.8
60041 42.4,-88.2
60042 42.3,-88.2
60043 42.1,-87.7
60044 42.3,-87.9
60045 42.2,-87.9
60046 42.4,-88.1
60047 42.2,-88
60048 42.3,-87.9
60050 42.3,-88.3
60051 42.4,-88.2
60053 42,-87.8
60056 42.1,-87.9
60060 42.3,-88
60061 42.2,-88
60062 42.1,-87.8
60064 42.3,-87.9
60067 42.1,-88.1
60068 42,-87.8
60069 42.2,-87.9
60070 42.1,-87.9
60071 42.5,-88.3
60072 42.4,-88.3
60073 42.4,-88.1
60074 42.1,-88
60075 42.5,-87.9
60076 42,-87.7
60077 42,-87.8
60081 42.4,-88.2
60083 42.4,-87.9
60084 42.3,-88.1
60085 42.4,-87.9
60087 42.4,-87.9
60088 42.3,-87.8
60089 42.2,-88
60090 42.1,-87.9
60091 42.1,-87.7
60093 42.1,-87.8
60096 42.5,-87.8
60097 42.4,-88.4
60098 42.3,-88.5
60099 42.5,-87.9
60101 41.9,-88
60102 42.2,-88.3
60103 42,-88.2
60104 41.9,-87.9
60106 42,-87.9
60107 42,-88.2
60108 42,-88.1
60109 42.1,-88.5
60110 42.1,-88.3
60111 42,-88.8
60112 41.9,-88.7
60113 41.9,-89
60115 41.9,-88.8
60118 42.1,-88.3
60119 41.9,-88.5
60120 42,-88.2
60123 42,-88.3
60124 42,-88.4
60126 41.9,-87.9
60129 42,-89
60130 41.9,-87.8
60131 41.9,-87.9
60133 42,-88.1
60134 41.9,-88.3
60135 42.1,-88.7
60136 42.1,-88.4
60137 41.9,-88.1
60139 41.9,-88.1
60140 42.1,-88.5
60141 41.9,-87.8
60142 42.2,-88.4
60143 42,-88
60144 41.8,-88.5
60145 42.1,-88.8
60146 42.1,-88.9
60148 41.9,-88
60150 41.9,-88.9
60151 41.9,-88.6
60152 42.2,-88.6
60153 41.9,-87.8
60154 41.8,-87.9
60155 41.9,-87.9
60156 42.2,-88.3
60157 42,-88.1
60160 41.9,-87.9
60162 41.9,-87.9
60163 41.9,-87.9
60164 41.9,-87.9
60165 41.9,-87.9
60169 42.1,-88.1
60171 41.9,-87.8
60172 42,-88.1
60173 42.1,-88.1
60174 41.9,-88.3
60175 41.9,-88.4
60176 42,-87.9
60177 42,-88.3
60178 42,-88.7
60180 42.2,-88.5
60181 41.9,-88
60183 41.9,-88.4
60184 42,-88.3
60185 41.9,-88.2
60187 41.9,-88.1
60188 41.9,-88.1
60189 41.8,-88.1
60190 41.9,-88.2
60191 42,-88
60192 42.1,-88.2
60193 42,-88.1
60194 42,-88.1
60195 42.1,-88.1
60201 42.1,-87.7
60202 42,-87.7
60203 42,-87.7
60208 42.1,-87.7
60301 41.9,-87.8
60302 41.9,-87.8
60304 41.9,-87.8
60305 41.9,-87.8
60401 41.3,-87.6
60402 41.8,-87.8
60403 41.6,-88.1
60404 41.5,-88.2
60406 41.7,-87.7
60407 41.2,-88.3
60408 41.3,-88.2
60409 41.6,-87.6
60410 41.4,-88.2
60411 41.5,-87.6
60415 41.7,-87.8
60416 41.3,-88.3
60417 41.4,-87.6
60418 41.6,-87.7
60419 41.6,-87.6
60420 41.1,-88.4
60421 41.4,-88.1
60422 41.5,-87.7
60423 41.5,-87.8
60424 41.2,-88.3
60425 41.5,-87.6
60426 41.6,-87.7
60428 41.6,-87.7
60429 41.6,-87.7
60430 41.6,-87.7
60431 41.5,-88.2
60432 41.5,-88
60433 41.5,-88
60435 41.5,-88.1
60436 41.5,-88.1
60437 41.2,-88.6
60438 41.6,-87.6
60439 41.7,-88
60440 41.7,-88.1
60441 41.6,-88.1
60442 41.4,-88
60443 41.5,-87.7
60444 41.2,-88.4
60445 41.6,-87.7
60446 41.6,-88.1
60447 41.5,-88.3
60448 41.5,-87.9
60449 41.4,-87.8
60450 41.4,-88.4
60451 41.5,-88
60452 41.6,-87.8
60453 41.7,-87.8
60455 41.7,-87.8
60456 41.7,-87.7
60457 41.7,-87.8
60458 41.8,-87.8
60459 41.7,-87.8
60460 41,-88.5
60461 41.5,-87.7
60462 41.6,-87.8
60463 41.7,-87.8
60464 41.7,-87.9
60465 41.7,-87.8
60466 41.5,-87.7
60467 41.6,-87.9
60468 41.3,-87.8
60469 41.6,-87.7
60470 41.2,-88.6
60471 41.5,-87.7
60472 41.6,-87.7
60473 41.6,-87.6
60474 41.2,-88.3
60475 41.5,-87.6
60476 41.6,-87.6
60477 41.6,-87.8
60478 41.6,-87.7
60479 41.2,-88.5
60480 41.7,-87.9
60481 41.3,-88.1
60482 41.7,-87.8
60484 41.4,-87.7
60487 41.6,-87.8
60490 41.7,-88.1
60491 41.6,-88
60501 41.8,-87.8
60502 41.8,-88.3
60503 41.7,-88.3
60504 41.7,-88.2
60505 41.8,-88.3
60506 41.8,-88.4
60510 41.8,-88.3
60511 41.8,-88.6
60512 41.7,-88.4
60513 41.8,-87.8
60514 41.8,-88
60515 41.8,-88
60516 41.8,-88
60517 41.7,-88
60518 41.6,-88.9
60519 41.8,-88.2
60520 41.8,-88.7
60521 41.8,-87.9
60523 41.8,-88
60525 41.8,-87.9
60526 41.8,-87.9
60527 41.7,-87.9
60530 41.8,-89
60531 41.6,-88.8
60532 41.8,-88.1
60534 41.8,-87.8
60536 41.6,-88.6
60537 41.6,-88.6
60538 41.7,-88.3
60539 41.8,-88.3
60540 41.8,-88.1
60541 41.5,-88.5
60542 41.8,-88.3
60543 41.7,-88.3
60544 41.6,-88.2
60545 41.7,-88.5
60546 41.8,-87.8
60548 41.6,-88.6
60549 41.5,-88.7
60550 41.8,-88.9
60551 41.5,-88.7
60552 41.7,-88.7
60553 41.8,-89
60554 41.8,-88.5
60555 41.8,-88.2
60556 41.8,-88.8
60557 41.4,-88.8
60558 41.8,-87.9
60559 41.8,-88
60560 41.6,-88.4
60561 41.7,-88
60563 41.8,-88.2
60564 41.7,-88.2
60565 41.7,-88.1
60585 41.7,-88.2
60586 41.6,-88.2
60601 41.9,-87.6
60602 41.9,-87.6
60603 41.9,-87.6
60604 41.9,-87.6
60605 41.9,-87.6
60606 41.9,-87.6
60607 41.9,-87.7
60608 41.8,-87.7
60609 41.8,-87.7
60610 41.9,-87.6
60611 41.9,-87.6
60612 41.9,-87.7
60613 42,-87.7
60614 41.9,-87.6
60615 41.8,-87.6
60616 41.8,-87.6
60617 41.7,-87.6
60618 41.9,-87.7
60619 41.7,-87.6
60620 41.7,-87.7
60621 41.8,-87.6
60622 41.9,-87.7
60623 41.8,-87.7
60624 41.9,-87.7
60625 42,-87.7
60626 42,-87.7
60628 41.7,-87.6
60629 41.8,-87.7
60630 42,-87.8
60631 42,-87.8
60632 41.8,-87.7
60633 41.7,-87.6
60634 41.9,-87.8
60636 41.8,-87.7
60637 41.8,-87.6
60638 41.8,-87.8
60639 41.9,-87.8
60640 42,-87.7
60641 41.9,-87.7
60642 41.9,-87.7
60643 41.7,-87.7
60644 41.9,-87.8
60645 42,-87.7
60646 42,-87.8
60647 41.9,-87.7
60649 41.8,-87.6
60651 41.9,-87.7
60652 41.7,-87.7
60653 41.8,-87.6
60654 41.9,-87.6
60655 41.7,-87.7
60656 42,-87.8
60657 41.9,-87.7
60659 42,-87.7
60660 42,-87.7
60661 41.9,-87.6
60706 42,-87.8
60707 41.9,-87.8
60712 42,-87.7
60714 42,-87.8
60803 41.7,-87.7
60804 41.8,-87.8
60805 41.7,-87.7
60827 41.6,-87.6
60901 41.1,-87.9
60910 41.1,-87.8
60911 40.9,-88
60912 41,-87.6
60913 41.1,-88.1
60914 41.2,-87.9
60915 41.1,-87.9
60917 41,-88.2
60918 40.6,-88
60919 41,-88.2
60920 41,-88.3
60921 40.7,-88.3
60922 41,-87.9
60924 40.6,-87.9
60926 40.6,-87.8
60927 40.9,-88
60928 40.7,-87.9
60929 40.9,-88.3
60930 40.8,-88
60931 40.9,-87.6
60932 40.5,-87.8
60933 40.5,-88.3
60934 41,-88.3
60935 41.2,-88.2
60936 40.5,-88.4
60938 40.8,-88
60939 40.6,-87.8
60940 41.2,-87.6
60941 41,-88.1
60942 40.5,-87.7
60945 40.8,-87.6
60946 40.9,-88.2
60948 40.5,-88.1
60949 40.4,-88.1
60950 41.3,-87.9
60951 40.9,-87.7
60952 40.6,-88.3
60953 40.6,-87.7
60954 41.1,-87.6
60955 40.7,-88
60956 41,-87.7
60957 40.4,-88.1
60958 41.1,-87.6
60959 40.8,-88.2
60960 40.4,-87.9
60961 41.1,-88.2
60962 40.6,-88.2
60963 40.4,-87.7
60964 41,-87.7
60966 40.8,-87.6
60967 40.6,-87.6
60968 40.7,-88.1
60969 41.1,-88.1
60970 40.8,-87.7
60973 40.5,-87.7
60974 40.7,-87.7
61001 42.5,-90.1
61006 41.9,-89.2
61007 42.2,-89.6
61008 42.2,-88.8
61010 42.1,-89.3
61011 42.4,-88.9
61012 42.4,-88.8
61013 42.4,-89.6
61014 42,-89.9
61015 42,-89.2
61016 42.2,-88.9
61018 42.4,-89.6
61019 42.4,-89.4
61020 42.1,-89.1
61021 41.8,-89.5
61024 42.4,-89.3
61025 42.5,-90.6
61027 42.3,-89.8
61028 42.3,-90.2
61030 42.1,-89.6
61031 41.8,-89.3
61032 42.3,-89.6
61036 42.4,-90.4
61037 41.8,-89.8
61038 42.3,-88.7
61039 42.2,-89.5
61041 42.3,-90.3
61042 41.7,-89.6
61043 42.1,-89.1
61044 42.3,-89.9
61046 42.1,-89.8
61047 42.2,-89.4
61048 42.4,-89.8
61049 42,-89
61050 42.4,-89.7
61051 42,-89.8
61052 42.1,-89
61053 42.1,-90
61054 42.1,-89.4
61057 41.8,-89.4
61059 42.5,-89.9
61060 42.5,-89.6
61061 42,-89.3
61062 42.3,-89.8
61063 42.3,-89.3
61064 42,-89.6
61065 42.4,-88.8
61067 42.3,-89.5
61068 42,-89.1
61070 42.4,-89.5
61071 41.7,-89.7
61072 42.4,-89.1
61073 42.4,-89
61074 42.1,-90.1
61075 42.5,-90.3
61077 42.2,-89.3
61078 42.2,-89.7
61079 42.5,-89.2
61080 42.5,-89
61081 41.9,-89.7
61084 42.1,-89.2
61085 42.3,-90
61087 42.5,-90
61088 42.3,-89.3
61089 42.5,-89.8
61091 41.9,-89.6
61101 42.3,-89.1
61102 42.2,-89.2
61103 42.3,-89.1
61104 42.3,-89.1
61107 42.3,-89
61108 42.3,-89
61109 42.2,-89.1
61111 42.3,-89
61112 42.2,-89
61114 42.3,-89
61115 42.4,-89
61201 41.5,-90.6
61230 41.7,-90.2
61231 41.2,-90.7
61232 41.4,-90.7
61233 41.3,-90.3
61234 41.4,-89.9
61235 41.4,-90
61236 41.5,-90.4
61237 41.3,-90.9
61238 41.3,-90.2
61239 41.5,-90.4
61240 41.4,-90.4
61241 41.5,-90.3
61242 41.7,-90.3
61243 41.6,-89.7
61244 41.5,-90.4
61250 41.7,-90.1
61251 41.7,-90.1
61252 41.8,-90.1
61254 41.5,-90.1
61256 41.6,-90.4
61257 41.6,-90.2
61258 41.5,-89.9
61259 41.4,-90.9
61260 41.2,-90.9
61261 41.7,-89.9
61262 41.3,-90.3
61263 41.3,-90.6
61264 41.4,-90.6
61265 41.5,-90.5
61270 41.8,-90
61272 41.3,-91
61273 41.4,-90.4
61274 41.4,-90.3
61275 41.6,-90.3
61276 41.3,-90.6
61277 41.6,-89.9
61278 41.6,-90.3
61279 41.3,-90.7
61281 41.3,-90.5
61282 41.5,-90.4
61283 41.6,-89.8
61284 41.4,-90.8
61285 42,-90.1
61301 41.4,-89.1
61310 41.7,-89.4
61311 41,-88.9
61312 41.4,-89.2
61313 41.1,-88.7
61314 41.3,-89.7
61315 41.3,-89.4
61316 41.3,-89.1
61317 41.4,-89.2
61318 41.7,-89.1
61319 41,-88.7
61320 41.4,-89.2
61321 41,-89
61322 41.3,-89.3
61323 41.4,-89.4
61324 41.8,-89.4
61325 41.2,-88.8
61326 41.2,-89.2
61327 41.2,-89.3
61328 41.5,-89.5
61329 41.4,-89.2
61330 41.5,-89.3
61331 41.7,-89.3
61332 41.2,-89
61333 41,-88.9
61334 41.1,-89.1
61335 41.2,-89.2
61336 41.1,-89.2
61337 41.5,-89.3
61338 41.5,-89.7
61340 41.3,-89.3
61341 41.4,-88.7
61342 41.5,-89.1
61344 41.4,-89.8
61345 41.3,-89.8
61346 41.5,-89.7
61348 41.3,-89
61349 41.5,-89.4
61350 41.4,-88.9
61353 41.7,-89
61354 41.3,-89.1
61356 41.4,-89.4
61358 41,-89
61359 41.4,-89.3
61360 41.3,-88.6
61361 41.4,-89.8
61362 41.4,-89.2
61363 41.3,-89.2
61364 41.1,-88.8
61367 41.6,-89.3
61368 41.3,-89.5
61369 41,-89.2
61370 41.2,-89
61371 41.5,-89
61372 41.5,-89.1
61373 41.4,-89
61374 41.5,-89.4
61375 41,-89.2
61376 41.5,-89.6
61377 41.1,-89
61378 41.7,-89.2
61379 41.4,-89.6
61401 40.9,-90.4
61402 40.9,-90.4
61410 40.8,-90.4
61411 40.4,-90.5
61412 41.1,-90.6
61413 41.2,-90.4
61414 41.1,-90.2
61415 40.6,-90.4
61416 40.5,-90.6
61417 40.8,-90.5
61418 40.8,-90.9
61419 41.2,-90.1
61420 40.5,-90.9
61421 41.2,-89.6
61422 40.6,-90.5
61423 40.9,-90.5
61424 41.1,-89.6
61425 40.8,-91
61426 41.1,-89.7
61427 40.5,-90.2
61428 40.9,-90.1
61430 40.9,-90.3
61431 40.6,-90.3
61432 40.6,-90.2
61433 40.6,-90.2
61434 41.2,-90
61435 41,-90.6
61436 40.9,-90.2
61437 40.8,-91
61438 40.6,-90.6
61439 41,-90.4
61440 40.3,-90.6
61441 40.3,-90.3
61442 41.1,-90.9
61443 41.3,-89.9
61447 40.9,-90.8
61448 40.9,-90.2
61449 41.1,-90
61450 40.6,-91
61451 40.9,-89.9
61452 40.2,-90.7
61453 41,-90.8
61454 40.7,-91
61455 40.4,-90.6
61458 40.8,-90.2
61459 40.5,-90.4
61460 40.7,-90.8
61462 40.9,-90.7
61465 41.2,-90.5
61466 41.1,-90.5
61467 41.1,-90.2
61468 41.3,-90.4
61469 41,-90.9
61470 40.6,-90.5
61471 40.7,-90.8
61472 41.1,-90.4
61473 40.7,-90.6
61474 40.7,-90.4
61475 40.6,-90.8
61476 41.1,-90.8
61477 40.5,-90.3
61478 40.8,-90.8
61479 41,-89.6
61480 40.7,-90.9
61482 40.4,-90.4
61483 41.1,-89.9
61484 40.3,-90.4
61485 41,-90.1
61486 41.2,-90.6
61488 41,-90.3
61489 40.9,-90
61490 41.2,-90.3
61491 41.1,-89.7
61501 40.2,-90.3
61516 40.9,-89.1
61517 40.8,-89.8
61519 40.5,-90.1
61520 40.5,-90
61523 40.9,-89.5
61524 40.5,-90
61525 40.8,-89.7
61526 40.9,-89.6
61528 40.8,-89.7
61529 40.8,-89.9
61530 40.7,-89.3
61531 40.7,-90
61532 40.3,-89.8
61533 40.6,-89.8
61534 40.4,-89.7
61535 40.6,-89.5
61536 40.7,-89.8
61537 41.1,-89.5
61539 40.6,-89.8
61540 41,-89.4
61541 41,-89.2
61542 40.4,-90.1
61543 40.4,-90
61544 40.7,-90.2
61545 40.9,-89.4
61546 40.4,-89.8
61547 40.6,-89.7
61548 40.8,-89.4
61550 40.6,-89.4
61552 40.8,-89.6
61553 40.6,-90
61554 40.5,-89.6
61559 40.9,-89.8
61560 41.2,-89.4
61561 40.8,-89.2
61562 40.9,-89.5
61563 40.5,-90.1
61564 40.5,-89.7
61565 41,-89.5
61567 40.4,-89.9
61568 40.5,-89.5
61569 40.7,-89.9
61570 40.9,-89.3
61571 40.7,-89.4
61572 40.8,-90
61602 40.7,-89.6
61603 40.7,-89.6
61604 40.7,-89.7
61605 40.7,-89.6
61606 40.7,-89.6
61607 40.6,-89.7
61610 40.6,-89.6
61611 40.7,-89.5
61614 40.8,-89.6
61615 40.7,-89.7
61616 40.7,-89.6
61625 40.7,-89.6
61701 40.5,-89
61704 40.5,-88.9
61705 40.5,-89.1
61720 40.6,-88.5
61721 40.4,-89.3
61722 40.4,-88.6
61723 40.3,-89.3
61724 40.3,-88.5
61725 40.6,-89.1
61726 40.7,-88.7
61727 40.1,-89
61728 40.6,-88.6
61729 40.6,-89.2
61730 40.5,-88.7
61731 40.6,-88.5
61732 40.5,-89.2
61733 40.6,-89.3
61734 40.4,-89.5
61735 40.2,-88.8
61736 40.4,-88.8
61737 40.5,-88.7
61738 40.7,-89
61739 40.7,-88.5
61740 40.9,-88.9
61741 40.8,-88.4
61742 40.6,-89.3
61743 40.9,-88.8
61744 40.7,-88.9
61745 40.3,-89
61747 40.4,-89.4
61748 40.6,-89
61749 40.1,-89.1
61750 40.1,-88.9
61751 40.2,-89.3
61752 40.3,-88.8
61753 40.6,-88.8
61754 40.3,-89.2
61755 40.5,-89.3
61756 40,-89
61759 40.4,-89.3
61760 40.9,-89
61761 40.5,-88.9
61764 40.9,-88.6
61769 40.9,-88.4
61770 40.4,-88.5
61771 40.7,-89.1
61772 40.4,-89.1
61773 40.6,-88.4
61774 40.4,-89.2
61775 40.7,-88.4
61776 40.6,-88.9
61777 40.2,-88.9
61778 40.2,-89.1
61801 40.1,-88.2
61802 40.1,-88.2
61810 39.9,-87.9
61811 40.3,-87.6
61812 40.2,-87.9
61813 39.9,-88.6
61814 40.2,-87.6
61815 40.1,-88.4
61816 39.9,-88
61817 40,-87.7
61818 39.9,-88.7
61820 40.1,-88.2
61821 40.1,-88.3
61822 40.1,-88.3
61830 40,-88.7
61831 40.2,-87.8
61832 40.1,-87.6
61833 40.1,-87.6
61834 40.2,-87.7
61839 40.1,-88.6
61840 40.3,-88.3
61841 40,-87.8
61842 40.2,-88.7
61843 40.3,-88.4
61844 40.1,-87.9
61845 40.4,-88.4
61846 40,-87.6
61847 40.3,-88
61848 40.3,-87.7
61849 40,-88
61850 39.9,-87.7
61851 40,-88.4
61852 39.9,-88.1
61853 40.2,-88.4
61854 40.2,-88.5
61855 39.9,-88.7
61856 40,-88.6
61857 40.1,-87.8
61858 40.1,-87.8
61859 40.2,-88
61862 40.3,-88
61863 39.9,-88.3
61864 40,-88.2
61865 40.3,-87.8
61866 40.3,-88.2
61870 39.9,-87.6
61871 40.2,-88
61872 39.9,-88.4
61873 40.1,-88
61874 40.1,-88.3
61875 40.1,-88.4
61876 39.9,-87.8
61877 40,-88.1
61878 40.2,-88.1
61880 40,-88.2
61882 40.1,-88.8
61883 40,-87.6
61884 40.1,-88.5
61910 39.7,-88.3
61911 39.7,-88.5
61912 39.5,-88
61913 39.8,-88.5
61914 39.6,-88.8
61917 39.7,-87.9
61919 39.8,-88.1
61920 39.5,-88.2
61924 39.8,-87.7
61925 39.7,-88.8
61928 39.5,-88.5
61929 39.8,-88.6
61930 39.7,-88.1
61931 39.6,-88.4
61932 39.8,-87.9
61933 39.5,-87.9
61936 39.8,-88.7
61937 39.7,-88.7
61938 39.5,-88.4
61940 39.8,-87.8
61941 39.8,-88.1
61942 39.8,-88
61943 39.7,-88
61944 39.6,-87.7
61949 39.7,-87.9
61951 39.6,-88.6
61953 39.8,-88.3
61955 39.6,-87.6
61956 39.9,-88.1
61957 39.4,-88.6
62001 38.9,-89.7
62002 38.9,-90.1
62006 39.1,-90.7
62009 39.1,-89.8
62010 38.9,-90
62011 39.1,-89.2
62012 39,-90.1
62013 39,-90.6
62014 39,-90
62015 39.2,-89.5
62016 39.3,-90.4
62017 39.1,-89.4
62018 38.9,-90.1
62019 39,-89.4
62021 39,-90
62022 39,-90.3
62023 39.1,-89.8
62024 38.9,-90.1
62025 38.8,-89.9
62026 38.8,-90
62027 39.2,-90.6
62028 39,-90.4
62030 39.2,-90.2
62031 39.1,-90.5
62032 39.1,-89.3
62033 39.1,-89.8
62034 38.8,-90
62035 39,-90.2
62036 38.9,-90.6
62037 39,-90.5
62040 38.7,-90.1
62044 39.4,-90.2
62045 39.3,-90.7
62046 38.9,-89.8
62047 39.1,-90.6
62048 38.8,-90.1
62049 39.1,-89.5
62050 39.4,-90.6
62051 39.2,-89.4
62052 39.1,-90.3
62053 39.3,-90.7
62054 39.2,-90.4
62056 39.2,-89.7
62058 39,-89.8
62059 38.7,-90.2
62060 38.7,-90.1
62061 38.8,-89.8
62062 38.7,-90
62063 39.2,-90.1
62067 38.9,-90
62069 39.1,-89.7
62074 39,-89.7
62075 39.3,-89.3
62076 39.3,-89.2
62077 39,-89.5
62078 39.5,-90.5
62079 39.1,-90.1
62080 39.1,-89.1
62081 39.3,-90.2
62082 39.5,-90.3
62083 39.4,-89.2
62084 38.8,-90.1
62085 39.1,-89.8
62086 39,-89.6
62087 38.8,-90.1
62088 39,-89.8
62089 39.1,-89.5
62090 38.7,-90.2
62091 39.1,-89.6
62092 39.4,-90.4
62093 39.1,-89.8
62094 39.2,-89.3
62095 38.9,-90.1
62097 38.9,-89.9
62098 39.4,-90.3
62201 38.6,-90.1
62203 38.6,-90.1
62204 38.6,-90.1
62205 38.6,-90.1
62206 38.6,-90.2
62207 38.6,-90.1
62208 38.6,-90
62214 38.4,-89.6
62215 38.5,-89.6
62216 38.6,-89.6
62217 38.2,-89.8
62218 38.5,-89.5
62219 38.6,-89.4
62220 38.5,-90
62221 38.5,-89.9
62223 38.5,-90.1
62225 38.5,-89.9
62226 38.5,-90
62230 38.6,-89.5
62231 38.7,-89.3
62232 38.6,-90
62233 37.9,-89.8
62234 38.7,-90
62236 38.4,-90.2
62237 38.2,-89.6
62238 38.1,-89.5
62239 38.5,-90.2
62240 38.5,-90.2
62241 38,-89.9
62242 38.1,-89.9
62243 38.4,-89.9
62244 38.2,-90.2
62245 38.5,-89.6
62246 38.9,-89.4
62248 38.3,-90
62249 38.8,-89.7
62250 38.5,-89.3
62253 38.8,-89.3
62254 38.6,-89.8
62255 38.3,-89.8
62256 38.2,-90.2
62257 38.3,-89.7
62258 38.5,-89.8
62260 38.5,-90.1
62261 38,-90
62262 38.9,-89.3
62263 38.3,-89.4
62264 38.3,-89.9
62265 38.5,-89.7
62266 38.5,-89.7
62268 38.3,-89.5
62269 38.6,-89.9
62271 38.4,-89.5
62272 38,-89.6
62273 38.8,-89.6
62274 38.1,-89.4
62275 38.8,-89.5
62277 38.1,-90.1
62278 38.2,-90
62279 38.1,-90.1
62280 37.8,-89.6
62281 38.7,-89.8
62282 38.4,-89.7
62284 38.9,-89.3
62285 38.4,-90
62286 38.1,-89.7
62288 38,-89.7
62289 38.6,-89.8
62292 38.2,-89.7
62293 38.6,-89.7
62294 38.7,-89.9
62295 38.3,-90.3
62297 38.1,-89.8
62298 38.3,-90.1
62301 39.9,-91.4
62305 39.9,-91.3
62311 40.2,-90.9
62312 39.7,-91
62313 40.3,-91.2
62314 39.8,-90.9
62316 40.2,-91.1
62319 40.2,-90.7
62320 40,-91.1
62321 40.4,-91.1
62323 39.8,-90.7
62324 40,-91
62325 40,-91.2
62326 40.4,-90.8
62330 40.6,-91.1
62334 40.4,-91.2
62336 40.5,-91.2
62338 40,-91.2
62339 40.1,-91
62340 39.7,-90.7
62341 40.4,-91.3
62343 39.7,-91.2
62344 40.2,-90.8
62345 39.7,-91.1
62346 40.1,-90.9
62347 39.9,-91.1
62348 40.2,-91.4
62349 40.2,-91.2
62351 40.1,-91.3
62352 39.6,-90.7
62353 40,-90.8
62354 40.5,-91.3
62355 39.4,-90.8
62356 39.6,-91.1
62357 39.7,-90.9
62358 40.6,-91.3
62359 40,-91.2
62360 39.8,-91.3
62361 39.5,-90.6
62362 39.8,-90.8
62363 39.6,-90.8
62365 39.8,-91.2
62366 39.5,-90.9
62367 40.3,-90.9
62370 39.5,-91
62373 40.2,-91.4
62374 40.4,-90.9
62375 40,-90.9
62376 40.1,-91.4
62378 39.9,-90.6
62379 40.3,-91.4
62380 40.2,-91.2
62401 39.1,-88.6
62410 38.5,-87.7
62411 39.1,-88.7
62413 39.1,-87.8
62414 39.2,-88.8
62417 38.7,-87.8
62418 39,-89
62419 38.6,-88
62420 39.3,-88
62421 38.8,-87.9
62422 39.2,-88.9
62423 39.5,-87.6
62424 39,-88.4
62425 38.8,-88.1
62426 38.9,-88.7
62427 38.9,-87.6
62428 39.3,-88.1
62431 39.2,-89
62432 39.1,-88.1
62433 39.1,-87.7
62434 38.8,-88.3
62436 39.2,-88.3
62438 39.3,-88.9
62439 38.7,-87.6
62440 39.4,-88.3
62441 39.4,-87.7
62442 39.3,-87.9
62443 39,-88.6
62444 39.3,-88.7
62445 39.2,-88.3
62446 38.5,-88.2
62447 39.3,-88.4
62448 39,-88.2
62449 39,-87.9
62450 38.7,-88.1
62451 39,-87.6
62452 38.6,-88
62454 39,-87.8
62458 39,-88.9
62459 38.9,-88
62460 38.6,-87.7
62461 39.2,-88.7
62462 39.2,-88.5
62463 39.3,-88.6
62464 39,-87.8
62465 39.3,-88.6
62466 38.7,-87.9
62467 39.1,-88.4
62468 39.3,-88.3
62469 39.4,-88.3
62471 39,-89.1
62473 39,-88.6
62474 39.5,-88
62475 38.9,-88
62476 38.5,-88
62477 39.2,-87.6
62478 39.2,-87.7
62479 39,-88.3
62480 39,-88
62481 39.1,-88
62501 39.9,-88.8
62510 39.5,-89
62512 40.1,-89.2
62513 39.7,-89.2
62514 39.8,-89
62515 39.9,-89.4
62517 39.6,-89.4
62518 40.1,-89.2
62519 39.9,-89.4
62520 39.8,-89.5
62521 39.8,-88.9
62522 39.8,-89
62523 39.8,-89
62526 39.9,-89
62530 39.6,-89.7
62531 39.7,-89.4
62532 39.8,-89
62533 39.4,-89.6
62534 39.5,-88.8
62535 39.9,-89
62536 39.6,-89.7
62537 39.9,-89.1
62538 39.4,-89.5
62539 39.9,-89.2
62540 39.6,-89.4
62541 40,-89.4
62543 40,-89.2
62544 39.7,-89
62545 39.8,-89.4
62546 39.4,-89.4
62547 39.8,-89.2
62548 40,-89.3
62549 39.8,-88.9
62550 39.6,-89
62551 39.9,-89.2
62553 39.3,-89.1
62554 39.9,-88.9
62555 39.5,-89.2
62556 39.5,-89.4
62557 39.4,-89.1
62558 39.6,-89.5
62560 39.3,-89.6
62561 39.9,-89.5
62563 39.7,-89.5
62565 39.4,-88.8
62567 39.6,-89.2
62568 39.6,-89.3
62570 39.6,-89.5
62571 39.4,-89
62572 39.4,-89.7
62573 39.9,-89.1
62601 39.8,-90
62610 39.5,-90.4
62611 39.9,-90.4
62612 39.9,-90.1
62613 40,-89.7
62615 39.6,-89.8
62617 40.2,-90.2
62618 40,-90.4
62621 39.7,-90.5
62622 40,-90.3
62624 40.2,-90.3
62625 39.9,-89.7
62626 39.3,-89.9
62627 40.1,-90.1
62628 39.8,-90.4
62629 39.7,-89.7
62630 39.3,-90.1
62631 39.8,-90.4
62633 40.2,-89.9
62634 40,-89.5
62635 40.3,-89.5
62638 39.6,-90.1
62639 40,-90.5
62640 39.4,-89.8
62642 40.1,-89.7
62643 40.2,-89.5
62644 40.3,-90.1
62649 39.4,-90.1
62650 39.7,-90.2
62655 40.2,-90
62656 40.1,-89.4
62661 39.7,-89.8
62663 39.5,-90.3
62664 40.2,-89.7
62665 39.8,-90.5
62666 40.1,-89.5
62667 39.5,-90
62668 39.6,-90.2
62670 39.7,-89.9
62671 40.2,-89.5
62672 39.4,-89.8
62673 40.1,-90
62674 39.4,-90
62675 40,-89.9
62677 39.9,-89.9
62681 40.1,-90.5
62682 40.3,-89.6
62684 39.9,-89.6
62685 39.1,-90
62688 39.9,-89.9
62689 39.5,-89.8
62690 39.5,-89.8
62691 40,-90.2
62692 39.6,-89.9
62693 40,-89.5
62694 39.6,-90.5
62695 39.6,-90.2
62701 39.8,-89.6
62702 39.8,-89.6
62703 39.8,-89.6
62704 39.8,-89.7
62706 39.8,-89.7
62707 39.9,-89.7
62711 39.8,-89.7
62712 39.7,-89.6
62801 38.5,-89.1
62803 38.5,-89.3
62806 38.4,-88.1
62807 38.8,-88.9
62808 38.3,-89.2
62809 38.3,-88.3
62810 38.2,-88.7
62811 38.4,-87.9
62812 38,-88.9
62814 38.4,-88.7
62815 38.5,-88
62816 38.2,-88.9
62817 38,-88.5
62818 38.4,-88
62819 38,-89
62820 38.2,-88.2
62821 38.1,-88.1
62822 38,-89.1
62823 38.5,-88.4
62824 38.7,-88.3
62825 38,-89.1
62827 38.2,-88
62828 38.2,-88.6
62829 38,-88.5
62830 38.4,-89
62831 38.2,-89.2
62832 38,-89.3
62833 38.3,-88.2
62835 38.1,-88.3
62836 38.1,-88.8
62837 38.4,-88.4
62838 38.9,-88.7
62839 38.7,-88.5
62841 37.9,-89
62842 38.5,-88.4
62843 38.4,-88.2
62844 38.3,-88
62846 38.2,-88.9
62848 38.4,-89.2
62849 38.6,-88.8
62850 38.5,-88.6
62851 38.4,-88.7
62852 38.3,-87.9
62853 38.5,-88.9
62854 38.8,-88.8
62856 38,-88.8
62858 38.8,-88.5
62859 38.1,-88.5
62860 38,-88.7
62861 38,-88
62862 38.2,-88.3
62863 38.4,-87.9
62864 38.3,-88.9
62865 38,-89.1
62867 37.9,-88.1
62868 38.7,-88.2
62869 38,-88.3
62870 38.6,-89.1
62871 37.9,-88.3
62872 38.3,-88.8
62874 37.9,-89
62875 38.8,-89.1
62876 38.3,-89.2
62877 38.4,-89.2
62878 38.6,-88.5
62879 38.8,-88.4
62880 38.9,-88.9
62881 38.6,-88.9
62882 38.6,-89.1
62883 38.2,-89.1
62884 38.1,-89
62885 38.9,-89.1
62886 38.4,-88.5
62887 38.2,-88.4
62888 38.1,-89.2
62889 38.5,-88.8
62890 37.9,-88.7
62891 38,-89
62892 38.8,-89.1
62893 38.5,-89
62894 38.2,-89
62895 38.3,-88.6
62896 37.9,-88.9
62897 38.1,-88.9
62898 38.4,-89.1
62899 38.6,-88.6
62901 37.7,-89.2
62902 37.7,-89.1
62903 37.7,-89.3
62905 37.6,-89.4
62906 37.5,-89.2
62907 37.9,-89.5
62908 37.3,-88.9
62910 37.2,-88.5
62912 37.5,-89
62914 37,-89.2
62915 37.8,-89.1
62916 37.9,-89.6
62917 37.7,-88.7
62918 37.8,-89.1
62919 37.5,-88.1
62920 37.6,-89.2
62921 37.8,-89.1
62922 37.6,-88.8
62923 37.3,-89
62924 37.8,-89.2
62926 37.4,-89.1
62927 37.9,-89.3
62928 37.5,-88.6
62930 37.8,-88.4
62931 37.5,-88.3
62932 37.9,-89.2
62933 37.8,-89
62934 37.7,-88.4
62935 37.8,-88.6
62938 37.4,-88.6
62939 37.5,-89
62940 37.7,-89.5
62941 37.2,-89
62942 37.6,-89.5
62943 37.4,-88.7
62946 37.7,-88.5
62947 37.5,-88.5
62948 37.8,-89
62949 37.8,-89.1
62950 37.7,-89.6
62951 37.8,-88.9
62952 37.4,-89.3
62953 37.2,-88.8
62954 37.7,-88.3
62956 37.3,-88.9
62957 37.3,-89.4
62958 37.6,-89.1
62959 37.7,-88.9
62960 37.2,-88.7
62961 37.3,-89.3
62962 37.1,-89.3
62963 37.1,-89.2
62964 37.1,-89.2
62965 37.8,-88.5
62966 37.8,-89.4
62967 37.6,-88.7
62969 37.1,-89.3
62970 37.2,-89.1
62972 37.5,-88.8
62974 37.8,-88.8
62975 37.6,-89.4
62976 37.2,-89.2
62977 37.9,-88.5
62979 37.8,-88.2
62982 37.4,-88.4
62983 37.9,-89.1
62984 37.8,-88.1
62985 37.5,-88.7
62987 37.6,-88.7
62988 37.2,-89.3
62990 37.2,-89.4
62992 37.3,-89.1
62994 37.9,-89.3
62995 37.4,-88.9
62996 37.2,-89.2
62997 38,-89.6
62998 37.5,-89.5
62999 37.9,-89.1
63005 38.6,-90.7
63010 38.4,-90.4
63011 38.6,-90.6
63012 38.3,-90.5
63013 38.4,-91.2
63014 38.7,-91.3
63015 38.4,-90.8
63016 38.4,-90.7
63017 38.7,-90.5
63019 38.2,-90.4
63020 38.1,-90.6
63021 38.6,-90.5
63023 38.3,-90.7
63025 38.5,-90.6
63026 38.5,-90.5
63028 38.1,-90.4
63030 38.1,-90.8
63031 38.8,-90.4
63033 38.8,-90.3
63034 38.8,-90.3
63036 38,-90.4
63037 38.4,-91.3
63038 38.6,-90.7
63039 38.5,-90.8
63040 38.6,-90.6
63041 38.3,-90.8
63042 38.8,-90.4
63043 38.7,-90.5
63044 38.8,-90.4
63045 38.8,-90.5
63047 38.2,-90.5
63048 38.3,-90.4
63049 38.5,-90.5
63050 38.3,-90.6
63051 38.4,-90.6
63052 38.4,-90.4
63053 38.4,-90.4
63055 38.5,-90.8
63056 38.4,-91.2
63060 38.3,-90.9
63061 38.3,-90.8
63068 38.6,-91.2
63069 38.5,-90.7
63070 38.3,-90.4
63071 38.2,-90.8
63072 38.4,-90.8
63073 38.6,-90.8
63074 38.7,-90.4
63077 38.3,-91
63079 38.3,-91.1
63080 38.2,-91.1
63084 38.4,-91
63087 38,-90.5
63088 38.5,-90.5
63089 38.5,-90.9
63090 38.5,-91
63091 38.4,-91.4
63101 38.6,-90.2
63102 38.6,-90.2
63103 38.6,-90.2
63104 38.6,-90.2
63105 38.6,-90.3
63106 38.6,-90.2
63107 38.7,-90.2
63108 38.6,-90.3
63109 38.6,-90.3
63110 38.6,-90.3
63111 38.6,-90.3
63112 38.7,-90.3
63113 38.7,-90.2
63114 38.7,-90.4
63115 38.7,-90.2
63116 38.6,-90.3
63117 38.6,-90.3
63118 38.6,-90.2
63119 38.6,-90.3
63120 38.7,-90.3
63121 38.7,-90.3
63122 38.6,-90.4
63123 38.5,-90.3
63124 38.6,-90.4
63125 38.5,-90.3
63126 38.5,-90.4
63127 38.5,-90.4
63128 38.5,-90.4
63129 38.5,-90.3
63130 38.7,-90.3
63131 38.6,-90.4
63132 38.7,-90.4
63133 38.7,-90.3
63134 38.7,-90.3
63135 38.8,-90.3
63136 38.7,-90.3
63137 38.7,-90.2
63138 38.8,-90.2
63139 38.6,-90.3
63140 38.7,-90.3
63141 38.7,-90.5
63143 38.6,-90.3
63144 38.6,-90.3
63146 38.7,-90.5
63147 38.7,-90.2
63155 38.6,-90.2
63301 38.9,-90.5
63303 38.7,-90.5
63304 38.7,-90.7
63330 39.3,-90.8
63332 38.6,-90.9
63333 39,-91.3
63334 39.3,-91.2
63336 39.3,-90.9
63339 39.3,-91.4
63341 38.7,-90.8
63343 39.2,-90.8
63344 39.2,-91
63345 39.3,-91.6
63347 39.1,-90.8
63348 38.8,-90.9
63349 39,-91.2
63350 38.9,-91.4
63351 38.9,-91.3
63352 39.2,-91.7
63353 39.5,-91.1
63357 38.6,-91.1
63359 39.2,-91.3
63361 39,-91.6
63362 38.9,-90.9
63363 38.9,-91.5
63365 38.7,-90.9
63366 38.9,-90.7
63367 38.8,-90.8
63368 38.8,-90.7
63369 38.9,-90.8
63373 38.9,-90.4
63376 38.8,-90.6
63377 39.1,-91.1
63379 39,-91
63380 38.8,-91.1
63381 39,-91.3
63382 39.3,-91.5
63383 38.8,-91.2
63384 39.1,-91.6
63385 38.8,-90.9
63386 38.9,-90.2
63387 39.2,-91
63388 38.9,-91.8
63389 39,-90.8
63390 38.8,-91
63401 39.7,-91.5
63430 40.4,-91.5
63431 39.7,-92.3
63432 40.5,-92
63433 39.5,-91.1
63434 39.9,-91.9
63435 40.2,-91.6
63436 39.5,-91.5
63437 39.7,-92.2
63438 40,-91.7
63439 39.8,-91.9
63440 40,-91.7
63441 39.5,-91.3
63443 39.7,-91.9
63445 40.4,-91.7
63446 40.1,-92
63447 40.1,-91.9
63448 40,-91.5
63450 39.7,-92.2
63451 39.9,-92.2
63452 40.1,-91.8
63453 40.5,-91.9
63454 39.9,-91.7
63456 39.7,-91.7
63457 40.2,-91.7
63458 40,-92
63459 39.6,-91.4
63460 40,-92.2
63461 39.8,-91.6
63462 39.4,-91.7
63463 39.9,-91.8
63465 40.5,-91.7
63466 40.3,-91.6
63467 39.6,-91.3
63468 39.7,-92
63469 39.8,-92
63471 39.9,-91.5
63472 40.4,-91.6
63473 40.3,-91.8
63474 40.3,-91.9
63501 40.2,-92.6
63530 39.9,-92.4
63531 40.3,-92.2
63532 39.8,-92.6
63533 40.2,-92.4
63534 39.7,-92.6
63535 40.6,-92.7
63536 40.5,-92.4
63537 40.1,-92.2
63538 40,-92.7
63539 39.9,-92.8
63540 40.1,-92.4
63541 40.5,-92.6
63543 40.4,-92
63544 40.2,-92.9
63545 40.3,-93
63546 40.3,-92.5
63547 40.1,-92.3
63548 40.5,-92.5
63549 40,-92.5
63551 40.5,-92.7
63552 39.8,-92.5
63555 40.5,-92.2
63556 40.2,-93.1
63557 40,-92.9
63558 39.7,-92.8
63559 40.2,-92.8
63560 40.4,-93.1
63561 40.4,-92.5
63563 40.3,-92.1
63565 40.5,-92.9
63566 40,-93
63567 40.4,-92.7
63601 37.8,-90.5
63620 37.4,-90.7
63621 37.5,-90.6
63622 37.8,-90.9
63623 37.7,-90.9
63624 37.8,-90.6
63625 37.6,-91
63626 38.1,-90.7
63627 38,-90.3
63628 37.9,-90.5
63629 37.4,-91.2
63630 38,-90.7
63631 37.8,-90.8
63633 37.4,-91
63636 37.3,-90.6
63637 37.7,-90.5
63638 37.2,-91
63640 37.8,-90.4
63645 37.5,-90.3
63648 37.8,-90.7
63650 37.6,-90.6
63653 37.9,-90.6
63654 37.5,-90.9
63655 37.4,-90.2
63656 37.6,-90.8
63660 37.9,-90.7
63662 37.5,-90.1
63663 37.6,-90.6
63664 37.9,-90.9
63665 37.3,-90.8
63670 37.9,-90.2
63673 37.8,-90
63674 38,-90.7
63675 37.3,-90.7
63701 37.3,-89.6
63703 37.3,-89.5
63730 37.1,-89.9
63732 37.6,-89.6
63735 37,-89.8
63736 37.1,-89.5
63738 37.1,-90
63739 37.4,-89.8
63740 37.2,-89.7
63742 37.2,-89.4
63743 37.5,-89.8
63744 37.2,-89.7
63745 37.3,-89.7
63746 37.7,-89.7
63747 37.6,-89.8
63748 37.7,-89.6
63750 37.2,-90.2
63751 37.3,-90.1
63755 37.4,-89.6
63758 37.2,-89.6
63760 37.3,-89.9
63763 37.1,-90.2
63764 37.3,-90
63766 37.4,-89.9
63767 37,-89.6
63769 37.5,-89.8
63770 37.6,-89.7
63771 37.1,-89.7
63774 37.1,-89.8
63775 37.7,-89.9
63780 37.2,-89.5
63781 37.5,-89.9
63782 37.1,-90
63783 37.6,-89.7
63784 37,-89.7
63785 37.3,-89.8
63787 37.1,-90.1
63801 36.9,-89.6
63820 36.8,-89.3
63821 36,-90.2
63822 36.7,-90
63823 36.9,-89.4
63824 37,-89.5
63825 36.9,-89.9
63826 36.2,-89.8
63827 36.3,-89.9
63828 36.8,-89.7
63829 36,-90.3
63830 36.1,-89.7
63833 36.7,-89.7
63834 36.9,-89.3
63837 36.5,-90
63839 36,-89.8
63840 36.2,-89.9
63841 36.8,-90
63845 36.7,-89.3
63846 36.8,-89.8
63847 36.4,-90
63848 36.4,-89.9
63849 36.1,-90
63850 36.8,-89.8
63851 36.3,-89.7
63852 36.4,-90
63853 36.1,-89.9
63855 36.1,-90.1
63857 36.2,-90
63860 36.7,-89.6
63862 36.6,-89.7
63863 36.6,-90
63866 36.5,-89.6
63867 36.8,-89.6
63868 36.8,-89.7
63869 36.6,-89.5
63870 36.6,-89.8
63873 36.4,-89.7
63874 36.6,-89.8
63876 36.1,-90.2
63877 36.1,-89.8
63878 36.5,-89.8
63879 36.4,-89.8
63880 36.3,-90
63882 36.9,-89.2
63901 36.8,-90.5
63932 36.7,-90.2
63933 36.5,-90.1
63934 37.2,-90.4
63935 36.7,-90.9
63936 36.8,-90.1
63937 37,-90.8
63939 36.7,-90.7
63940 36.8,-90.2
63941 36.9,-91.2
63942 36.6,-91.1
63943 36.8,-90.8
63944 37.1,-90.4
63945 36.6,-90.5
63950 37.3,-90.4
63951 37.1,-90.3
63952 37,-90.6
63953 36.6,-90.6
63954 36.6,-90.5
63955 36.6,-90.7
63956 37.2,-90.5
63957 37.1,-90.7
63960 37,-90.1
63961 36.6,-90.3
63962 36.8,-90.3
63964 37.2,-90.4
63965 37,-91
63966 37,-90.3
63967 36.9,-90.5
64001 39.1,-93.5
64011 39,-94.1
64012 38.8,-94.6
64014 39,-94.3
64015 39,-94.3
64016 39.1,-94.2
64017 39.2,-94
64018 39.5,-94.7
64019 38.8,-93.9
64020 39,-93.6
64021 39.1,-93.6
64022 39.2,-93.7
64024 39.3,-94.2
64028 39.3,-94.8
64029 39,-94.2
64030 38.9,-94.5
64034 38.9,-94.3
64035 39.3,-93.8
64036 39.2,-93.9
64037 39,-93.7
64040 38.7,-94
64048 39.4,-94.4
64050 39.1,-94.4
64052 39.1,-94.5
64053 39.1,-94.5
64054 39.1,-94.4
64055 39.1,-94.4
64056 39.1,-94.3
64057 39.1,-94.3
64058 39.2,-94.3
64060 39.4,-94.4
64061 38.8,-94.1
64062 39.5,-94.2
64063 38.9,-94.4
64064 39,-94.3
64065 39,-94.4
64066 39.1,-94.1
64067 39.2,-93.8
64068 39.3,-94.4
64070 38.9,-94.1
64071 39,-93.8
64072 39.2,-94.3
64074 39.1,-94.1
64075 39,-94.1
64076 39,-93.9
64077 39.2,-94.1
64078 38.7,-94.5
64079 39.4,-94.8
64080 38.8,-94.3
64081 38.9,-94.4
64082 38.9,-94.4
64083 38.8,-94.4
64084 39.4,-94.1
64085 39.3,-94
64086 38.9,-94.3
64088 39.2,-94.2
64089 39.4,-94.6
64090 38.8,-94.2
64092 39.2,-94.8
64093 38.8,-93.7
64096 39.2,-93.6
64097 39.1,-94
64098 39.5,-94.9
64101 39.1,-94.6
64102 39.1,-94.6
64105 39.1,-94.6
64106 39.1,-94.6
64108 39.1,-94.6
64109 39.1,-94.6
64110 39,-94.6
64111 39.1,-94.6
64112 39,-94.6
64113 39,-94.6
64114 39,-94.6
64116 39.1,-94.6
64117 39.2,-94.5
64118 39.2,-94.6
64119 39.2,-94.5
64120 39.1,-94.5
64123 39.1,-94.5
64124 39.1,-94.5
64125 39.1,-94.5
64126 39.1,-94.5
64127 39.1,-94.5
64128 39.1,-94.5
64129 39,-94.5
64130 39,-94.5
64131 39,-94.6
64132 39,-94.5
64133 39,-94.5
64134 38.9,-94.5
64136 39,-94.4
64137 38.9,-94.5
64138 39,-94.5
64139 39,-94.4
64145 38.9,-94.6
64146 38.9,-94.6
64147 38.9,-94.6
64149 38.9,-94.5
64150 39.2,-94.6
64151 39.2,-94.6
64152 39.2,-94.7
64153 39.3,-94.7
64154 39.3,-94.6
64155 39.3,-94.6
64156 39.3,-94.5
64157 39.3,-94.5
64158 39.2,-94.5
64161 39.2,-94.5
64163 39.3,-94.7
64164 39.3,-94.6
64165 39.3,-94.6
64166 39.3,-94.5
64167 39.3,-94.5
64401 39.6,-94.7
64402 40.3,-94.3
64420 40.5,-94.3
64421 39.9,-94.9
64422 39.9,-94.5
64423 40.2,-94.9
64424 40.3,-94
64426 40.5,-93.9
64427 40.1,-94.8
64428 40.4,-95.1
64429 39.7,-94.2
64430 39.8,-94.6
64431 40.5,-95
64432 40.3,-94.7
64433 40.2,-94.7
64434 40.3,-94.7
64436 39.9,-94.7
64437 40.1,-95.4
64438 40.2,-94.4
64439 39.5,-94.8
64440 39.6,-94.9
64441 40.4,-94.3
64442 40.5,-94
64443 39.7,-94.7
64444 39.5,-94.6
64445 40.5,-95.1
64446 40.3,-95.4
64448 39.6,-94.8
64449 40,-95
64451 40,-95.2
64453 40.3,-94.5
64454 39.6,-94.6
64455 40.2,-95
64456 40.5,-94.4
64457 40.2,-94.7
64458 40.5,-94.1
64459 39.9,-94.6
64461 40.5,-94.8
64463 40.1,-94.5
64465 39.6,-94.3
64466 40.2,-95.1
64467 40.4,-94.2
64468 40.3,-94.9
64469 39.9,-94.4
64470 40.2,-95.2
64471 40.3,-94.2
64473 40,-95.1
64474 39.8,-94.4
64475 40.4,-94.6
64476 40.5,-94.8
64477 39.6,-94.5
64479 40.3,-94.7
64480 40.1,-94.7
64481 40.4,-93.9
64482 40.4,-95.6
64483 40,-94.8
64484 39.6,-95
64485 40,-94.8
64486 40.5,-94.6
64487 40.3,-95.1
64489 40.2,-94.5
64490 39.7,-94.5
64491 40.4,-95.4
64492 39.5,-94.5
64493 39.6,-94.3
64494 40,-94.6
64496 40.5,-95.6
64497 39.9,-94.2
64498 40.5,-95.3
64499 40.4,-94.4
64501 39.8,-94.8
64503 39.7,-94.8
64504 39.7,-94.9
64505 39.8,-94.8
64506 39.8,-94.8
64507 39.7,-94.7
64601 39.8,-93.6
64620 39.9,-94.1
64622 39.5,-93.5
64623 39.5,-93.3
64624 39.6,-93.8
64625 39.7,-93.8
64628 39.8,-93
64630 40,-93.2
64631 39.8,-92.9
64632 40.5,-93.8
64633 39.4,-93.5
64635 40,-93.4
64636 40.1,-94
64637 39.6,-93.9
64638 39.6,-93.6
64639 39.4,-93.2
64640 39.9,-93.9
64641 40.2,-93.4
64642 40.2,-93.8
64643 39.6,-93.4
64644 39.7,-94
64645 40.3,-93.3
64646 40.1,-93.3
64647 40,-94
64648 40,-93.8
64649 39.8,-94.1
64650 39.6,-94.1
64651 39.8,-93.2
64652 40,-93.4
64653 39.9,-93.2
64654 39.8,-93.8
64655 40.4,-93.3
64656 39.7,-93.7
64657 40.1,-94.2
64658 39.7,-92.9
64659 39.8,-93.3
64660 39.6,-93.1
64661 40.5,-93.5
64664 39.7,-93.7
64667 40.4,-93.3
64668 39.4,-93.7
64670 40.1,-94.1
64671 39.5,-94.1
64672 40.5,-93.2
64673 40.4,-93.6
64674 40,-93.2
64676 39.6,-93
64679 40.2,-93.6
64681 39.6,-93.2
64682 39.5,-93.5
64683 40.1,-93.6
64686 39.7,-93.6
64688 39.8,-93.4
64689 39.9,-94.2
64701 38.6,-94.3
64720 38.4,-94.3
64722 38.3,-94.6
64723 38.4,-94.6
64724 38.2,-94
64725 38.5,-94.4
64726 38.5,-93.9
64728 37.7,-94.5
64730 38.3,-94.3
64733 38.6,-93.8
64734 38.7,-94.6
64735 38.4,-93.7
64738 37.9,-93.7
64739 38.5,-94.1
64740 38.2,-93.7
64741 37.8,-94.6
64742 38.5,-94.5
64743 38.7,-94.2
64744 37.8,-94
64745 38.2,-94.5
64746 38.6,-94.5
64747 38.6,-94.2
64748 37.4,-94.1
64750 37.9,-94.1
64752 38.1,-94.6
64755 37.3,-94.3
64756 37.6,-94
64759 37.5,-94.3
64761 38.6,-93.7
64762 37.5,-94.5
64763 38.1,-93.7
64765 38,-94.4
64767 37.7,-94.2
64769 37.5,-94.5
64770 38.3,-94
64771 37.8,-94.5
64772 37.8,-94.3
64776 38,-93.7
64778 37.9,-94.5
64779 38.1,-94.4
64780 38.1,-94
64781 38,-93.8
64783 38,-94.1
64784 37.7,-94.2
64788 38.4,-94
64790 37.9,-94.2
64801 37.1,-94.5
64804 37,-94.5
64830 37.2,-94.4
64831 36.7,-94.5
64832 37.3,-94.6
64833 37.2,-94.1
64834 37.2,-94.6
64835 37.1,-94.4
64836 37.2,-94.3
64840 37,-94.3
64841 37.1,-94.4
64842 36.8,-94.1
64843 36.7,-94.5
64844 36.9,-94.2
64847 36.6,-94.4
64848 37.2,-94
64849 37.3,-94.4
64850 36.9,-94.4
64854 36.5,-94.4
64855 37.3,-94.5
64856 36.5,-94.3
64857 37.2,-94.4
64858 36.9,-94.5
64859 37.2,-94.1
64861 36.7,-94.2
64862 37.1,-94.1
64863 36.6,-94.6
64865 36.8,-94.6
64866 36.9,-94.2
64867 36.7,-94.2
64868 36.7,-94.6
64870 37.2,-94.5
64873 37,-94.1
64874 36.8,-94.1
65001 38.3,-92
65010 38.8,-92.2
65011 38.4,-92.7
65013 38.3,-91.8
65014 38.3,-91.6
65016 38.6,-91.9
65017 38.1,-92.5
65018 38.6,-92.6
65020 38,-92.8
65023 38.7,-92.4
65024 38.6,-91.8
65025 38.7,-92.7
65026 38.3,-92.6
65032 38.3,-92.4
65034 38.6,-92.8
65035 38.4,-91.9
65037 38.2,-92.8
65039 38.7,-92.3
65040 38.3,-92.3
65041 38.6,-91.5
65043 38.6,-92.1
65046 38.8,-92.5
65047 38.2,-92.6
65048 38.4,-92
65049 38.2,-92.7
65050 38.5,-92.7
65051 38.5,-91.8
65052 38.1,-92.7
65053 38.5,-92.4
65054 38.5,-91.9
65058 38.3,-92.1
65059 38.7,-91.9
65061 38.6,-91.6
65062 38.5,-91.7
65063 38.7,-92.1
65064 38.4,-92.5
65065 38.1,-92.7
65066 38.3,-91.5
65067 38.7,-91.7
65068 38.8,-92.6
65069 38.8,-91.6
65072 38.3,-92.7
65074 38.5,-92.5
65075 38.2,-92.3
65076 38.4,-92.2
65077 38.8,-91.8
65078 38.4,-93
65079 38.2,-92.8
65080 38.6,-92
65081 38.6,-92.8
65082 38.2,-92.4
65083 38.1,-92.4
65084 38.4,-92.9
65085 38.4,-92.1
65101 38.5,-92.1
65109 38.6,-92.3
65201 38.9,-92.2
65202 39,-92.3
65203 38.9,-92.4
65215 39,-92.3
65216 39,-92.3
65230 39.3,-92.7
65231 39,-91.9
65232 39.2,-91.8
65233 38.9,-92.7
65236 39.4,-93.1
65237 38.8,-92.8
65239 39.5,-92.4
65240 39.2,-92.1
65243 39.3,-92.4
65244 39.5,-92.7
65246 39.4,-93
65247 39.6,-92.5
65248 39.1,-92.7
65250 39,-92.8
65251 38.9,-92
65254 39.2,-92.8
65255 39.1,-92.2
65256 39.1,-92.5
65257 39.3,-92.5
65258 39.5,-92.1
65259 39.5,-92.6
65260 39.6,-92.4
65261 39.5,-92.9
65262 39,-92
65263 39.4,-92.2
65264 39.1,-91.7
65265 39.2,-91.9
65270 39.4,-92.4
65274 39,-92.7
65275 39.5,-92
65276 38.9,-93
65278 39.3,-92.4
65279 39,-92.5
65280 39.2,-91.8
65281 39.5,-92.8
65282 39.4,-91.8
65283 39.5,-91.8
65284 39.2,-92.3
65285 39.3,-92
65286 39.5,-93.2
65287 38.9,-92.5
65301 38.7,-93.2
65305 38.7,-93.6
65320 39.1,-92.9
65321 39.1,-93.4
65322 39,-93
65323 38.5,-93.6
65324 38.1,-93
65325 38.4,-93.2
65326 38.2,-93.1
65327 39,-93.5
65329 38.6,-93
65330 39.2,-93
65332 38.6,-93.4
65333 38.9,-93.3
65334 38.8,-93.2
65335 38.5,-93.3
65336 38.8,-93.6
65337 38.8,-93.4
65338 38.4,-93.3
65339 39.2,-93.4
65340 39.1,-93.2
65344 39.3,-93.2
65345 38.5,-93.1
65347 39,-93
65348 38.7,-93
65349 39.2,-93.1
65350 38.7,-93.1
65351 39,-93.4
65354 38.6,-92.9
65355 38.2,-93.4
65360 38.5,-93.5
65401 37.9,-91.8
65409 38,-91.8
65436 37.6,-92
65438 36.9,-91.5
65439 37.7,-91.1
65440 37.6,-91.2
65441 38.1,-91.2
65443 38.1,-92.1
65444 37.4,-92.1
65446 37.8,-91.3
65449 37.9,-91.5
65452 38,-92.3
65453 38.1,-91.4
65456 37.8,-91.2
65457 37.8,-92.1
65459 38,-92.1
65461 37.7,-92
65462 37.7,-91.9
65463 37.8,-92.8
65464 37.2,-91.9
65466 37.2,-91.4
65468 37.3,-91.8
65470 37.5,-92.4
65473 37.7,-92.1
65479 37.3,-91.6
65483 37.3,-92
65484 37.4,-92.2
65486 38.1,-92.3
65501 37.5,-91.5
65529 37.9,-92
65534 37.7,-92.3
65535 38.1,-91.3
65536 37.7,-92.6
65541 37.6,-91.8
65542 37.5,-91.9
65543 37.5,-92.3
65548 37,-91.7
65550 37.8,-91.9
65552 37.5,-92.2
65555 37.4,-91.8
65556 37.8,-92.4
65557 37.5,-92.1
65559 38,-91.6
65560 37.6,-91.5
65564 37.2,-92
65565 37.9,-91.2
65566 37.8,-91.2
65567 37.8,-92.5
65570 37.5,-92.1
65571 37.2,-91.6
65580 38.1,-91.8
65582 38.2,-91.9
65583 37.8,-92.3
65584 37.8,-92.1
65586 37.9,-91.4
65588 37,-91.3
65589 37.2,-91.8
65590 37.6,-93
65591 38,-92.6
65601 37.5,-93.6
65603 37.5,-93.9
65604 37.3,-93.6
65605 37,-93.7
65606 36.7,-91.4
65608 36.9,-92.7
65609 36.5,-92.2
65610 37,-93.5
65611 36.5,-93.4
65612 37.2,-93.5
65613 37.6,-93.4
65614 36.7,-92.9
65616 36.7,-93.2
65617 37.4,-93.3
65618 36.8,-92.4
65619 37.1,-93.4
65620 37,-93
65622 37.6,-93.1
65623 36.7,-93.9
65624 36.7,-93.6
65625 36.7,-93.8
65626 36.6,-92.1
65627 36.6,-93
65629 36.9,-93
65630 36.8,-93.2
65631 37,-93.4
65632 37.5,-92.8
65633 36.9,-93.5
65634 38,-93.2
65635 37.5,-93.7
65637 36.8,-92.2
65638 36.8,-92.3
65640 37.7,-93.6
65641 36.5,-93.8
65644 37.5,-93
65646 37.3,-93.7
65647 36.7,-94
65648 37.4,-93.2
65649 37.6,-93.6
65650 37.8,-93.4
65652 37.1,-92.9
65653 36.8,-93.1
65654 37,-93.9
65655 36.6,-92.4
65656 36.8,-93.5
65657 36.8,-93
65658 36.5,-93.6
65660 37.3,-92.3
65661 37.5,-93.8
65662 37.4,-92.6
65663 37.6,-93.2
65664 37.2,-93.6
65666 36.6,-92.4
65667 37.3,-92.5
65668 37.9,-93.3
65669 36.9,-93.3
65672 36.6,-93.2
65674 37.8,-93.6
65675 36.9,-93.5
65676 36.6,-92.6
65679 36.6,-93.1
65680 36.6,-93
65681 36.5,-93.5
65682 37.4,-94
65685 37.8,-93.2
65686 36.6,-93.4
65688 36.6,-91.7
65689 37.1,-92.1
65690 36.6,-91.3
65692 36.6,-91.7
65702 37.1,-92.5
65704 37.1,-92.6
65705 37.1,-93.6
65706 37.3,-92.9
65707 37.2,-93.8
65708 36.9,-93.9
65710 37.5,-93.4
65711 37.2,-92.3
65712 37.1,-93.8
65713 37.4,-92.7
65714 37,-93.3
65715 36.7,-92.6
65717 37.1,-92.4
65720 36.9,-93
65721 37,-93.2
65722 37.6,-92.8
65723 37,-94
65724 37.8,-93.3
65725 37.4,-93.3
65726 36.6,-93.2
65727 37.8,-93.3
65728 36.9,-93.3
65729 36.5,-92.6
65730 36.6,-94.2
65731 36.7,-93.1
65732 37.9,-93.2
65733 36.5,-92.9
65734 36.8,-94
65735 38,-93.5
65737 36.7,-93.4
65738 37.1,-93.5
65739 36.5,-93.3
65740 36.7,-93.2
65741 36.8,-92.4
65742 37.1,-93.1
65744 36.6,-92.9
65745 36.5,-94
65746 37.1,-92.8
65747 36.6,-93.6
65752 37.3,-93.8
65753 37,-93.1
65754 36.8,-93.3
65755 36.8,-92.6
65756 37.1,-94
65757 37.3,-93.1
65759 36.8,-93
65760 36.6,-92.3
65761 36.5,-92.7
65762 36.7,-92.7
65764 37.8,-92.9
65766 36.5,-92.3
65767 37.9,-93.2
65768 36.9,-92.3
65769 36.9,-93.8
65770 37.4,-93.5
65771 36.8,-93.2
65772 36.6,-94
65773 36.8,-92.5
65774 37.9,-93.5
65775 36.7,-91.9
65777 36.5,-92
65778 36.5,-91.3
65779 38,-93.4
65781 37.4,-93.4
65783 37.7,-92.9
65784 36.7,-92.3
65785 37.7,-93.8
65786 38,-93
65787 38.1,-92.9
65788 36.8,-91.7
65789 36.9,-91.9
65790 36.7,-92.1
65791 36.6,-91.5
65793 37,-92
65801 37.2,-93.3
65802 37.2,-93.4
65803 37.3,-93.3
65804 37.1,-93.3
65806 37.2,-93.3
65807 37.2,-93.3
65809 37.2,-93.2
65810 37.1,-93.3
65897 37.2,-93.3
66002 39.6,-95.1
66006 38.8,-95.2
66007 39.1,-94.9
66008 39.7,-95.2
66010 38.1,-95
66012 39.1,-94.9
66013 38.7,-94.7
66014 38.2,-95
66015 38.1,-95.4
66016 39.5,-95.2
66017 39.7,-95.3
66018 39,-95
66020 39.3,-95.1
66021 38.8,-95
66023 39.5,-95.4
66024 39.8,-94.9
66025 38.9,-95.1
66026 38.4,-94.9
66027 39.4,-94.9
66030 38.8,-94.9
66031 38.8,-94.9
66032 38.3,-95.3
66033 38.4,-95.1
66035 39.9,-95.3
66039 38.1,-95.2
66040 38.4,-94.7
66041 39.6,-95.3
66042 38.4,-95.1
66043 39.2,-94.9
66044 39,-95.2
66045 39,-95.3
66046 38.9,-95.2
66047 38.9,-95.3
66048 39.3,-95
66049 39,-95.3
66050 39,-95.4
66052 39,-95
66053 38.6,-94.7
66054 39.2,-95.2
66056 38.2,-94.8
66058 39.5,-95.5
66060 39.4,-95.3
66061 38.9,-94.9
66062 38.8,-94.8
66064 38.5,-95
66066 39.2,-95.3
66067 38.6,-95.3
66070 39.2,-95.5
66071 38.6,-94.9
66072 38.3,-95
66073 39.1,-95.4
66075 38.2,-94.7
66076 38.6,-95.4
66078 38.5,-95.3
66079 38.5,-95.1
66080 38.4,-95.3
66083 38.7,-94.8
66085 38.8,-94.6
66086 39.1,-95.1
66087 39.8,-95.1
66088 39.3,-95.5
66090 39.8,-95
66091 38.2,-95.3
66092 38.7,-95.1
66093 38.2,-95.5
66094 40,-95.3
66095 38.4,-95.4
66097 39.3,-95.2
66101 39.1,-94.6
66102 39.1,-94.7
66103 39.1,-94.6
66104 39.2,-94.7
66105 39.1,-94.6
66106 39.1,-94.7
66109 39.2,-94.8
66111 39.1,-94.8
66112 39.1,-94.8
66115 39.1,-94.6
66118 39.1,-94.6
66160 39.1,-94.6
66202 39,-94.7
66203 39,-94.7
66204 39,-94.7
66205 39,-94.6
66206 39,-94.6
66207 39,-94.6
66208 39,-94.6
66209 38.9,-94.6
66210 38.9,-94.7
66211 38.9,-94.6
66212 39,-94.7
66213 38.9,-94.7
66214 39,-94.7
66215 39,-94.7
66216 39,-94.7
66217 39,-94.8
66218 39,-94.8
66219 39,-94.8
66220 39,-94.8
66221 38.8,-94.7
66223 38.9,-94.7
66224 38.9,-94.6
66226 39,-94.9
66227 39,-94.9
66251 38.9,-94.7
66401 38.9,-96.3
66402 38.9,-95.8
66403 39.9,-96.3
66404 39.9,-96.2
66406 39.9,-96.4
66407 39.2,-96.2
66408 39.9,-96
66409 38.9,-95.6
66411 39.6,-96.6
66412 39.9,-96.8
66413 38.8,-95.9
66414 38.8,-95.7
66415 39.7,-96.1
66416 39.5,-95.9
66417 39.7,-96
66418 39.3,-95.9
66419 39.4,-95.6
66422 39.3,-96.1
66423 38.9,-96.1
66424 39.7,-95.4
66425 39.8,-95.7
66427 39.7,-96.4
66428 39.7,-95.9
66429 39.1,-95.5
66431 38.8,-96
66432 39.5,-96.1
66434 39.9,-95.6
66436 39.5,-95.7
66438 39.8,-96.5
66439 39.7,-95.5
66440 39.3,-95.7
66441 39,-96.8
66442 39.1,-96.8
66449 39.4,-96.9
66451 38.6,-95.7
66501 39.1,-96.2
66502 39.1,-96.5
66503 39.3,-96.7
66506 39.2,-96.6
66507 39.1,-96
66508 39.9,-96.6
66509 39.3,-95.8
66510 38.5,-95.6
66512 39.2,-95.5
66514 39.1,-96.9
66515 39.9,-95.7
66516 39.6,-95.7
66517 39.1,-96.7
66518 40,-96.6
66520 39.4,-96.6
66521 39.5,-96.2
66522 39.9,-95.9
66523 38.6,-95.8
66524 38.8,-95.5
66526 39.1,-96.2
66527 39.7,-95.7
66528 38.6,-95.5
66531 39.3,-96.8
66532 39.8,-95.4
66533 39.2,-95.9
66534 39.9,-95.8
66535 39.3,-96.4
66536 39.2,-96.1
66537 38.8,-95.7
66538 39.9,-96
66539 39.1,-95.8
66540 39.5,-96
66541 40,-96.3
66542 39,-95.5
66543 38.6,-95.6
66544 39.7,-96.3
66546 38.9,-95.7
66547 39.2,-96.3
66548 39.7,-96.8
66549 39.4,-96.4
66550 39.7,-95.8
66552 39.6,-95.6
66554 39.5,-96.8
66603 39.1,-95.7
66604 39,-95.7
66605 39,-95.6
66606 39.1,-95.7
66607 39,-95.6
66608 39.1,-95.7
66609 39,-95.7
66610 39,-95.8
66611 39,-95.7
66612 39,-95.7
66614 39,-95.8
66615 39.1,-95.9
66616 39.1,-95.6
66617 39.1,-95.6
66618 39.1,-95.7
66619 38.9,-95.7
66621 39,-95.7
66622 39,-95.7
66701 37.8,-94.8
66710 37.6,-95.6
66711 37.6,-94.7
66712 37.6,-94.7
66713 37,-94.8
66714 37.6,-95.7
66716 37.9,-95
66717 37.7,-95.7
66720 37.6,-95.5
66724 37.3,-94.9
66725 37.2,-94.9
66732 37.8,-95.2
66733 37.6,-95.3
66734 37.6,-94.8
66735 37.5,-94.7
66736 37.6,-95.9
66738 38,-94.7
66739 37.1,-94.7
66740 37.5,-95.4
66741 37.7,-94.7
66742 37.9,-95.3
66743 37.5,-94.9
66746 37.7,-95
66748 37.8,-95.4
66749 37.9,-95.4
66751 37.9,-95.3
66753 37.4,-95
66754 38,-94.9
66755 37.9,-95.2
66756 37.5,-94.6
66757 37.4,-95.7
66758 38,-95.6
66760 37.3,-94.6
66761 37.9,-95.6
66762 37.4,-94.7
66763 37.5,-94.7
66767 38.1,-94.7
66769 37.9,-94.9
66770 37.1,-94.7
66771 37.5,-95.1
66772 37.7,-95.2
66773 37.3,-94.8
66775 37.7,-95.1
66776 37.5,-95.5
66777 37.8,-96
66778 37,-94.8
66779 37.8,-95
66780 37.6,-95.1
66781 37.3,-94.7
66782 37.3,-94.9
66783 37.9,-95.7
66801 38.4,-96.2
66830 38.6,-96.1
66833 38.7,-96.2
66834 38.9,-96.5
66835 38.5,-96.3
66838 38.6,-96.8
66839 38.2,-95.7
66840 38.1,-96.9
66842 38,-96.7
66843 38.2,-96.7
66845 38.3,-96.5
66846 38.6,-96.5
66849 38.9,-96.6
66850 38.4,-96.7
66851 38.2,-96.9
66852 38.1,-95.9
66853 38,-96.2
66854 38.3,-96
66856 38.4,-95.8
66857 38.1,-95.6
66858 38.5,-96.9
66859 38.6,-97
66860 38.1,-96.2
66861 38.4,-97
66862 38.2,-96.6
66863 37.8,-96.1
66864 38.4,-96
66865 38.2,-96.3
66866 38.2,-97.1
66868 38.5,-96
66869 38.5,-96.5
66870 37.9,-96
66871 38.4,-95.6
66872 38.8,-96.8
66873 38.6,-96.7
66901 39.6,-97.6
66930 39.7,-97.5
66932 39.8,-98.9
66933 39.7,-96.9
66935 39.8,-97.6
66936 39.9,-98.3
66937 39.6,-97.3
66938 39.6,-97.4
66939 39.9,-97.9
66940 39.8,-97.5
66941 39.8,-98.4
66942 39.8,-98
66943 39.7,-97
66944 39.8,-97.3
66945 39.9,-96.9
66946 40,-97
66948 39.6,-97.9
66949 39.6,-98.2
66951 39.9,-99
66952 39.8,-98.6
66953 39.7,-97.1
66955 40,-97.3
66956 39.8,-98.2
66958 39.9,-97.2
66959 39.9,-97.5
66960 39.9,-97.4
66961 39.7,-97.8
66962 39.6,-97.1
66963 39.6,-98
66964 39.9,-97.8
66966 39.8,-97.8
66967 39.8,-98.8
66968 39.8,-97.1
66970 40,-98
67001 37.8,-97.6
67002 37.7,-97.1
67003 37.1,-98.1
67004 37.3,-97.8
67005 37.1,-97
67008 37.5,-96.8
67009 37.2,-98.3
67010 37.7,-97
67012 37.7,-96.6
67013 37.4,-97.3
67016 37.9,-97.5
67017 37.8,-97.1
67018 37.1,-97.9
67019 37.3,-96.8
67020 38,-97.7
67021 37.8,-98.9
67022 37.1,-97.6
67023 37.3,-96.6
67024 37.1,-96.5
67025 37.6,-97.8
67026 37.5,-97.5
67028 37.5,-99
67029 37.2,-99.3
67030 37.8,-97.5
67031 37.4,-97.6
67035 37.6,-98.4
67036 37.3,-97.9
67037 37.6,-97.2
67038 37.1,-96.7
67039 37.5,-97
67041 38.1,-97.1
67042 37.9,-96.8
67045 37.9,-96.3
67047 37.6,-96.1
67049 37.2,-97.8
67050 37.7,-97.7
67051 37.1,-97.2
67052 37.7,-97.6
67053 38.2,-97.3
67054 37.6,-99.3
67055 37.8,-97.2
67056 38,-97.5
67057 37.1,-98.8
67058 37.3,-98.1
67059 37.7,-99.1
67060 37.5,-97.4
67061 37.1,-98.4
67062 38.1,-97.4
67063 38.3,-97.2
67065 37.5,-98.5
67066 37.8,-98.8
67067 37.8,-97.3
67068 37.6,-98.1
67070 37.1,-98.6
67071 37.2,-98.9
67072 37.5,-96.6
67073 38.4,-97.3
67074 37.7,-96.7
67101 37.8,-97.5
67102 37,-96.8
67103 37.3,-97.6
67104 37.3,-98.7
67105 37.2,-97.7
67106 37.5,-97.8
67107 38.2,-97.5
67108 37.8,-97.7
67109 37.6,-99.5
67110 37.5,-97.2
67111 37.6,-97.9
67112 37.5,-98.4
67114 38.1,-97.3
67117 38.1,-97.3
67118 37.5,-97.9
67119 37.2,-97.2
67120 37.5,-97.4
67122 37.6,-96.4
67123 37.9,-97
67124 37.6,-98.8
67127 37.2,-99.5
67131 37.4,-96.9
67132 37.9,-96.6
67133 37.6,-97.1
67134 37.5,-98.7
67135 37.9,-97.5
67137 37.6,-96.2
67138 37.3,-98.4
67140 37.1,-97.4
67142 37.5,-98.1
67143 37.3,-99
67144 37.8,-97
67146 37.4,-97.1
67147 37.9,-97.3
67149 37.5,-97.6
67150 37,-98.2
67151 38.1,-97.3
67152 37.3,-97.4
67154 38,-97.1
67155 37.3,-99.1
67156 37.2,-97
67159 37.4,-98.3
67202 37.7,-97.3
67203 37.7,-97.4
67204 37.8,-97.4
67205 37.7,-97.4
67206 37.7,-97.2
67207 37.7,-97.2
67208 37.7,-97.3
67209 37.7,-97.4
67210 37.6,-97.2
67211 37.7,-97.3
67212 37.7,-97.4
67213 37.7,-97.4
67214 37.7,-97.3
67215 37.6,-97.4
67216 37.6,-97.3
67217 37.6,-97.4
67218 37.7,-97.3
67219 37.8,-97.3
67220 37.8,-97.3
67221 37.6,-97.3
67223 37.7,-97.5
67226 37.8,-97.2
67227 37.6,-97.5
67228 37.8,-97.2
67230 37.7,-97.2
67232 37.6,-97.2
67235 37.7,-97.5
67260 37.7,-97.3
67301 37.2,-95.8
67330 37.2,-95.3
67332 37,-95.2
67333 37,-95.9
67334 37,-96.2
67335 37.3,-95.5
67336 37.1,-95.1
67337 37.1,-95.6
67340 37.1,-95.7
67341 37.3,-95.4
67342 37.1,-95.4
67344 37.3,-96
67345 37.4,-96.2
67346 37.3,-96.4
67347 37.2,-96
67349 37.5,-96.3
67351 37.1,-95.6
67352 37.3,-96.1
67353 37.3,-96.3
67354 37.2,-95.4
67355 37,-96
67356 37.2,-95.1
67357 37.3,-95.3
67360 37,-96.1
67361 37.1,-96.2
67363 37.3,-95.7
67364 37,-95.8
67401 38.8,-97.7
67410 39,-97.2
67416 38.7,-97.6
67417 39.4,-97.5
67418 39.2,-98.1
67420 39.4,-98.1
67422 39,-97.6
67423 39,-98
67425 38.8,-97.9
67427 38.5,-98.4
67428 38.4,-97.4
67430 39.6,-98.4
67431 39,-97
67432 39.3,-97.2
67436 39.3,-97.7
67437 39.5,-98.6
67438 38.5,-97.3
67439 38.8,-98.2
67441 38.9,-97.1
67442 38.6,-97.8
67443 38.4,-97.5
67444 38.6,-98.1
67445 39.4,-97.8
67446 39.5,-98.3
67447 39.5,-97
67448 38.7,-97.4
67449 38.7,-96.9
67450 38.6,-98.5
67451 38.7,-97.1
67452 39.2,-98.4
67454 38.7,-98.1
67455 39,-98.2
67456 38.6,-97.7
67457 38.4,-98
67458 39.2,-97.3
67459 38.6,-98.3
67460 38.4,-97.7
67464 38.6,-97.9
67466 39.3,-97.5
67467 39.1,-97.7
67468 39.5,-97.3
67470 38.9,-97.5
67473 39.4,-98.7
67474 39.6,-98.7
67475 38.6,-97.1
67476 38.5,-97.4
67478 39.4,-97.9
67480 39,-97.4
67481 39,-98.4
67482 39,-97.3
67483 38.6,-97.2
67484 39,-97.9
67485 39.3,-98.5
67487 39.2,-97.1
67490 38.8,-98.4
67491 38.4,-97.9
67492 38.8,-97
67501 38,-97.9
67502 38.1,-97.9
67505 38,-97.9
67510 38,-98.2
67511 38.4,-99.1
67512 38.2,-98.3
67513 38.4,-99.5
67514 37.9,-98.2
67515 38.6,-100.1
67516 38.4,-99.7
67518 38.4,-100.2
67519 37.9,-99.1
67520 38.6,-99.2
67521 38.6,-99.7
67522 38.1,-97.7
67523 38.2,-99.6
67524 38.4,-98.4
67525 38.6,-98.6
67526 38.3,-98.5
67529 38.1,-99.3
67530 38.4,-98.8
67543 37.9,-97.8
67544 38.6,-98.8
67545 38.2,-98.6
67546 38.2,-97.8
67547 37.9,-99.5
67548 38.6,-99.3
67550 38.2,-99.1
67552 37.9,-99.2
67553 38.7,-99.3
67554 38.4,-98.2
67556 38.6,-99.5
67557 37.9,-99
67559 38.4,-99.5
67560 38.4,-99.9
67561 38.1,-98.1
67563 37.8,-99.6
67564 38.5,-98.9
67565 38.6,-99
67566 37.9,-98.1
67567 38.3,-99
67568 38,-98.3
67570 37.8,-98
67572 38.7,-99.9
67573 38.3,-98.4
67574 38.2,-99.4
67575 38.4,-99.3
67576 38,-98.8
67578 38,-98.6
67579 38.2,-98.2
67581 38,-98.4
67583 37.8,-98.5
67584 38.7,-100.2
67601 38.9,-99.3
67621 39.8,-99.1
67622 39.9,-99.7
67623 39.4,-99
67625 39.4,-99.7
67626 38.9,-98.7
67627 38.9,-99.2
67628 39.6,-99
67629 39.7,-100.2
67631 39,-100.1
67632 39.3,-99.6
67634 38.8,-98.6
67635 39.6,-100.5
67637 38.9,-99.6
67638 39.6,-98.8
67639 39.6,-99.3
67640 38.9,-99
67642 39.4,-99.8
67643 39.6,-100.3
67644 39.6,-99.1
67645 39.6,-99.9
67646 39.6,-99.6
67647 39.9,-99.5
67648 39.1,-98.6
67649 39.1,-98.7
67650 39.4,-100.1
67651 39.2,-99
67653 39.9,-100.2
67654 39.8,-100
67656 39,-99.8
67657 39.2,-99.6
67658 39.1,-98.9
67659 39.3,-100
67660 38.7,-99.1
67661 39.8,-99.3
67663 39.2,-99.3
67664 39.8,-99.6
67665 38.8,-98.9
67667 38.7,-99.3
67669 39.5,-99.3
67671 38.9,-99.1
67672 39,-99.9
67673 39.2,-98.8
67674 38.9,-99.1
67675 39.4,-99.1
67701 39.4,-101.1
67730 39.8,-101.1
67731 39.8,-101.5
67732 39.4,-101.4
67733 39.3,-101.5
67734 39.5,-100.9
67735 39.3,-101.8
67736 38.8,-100.4
67737 39.1,-100.5
67738 39,-100.7
67739 39.9,-100.8
67740 39.4,-100.4
67741 39.4,-102
67743 39.4,-101.2
67744 39.9,-100.9
67745 39.8,-101.3
67747 39,-101.1
67748 39.1,-100.9
67749 39.8,-100.6
67751 39.1,-100.4
67752 39,-100.2
67753 39.4,-100.7
67756 39.8,-101.8
67757 39.6,-100.6
67758 38.9,-101.8
67761 39,-101.5
67762 38.8,-102
67764 38.9,-101.2
67801 37.7,-100.1
67831 37.2,-99.8
67834 37.5,-99.6
67835 38,-100.3
67836 38,-102
67837 37.6,-100.7
67838 38.1,-101.1
67839 38.5,-100.4
67840 37.1,-100
67841 37.6,-100.2
67842 37.5,-99.8
67843 37.7,-99.9
67844 37.4,-100.2
67846 38,-100.8
67849 38.2,-99.7
67850 38.6,-100.6
67851 38.1,-101
67853 37.9,-100.5
67854 38.1,-100
67855 37.5,-101.7
67857 38,-101.5
67859 37.2,-100.8
67860 38,-101.3
67861 38.5,-101.4
67862 37.5,-102
67863 38.6,-101.2
67864 37.2,-100.3
67865 37.4,-100
67867 37.6,-100.5
67868 37.8,-100.7
67869 37.2,-100.6
67870 37.5,-101
67871 38.5,-100.9
67876 37.9,-99.7
67877 37.6,-100.8
67878 38,-101.8
67879 38.5,-101.8
67880 37.6,-101.3
67882 37.8,-99.9
67901 37.1,-100.9
67950 37.1,-101.9
67951 37.2,-101.3
67952 37.3,-101.1
67953 37.2,-101.9
67954 37.2,-101.6
68001 41.3,-97
68002 41.5,-96.3
68003 41.1,-96.4
68004 42,-96.6
68005 41.1,-95.9
68007 41.4,-96.2
68008 41.5,-96.2
68010 41.3,-96.1
68014 41.3,-97
68015 41.4,-96.6
68016 41,-96.1
68017 41.1,-96.7
68018 41.3,-96.6
68019 41.8,-96.4
68020 42,-96.3
68022 41.3,-96.2
68023 41.5,-96
68025 41.4,-96.5
68028 41.1,-96.3
68029 41.7,-96.3
68030 42.3,-96.5
68031 41.6,-96.5
68033 41.1,-96.5
68034 41.5,-96.2
68036 41.4,-97
68037 41,-96.1
68038 41.9,-96.4
68039 42.1,-96.3
68040 41.3,-96.7
68041 41.2,-96.5
68042 41.1,-96.4
68044 41.5,-96.4
68045 41.8,-96.5
68046 41.1,-96.1
68047 42.1,-96.7
68048 41,-95.9
68050 41.3,-96.8
68055 42.1,-96.5
68056 41.1,-95.9
68057 41.7,-96.7
68058 41,-96.2
68059 41.1,-96.2
68061 41.8,-96.2
68062 42.2,-96.7
68063 41.7,-96.5
68064 41.3,-96.4
68065 41.1,-96.8
68066 41.2,-96.6
68067 42.2,-96.5
68068 41.4,-96.2
68069 41.2,-96.3
68070 41.2,-96.8
68071 42.2,-96.5
68072 41.6,-96.5
68073 41.2,-96.4
68102 41.3,-95.9
68104 41.3,-96
68105 41.2,-96
68106 41.2,-96
68107 41.2,-96
68108 41.2,-95.9
68110 41.3,-95.9
68111 41.3,-96
68112 41.4,-96
68113 41.1,-95.9
68114 41.3,-96.1
68116 41.3,-96.2
68117 41.2,-96
68118 41.3,-96.2
68122 41.4,-96.1
68123 41.1,-95.9
68124 41.2,-96.1
68127 41.2,-96.1
68128 41.2,-96.1
68130 41.2,-96.2
68131 41.3,-96
68132 41.3,-96
68133 41.1,-96
68134 41.3,-96.1
68135 41.2,-96.2
68136 41.2,-96.2
68137 41.2,-96.1
68138 41.2,-96.1
68142 41.4,-96.1
68144 41.2,-96.1
68147 41.2,-96
68152 41.4,-96
68154 41.3,-96.1
68157 41.2,-96
68164 41.3,-96.1
68178 41.3,-95.9
68182 41.3,-96
68183 41.3,-95.9
68301 40.5,-96.5
68303 40.3,-97.4
68304 40.9,-96.4
68305 40.4,-95.9
68307 40.8,-96.1
68309 40,-96.6
68310 40.2,-96.7
68313 40.8,-97.3
68314 41,-97
68315 40.2,-97.5
68316 41,-97.6
68317 40.7,-96.5
68318 40.2,-96.6
68319 40.9,-97.8
68320 40.5,-95.9
68321 40.4,-95.7
68322 40.3,-97.5
68323 40.1,-96.4
68324 40.6,-96.3
68325 40,-97.8
68326 40.3,-97.7
68327 40,-97.6
68328 40.5,-96.8
68329 40.5,-96.2
68330 40.7,-97.3
68331 40.5,-96.7
68332 40.3,-96.4
68333 40.6,-97
68335 40.3,-97.8
68336 41,-96.7
68337 40.1,-95.8
68338 40.3,-97.2
68339 40.7,-96.9
68340 40.1,-97.7
68341 40.4,-96.9
68342 40.1,-96.9
68343 40.6,-97.1
68344 40.6,-96.4
68345 40,-96
68346 40.7,-96
68347 40.8,-96.4
68348 40.3,-96.1
68349 40.8,-96.3
68350 40,-97.1
68351 40.7,-97.4
68352 40.2,-97.2
68354 40.6,-97.6
68355 40.1,-95.6
68357 40.3,-96.5
68358 40.5,-96.6
68359 40.6,-97.3
68360 41,-97
68361 40.5,-97.6
68362 40.2,-97.4
68364 40.8,-97.2
68365 40.6,-97.7
68366 41,-96.4
68367 41,-97.4
68368 40.6,-96.8
68370 40.1,-97.6
68371 40.8,-97.8
68372 40.6,-96.6
68375 40,-97.5
68376 40.2,-95.9
68377 40.2,-97
68378 40.4,-96
68379 40.5,-95.9
68380 40.2,-96.4
68381 40.1,-96.5
68382 40.6,-96
68401 40.8,-97.6
68402 40.9,-96.9
68403 40.9,-96.2
68404 40.6,-96.8
68405 40.8,-97.1
68406 40.5,-97.4
68407 40.9,-96.3
68409 40.9,-96
68410 40.6,-95.9
68413 40.8,-96
68414 40.3,-95.7
68415 40.1,-96.8
68416 40.4,-97.5
68417 40.7,-96.1
68418 40.7,-96.4
68419 40.6,-96.5
68420 40.1,-96.2
68421 40.5,-95.7
68422 40.4,-96.7
68423 40.8,-97
68424 40.3,-97
68428 41,-96.8
68429 40.1,-97.4
68430 40.7,-96.7
68431 40.1,-95.4
68433 40.1,-95.7
68434 40.9,-97.1
68436 40.4,-97.7
68437 40.3,-95.6
68438 40.6,-96.7
68439 41,-97.2
68440 40.1,-97
68441 40.2,-96.2
68442 40.2,-95.8
68443 40.5,-96.4
68444 40.4,-97.6
68445 40.4,-97.1
68446 40.6,-96.2
68447 40.2,-96.1
68448 40.5,-96
68450 40.4,-96.2
68452 40.4,-97.9
68453 40.4,-97.3
68454 40.7,-96.3
68455 40.8,-95.9
68456 40.9,-97.3
68457 40.2,-95.7
68458 40.2,-96.5
68460 40.9,-97.4
68461 40.8,-96.5
68462 41,-96.5
68463 40.9,-96.1
68464 40.4,-97.2
68465 40.5,-97
68466 40.1,-96.6
68467 40.9,-97.6
68502 40.8,-96.7
68503 40.8,-96.7
68504 40.9,-96.7
68505 40.8,-96.6
68506 40.8,-96.6
68507 40.9,-96.6
68508 40.8,-96.7
68510 40.8,-96.6
68512 40.7,-96.7
68514 40.9,-96.7
68516 40.7,-96.6
68517 40.9,-96.6
68520 40.8,-96.6
68521 40.9,-96.7
68522 40.8,-96.8
68523 40.7,-96.8
68524 40.9,-96.8
68526 40.7,-96.6
68527 40.8,-96.5
68528 40.8,-96.8
68531 40.9,-96.7
68532 40.8,-96.8
68588 40.8,-96.7
68601 41.5,-97.4
68620 41.7,-98.1
68621 41.5,-96.6
68622 41.9,-98.5
68623 41.4,-98.1
68624 41.3,-97.2
68626 41.2,-97
68627 41.5,-98.2
68628 41.2,-97.8
68629 41.7,-97.1
68631 41.7,-97.4
68632 41.2,-97.1
68633 41.7,-96.9
68634 41.4,-97.5
68635 41.1,-97
68636 42,-98.2
68637 41.8,-98.6
68638 41.4,-98
68640 41.5,-97.8
68641 41.7,-97
68642 41.7,-97.5
68643 41.7,-97.3
68644 41.7,-97.7
68647 41.5,-97.6
68648 41.4,-96.8
68649 41.5,-96.8
68651 41.2,-97.6
68652 41.9,-98.1
68653 41.6,-97.5
68654 41.1,-97.8
68655 41.6,-98.3
68658 41.2,-97.3
68659 41.5,-96.9
68660 41.6,-97.9
68661 41.5,-97.1
68662 41.2,-97.4
68663 41.3,-97.7
68664 41.7,-96.8
68665 41.7,-98.4
68666 41.1,-97.6
68667 41.1,-97.3
68669 41.1,-97.2
68701 42,-97.4
68710 42.4,-96.8
68711 42.2,-99
68713 42.5,-99
68714 42.4,-99.5
68715 42,-97.6
68716 41.9,-96.8
68717 42.4,-97.2
68718 42.7,-97.7
68719 43,-98.6
68720 42.3,-98
68722 42.9,-98.9
68723 42.3,-97.2
68724 42.6,-97.9
68725 42.2,-98.8
68726 42.2,-98.2
68727 42.5,-97.2
68728 42.4,-96.9
68729 42.5,-97.9
68730 42.8,-97.5
68731 42.4,-96.5
68732 42.5,-97
68733 42.3,-96.7
68734 42.4,-98.8
68735 42.1,-98.4
68736 42.7,-97.4
68739 42.6,-97.3
68740 42.1,-97.3
68741 42.4,-96.6
68742 42.4,-98.5
68743 42.5,-96.6
68745 42.5,-97.1
68746 42.8,-98.4
68747 42.4,-97.5
68748 41.8,-97.5
68749 42.5,-97.5
68751 42.7,-97
68752 42,-97.7
68753 42.9,-99.5
68755 42.9,-99.1
68756 42.2,-98
68757 42.7,-96.9
68758 41.8,-97.8
68759 42.8,-99.3
68760 42.7,-97.9
68761 42,-98
68763 42.5,-98.6
68764 42.4,-98.2
68765 42.3,-97.6
68766 42.4,-98.4
68767 42.2,-97.5
68768 42,-97.1
68769 42.3,-97.8
68770 42.6,-96.8
68771 42.4,-97.4
68773 42.4,-98.1
68774 42.8,-97.3
68776 42.5,-96.4
68777 42.9,-98.7
68778 42.9,-99.8
68779 42,-97.2
68780 42.6,-99.1
68781 42,-97.8
68783 42.6,-98.1
68784 42.3,-96.9
68785 42.4,-96.7
68786 42.5,-97.6
68787 42.2,-97
68788 41.8,-96.7
68789 42.5,-98
68790 42.2,-97.2
68791 42,-96.9
68792 42.7,-97.1
68801 40.9,-98.3
68803 41,-98.4
68810 40.9,-98.5
68812 40.9,-99.3
68813 41.7,-99.9
68814 41.3,-99.4
68815 41.4,-99.2
68816 41.2,-98.1
68817 41.3,-98.8
68818 40.8,-98
68820 41.1,-98.7
68821 42,-99.8
68822 41.4,-99.6
68823 42,-99.2
68824 41,-98.6
68825 41.3,-100
68826 41.2,-98
68827 41,-98.2
68828 41.6,-99.2
68831 41.1,-98.5
68832 40.8,-98.4
68833 41.8,-100.1
68834 41,-99.7
68835 41.3,-98.6
68836 40.7,-99.4
68837 41.7,-99.1
68838 41.2,-98.7
68840 40.8,-98.9
68841 40.8,-98.2
68842 41.6,-98.5
68843 40.9,-97.9
68844 41.1,-99.1
68845 40.7,-99.2
68846 41.1,-97.9
68847 40.7,-99
68849 40.7,-99.1
68850 40.8,-99.7
68852 41.2,-99.1
68853 41.3,-99
68854 41,-98
68855 41.2,-99.3
68856 41.5,-99.8
68858 41,-99.4
68859 41.5,-98.8
68860 41.1,-99.8
68861 40.7,-99.3
68862 41.6,-98.9
68863 40.8,-99.5
68864 41.3,-98.2
68865 40.9,-98.2
68866 41,-99.1
68869 41,-98.9
68870 40.8,-99.2
68871 41.1,-98.9
68872 41.1,-98.3
68873 41.2,-98.5
68874 41.6,-99.4
68875 41.5,-98.7
68876 40.8,-98.7
68878 41,-99.5
68879 41.9,-99.5
68881 41.4,-99.4
68882 41.4,-98.4
68883 40.8,-98.6
68901 40.6,-98.4
68920 40.2,-99.3
68922 40.3,-99.9
68923 40.4,-99.5
68924 40.5,-99.1
68925 40.4,-98.4
68926 40.1,-99.8
68927 40.5,-99.6
68928 40.3,-98.6
68929 40.2,-99.1
68930 40.3,-98.4
68932 40.3,-98.7
68933 40.5,-98
68934 40.3,-98.2
68935 40.4,-98
68936 40.3,-99.8
68937 40.6,-99.9
68938 40.4,-98.1
68939 40.1,-99
68940 40.5,-99.3
68941 40.5,-98.3
68942 40.1,-98.3
68943 40,-97.9
68944 40.6,-98.1
68945 40.6,-98.8
68946 40.1,-100
68947 40.3,-99.1
68948 40.3,-100
68949 40.4,-99.4
68950 40.5,-98.7
68952 40.1,-98.7
68954 40.6,-98.2
68955 40.6,-98.5
68956 40.6,-98.7
68957 40.3,-98.2
68958 40.5,-99.5
68959 40.5,-98.9
68960 40.1,-99.1
68961 40.2,-98
68964 40.2,-97.9
68966 40.2,-99.5
68967 40.3,-99.6
68970 40.1,-98.5
68971 40.1,-99.3
68972 40.1,-98.8
68973 40.4,-98.6
68974 40.1,-97.9
68975 40.6,-97.9
68976 40.6,-99.7
68977 40.1,-99.6
68978 40.1,-98.1
68979 40.6,-97.9
68980 40.7,-98.3
68981 40.3,-98.9
68982 40.3,-99.2
69001 40.3,-100.7
69020 40.2,-100.3
69021 40.1,-101.5
69022 40.3,-100.2
69023 40.5,-101.9
69024 40.2,-100.9
69025 40.6,-100.5
69026 40,-100.4
69027 40.5,-101.5
69028 40.6,-100.1
69029 40.7,-100.2
69030 40.2,-101.9
69032 40.6,-101.1
69033 40.6,-101.7
69034 40.3,-100.4
69036 40,-100.3
69037 40.2,-101.4
69038 40.6,-100.7
69039 40.7,-100.4
69040 40.4,-101.1
69041 40.2,-101.7
69042 40.5,-100.4
69043 40.1,-101.3
69044 40.1,-101
69045 40.5,-101.4
69046 40.1,-100.1
69101 41.2,-100.8
69120 41.4,-100.2
69121 41.5,-101.8
69122 41.1,-102.1
69123 41,-100.4
69125 41.6,-102.9
69127 41.1,-101.9
69128 41.2,-103.9
69129 41.1,-102.4
69130 40.9,-100
69131 41.4,-103
69132 40.8,-101
69133 41.2,-103.5
69134 40.8,-101.4
69135 42.1,-100.3
69138 41,-100.2
69140 40.8,-101.8
69141 41.3,-102.9
69142 41.9,-100.3
69143 41.2,-101
69144 41.3,-101.6
69145 41.3,-103.7
69146 41.3,-101.9
69147 41.6,-102.1
69148 41.7,-102.6
69149 41.2,-102.7
69150 40.8,-101.5
69151 41.1,-100.5
69152 42.1,-101.1
69153 41.1,-101.7
69154 41.5,-102.4
69155 41.2,-101.4
69156 41.3,-103.3
69157 42,-100.2
69161 42.2,-100.8
69162 41.1,-103
69163 41.6,-100.5
69165 41.2,-101.2
69166 42,-100.6
69167 41.6,-101
69168 40.7,-102
69169 40.8,-101.2
69170 40.8,-100.7
69171 40.9,-100.1
69201 42.7,-100.6
69210 42.4,-99.9
69211 42.8,-101.3
69212 43,-100.8
69214 42.4,-100.1
69216 43,-101
69217 42.3,-99.7
69218 42.8,-101.6
69219 42.7,-101
69220 42.9,-100.2
69221 42.6,-100.3
69301 42.1,-102.9
69331 41.9,-103
69333 42.1,-102
69334 41.8,-103.3
69335 42,-102.1
69336 41.6,-103.2
69337 42.9,-103
69339 42.6,-103.4
69340 42.1,-102.2
69341 41.7,-103.7
69343 42.7,-101.9
69345 41.6,-103.7
69346 42.6,-103.8
69347 42.6,-102.7
69348 42.3,-103.2
69350 42,-101.8
69351 42.1,-102.4
69352 41.8,-104
69353 41.7,-103.4
69354 42.4,-103.4
69355 41.8,-103.5
69356 41.9,-103.5
69357 42.1,-103.8
69358 42.1,-104
69360 42.7,-102.5
69361 42.1,-103.6
69365 42.9,-102.5
69366 42.1,-101.6
69367 42.8,-103.3
70001 30,-90.2
70002 30,-90.2
70003 30,-90.2
70005 30,-90.1
70006 30,-90.2
70030 29.8,-90.4
70031 29.9,-90.3
70032 30,-90
70036 29.7,-90.1
70037 29.7,-90
70038 29.3,-89.4
70039 29.9,-90.4
70040 29.7,-89.9
70041 29.3,-89.5
70043 30,-90
70047 30,-90.4
70049 30,-90.6
70050 29.4,-89.6
70051 30.1,-90.6
70052 30.1,-90.7
70053 29.9,-90.1
70056 29.9,-90
70057 30,-90.5
70058 29.9,-90.1
70062 30,-90.3
70065 30,-90.3
70067 29.7,-90.1
70068 30.2,-90.4
70070 29.8,-90.3
70071 30.1,-90.7
70072 29.8,-90.1
70075 29.9,-89.9
70076 30.1,-90.6
70079 30,-90.4
70080 29.9,-90.4
70082 29.6,-89.8
70083 29.5,-89.8
70084 30.1,-90.6
70085 29.8,-89.8
70086 30,-90.9
70087 30,-90.3
70090 30,-90.7
70091 29.2,-89.2
70092 29.9,-89.9
70094 29.9,-90.2
70112 30,-90.1
70113 29.9,-90.1
70114 29.9,-90
70115 29.9,-90.1
70116 30,-90.1
70117 30,-90
70118 29.9,-90.1
70119 30,-90.1
70121 30,-90.2
70122 30,-90.1
70123 29.9,-90.2
70124 30,-90.1
70125 30,-90.1
70126 30,-90
70127 30,-90
70128 30,-90
70129 30.1,-89.8
70130 29.9,-90.1
70131 29.9,-90
70139 30,-90.1
70148 30,-90.1
70163 29.9,-90.1
70301 29.8,-90.8
70310 29.8,-90.8
70339 29.9,-91.2
70340 29.7,-91.1
70341 30,-91.1
70342 29.7,-91.2
70343 29.5,-90.6
70344 29.4,-90.6
70345 29.5,-90.2
70346 30.1,-91
70352 29.7,-90.9
70353 29.4,-90.7
70354 29.4,-90.3
70355 29.7,-90.4
70356 29.6,-91
70357 29.3,-90.2
70358 29.2,-90
70359 29.7,-90.8
70360 29.6,-90.8
70363 29.5,-90.7
70364 29.6,-90.7
70372 29.8,-91
70373 29.6,-90.3
70374 29.6,-90.5
70375 29.7,-90.5
70377 29.5,-90.5
70380 29.8,-91.1
70390 29.9,-91
70391 30,-91.1
70392 29.7,-91.3
70393 30,-91
70394 29.7,-90.6
70395 29.7,-90.9
70397 29.4,-90.8
70401 30.5,-90.5
70402 30.5,-90.5
70403 30.5,-90.5
70420 30.5,-89.9
70422 30.7,-90.5
70426 30.9,-89.9
70427 30.7,-89.9
70431 30.6,-90
70433 30.5,-90.1
70435 30.6,-90.1
70436 30.8,-90.5
70437 30.6,-90.2
70438 30.8,-90.1
70441 30.9,-90.7
70442 30.7,-90.3
70443 30.6,-90.5
70444 30.9,-90.5
70445 30.4,-89.9
70446 30.6,-90.4
70447 30.4,-90.2
70448 30.4,-90
70449 30.3,-90.7
70450 30.9,-90.3
70451 30.5,-90.5
70452 30.4,-89.8
70453 30.7,-90.8
70454 30.4,-90.4
70455 30.5,-90.3
70456 30.8,-90.5
70457 30.5,-90.1
70458 30.3,-89.8
70460 30.3,-89.8
70461 30.2,-89.7
70462 30.4,-90.6
70463 30.7,-89.9
70464 30.5,-89.9
70465 30.9,-90.5
70466 30.6,-90.5
70471 30.4,-90.1
70501 30.2,-92
70503 30.2,-92.1
70506 30.2,-92.1
70507 30.3,-92
70508 30.2,-92
70510 29.9,-92.2
70512 30.4,-91.9
70513 29.9,-91.9
70514 29.8,-91.6
70515 30.5,-92.6
70516 30.4,-92.3
70517 30.3,-91.8
70518 30.1,-91.9
70519 30.1,-91.9
70520 30.3,-92
70522 29.7,-91.4
70523 29.9,-91.5
70524 30.6,-92.3
70525 30.4,-92.2
70526 30.2,-92.4
70528 29.9,-92
70529 30.2,-92.2
70531 30.2,-92.5
70532 30.5,-92.7
70533 29.9,-92
70534 30.2,-92.5
70535 30.5,-92.4
70537 30.3,-92.6
70538 29.8,-91.5
70541 30.4,-92
70542 30,-92.6
70543 30.3,-92.5
70544 29.9,-91.7
70546 30.3,-92.7
70548 29.8,-92.4
70549 30,-92.8
70550 30.5,-92.2
70551 30.5,-92
70552 30,-91.7
70554 30.6,-92.5
70555 30.1,-92.1
70556 30.2,-92.6
70558 30.1,-92.1
70559 30.1,-92.5
70560 29.9,-91.9
70563 30,-91.7
70570 30.5,-92.1
70575 29.9,-92.2
70576 30.8,-92.4
70577 30.5,-91.9
70578 30.2,-92.3
70580 30.7,-92.4
70581 30.3,-92.7
70582 30.2,-91.8
70583 30.3,-92.1
70584 30.4,-92.1
70585 30.9,-92.4
70586 30.7,-92.4
70589 30.7,-92
70591 30.3,-92.8
70592 30.1,-92
70601 30.2,-93.2
70605 30.1,-93.3
70607 30,-93.2
70609 30.2,-93.2
70611 30.3,-93.2
70615 30.3,-93.1
70629 30.2,-93.2
70630 30,-93.1
70631 29.9,-93.6
70632 29.9,-92.9
70633 30.4,-93.4
70634 30.8,-93.2
70637 30.7,-93
70638 30.8,-92.8
70639 31,-93.5
70640 30.4,-92.9
70643 29.7,-92.8
70644 30.8,-92.9
70645 29.9,-93.5
70646 30.1,-92.9
70647 30.2,-93
70648 30.5,-92.9
70650 30.2,-92.9
70651 30.6,-93
70652 30.6,-93.2
70653 30.7,-93.6
70654 30.7,-92.9
70655 30.6,-92.7
70656 30.9,-92.9
70657 30.5,-93.1
70658 30.5,-93
70659 30.9,-93.3
70660 30.6,-93.5
70661 30.4,-93.7
70662 30.8,-93
70663 30.3,-93.4
70665 30.1,-93.5
70668 30.2,-93.6
70669 30.2,-93.3
70706 30.6,-90.9
70710 30.4,-91.3
70711 30.5,-90.6
70712 31,-91.6
70714 30.6,-91.1
70715 30.8,-91.7
70719 30.4,-91.3
70721 30.2,-91.1
70722 30.9,-90.9
70723 30.1,-90.8
70725 30.1,-91
70726 30.4,-90.9
70729 30.6,-91.3
70730 30.8,-91.1
70732 30.6,-91.6
70733 30.3,-90.8
70734 30.2,-91
70736 30.6,-91.3
70737 30.2,-90.9
70739 30.6,-91
70740 30.3,-91.4
70743 30,-90.8
70744 30.6,-90.7
70747 30.9,-91.7
70748 30.8,-91.2
70749 30.6,-91.5
70750 30.5,-91.8
70752 30.6,-91.4
70753 30.6,-91.7
70754 30.4,-90.8
70755 30.6,-91.5
70756 30.5,-91.6
70757 30.4,-91.5
70759 30.7,-91.6
70760 30.7,-91.5
70761 31,-91
70762 30.6,-91.5
70763 30,-90.7
70764 30.2,-91.3
70767 30.5,-91.3
70769 30.3,-90.9
70770 30.7,-91
70772 30.4,-91.5
70773 30.6,-91.4
70774 30.2,-90.8
70775 30.9,-91.4
70776 30.3,-91.1
70777 30.7,-91.1
70778 30.2,-90.8
70780 30.3,-91.2
70782 31,-91.5
70783 30.7,-91.4
70785 30.6,-90.8
70786 30.6,-91
70787 31,-91.4
70788 30.1,-91.2
70789 30.9,-91.1
70791 30.6,-91.2
70801 30.4,-91.2
70802 30.4,-91.2
70803 30.4,-91.2
70805 30.5,-91.2
70806 30.4,-91.1
70807 30.6,-91.2
70808 30.4,-91.1
70809 30.4,-91.1
70810 30.3,-91.1
70811 30.5,-91.1
70812 30.5,-91.1
70813 30.5,-91.2
70814 30.5,-91.1
70815 30.5,-91.1
70816 30.4,-91
70817 30.4,-91
70818 30.5,-91.1
70819 30.5,-91
70820 30.4,-91.2
70825 30.5,-91.2
70836 30.4,-91.1
71001 32.6,-92.9
71002 32.1,-93.1
71003 32.6,-93
71004 32.7,-93.9
71006 32.7,-93.7
71007 32.4,-94
71008 32.3,-93
71009 32.6,-93.9
71016 32.2,-93.1
71018 32.8,-93.4
71019 32,-93.3
71021 33,-93.4
71023 32.5,-93.4
71024 32.5,-93.2
71027 32.2,-93.7
71028 32.5,-93.1
71029 32.8,-93.8
71030 32.2,-93.8
71031 32,-92.9
71032 32.1,-93.8
71033 32.4,-94
71034 32.2,-93.3
71037 32.5,-93.5
71038 32.9,-93.1
71039 32.4,-93.3
71040 32.8,-93
71043 32.9,-93.9
71044 33,-93.9
71045 32.3,-93.2
71046 32.2,-93.9
71047 32.3,-93.9
71048 32.8,-92.9
71049 32,-94
71051 32.3,-93.5
71052 32,-93.7
71055 32.7,-93.3
71060 32.6,-94
71061 32.8,-94
71063 31.9,-93.5
71064 32.9,-93.7
71065 31.8,-93.5
71066 31.9,-93.2
71067 32.6,-93.5
71068 32.3,-93.3
71069 33,-94
71070 32.1,-93
71071 32.9,-93.4
71072 32.9,-93.3
71073 32.5,-93.3
71075 33,-93.5
71078 32.3,-93.8
71079 33,-92.8
71082 32.8,-94
71101 32.5,-93.7
71103 32.5,-93.8
71104 32.5,-93.7
71105 32.5,-93.7
71106 32.4,-93.7
71107 32.6,-93.9
71108 32.4,-93.8
71109 32.5,-93.8
71110 32.5,-93.6
71111 32.6,-93.7
71112 32.4,-93.6
71115 32.3,-93.6
71118 32.4,-93.8
71119 32.5,-93.9
71129 32.4,-93.9
71201 32.5,-92.1
71202 32.4,-92.1
71203 32.6,-92
71209 32.5,-92.1
71212 32.5,-92.1
71218 32.4,-91.8
71219 32.3,-91.7
71220 32.9,-91.9
71222 32.8,-92.7
71223 32.9,-91.7
71225 32.5,-92.4
71226 32.3,-92.4
71227 32.5,-92.5
71229 32.6,-91.9
71230 32.2,-91.6
71232 32.4,-91.5
71233 32.3,-90.9
71234 32.6,-92.3
71235 32.7,-92.7
71237 32.6,-91.5
71238 32.4,-92.4
71241 32.8,-92.4
71242 32.8,-91.4
71243 32,-91.8
71245 32.5,-92.7
71247 32.3,-92.7
71250 33,-91.6
71251 32.2,-92.7
71253 33,-91.3
71254 32.8,-91.2
71256 32.9,-92.7
71259 32.3,-91.8
71260 32.9,-92.2
71261 32.8,-91.7
71263 32.9,-91.4
71264 32.6,-91.8
71266 32.7,-91.5
71268 32.3,-92.7
71269 32.4,-91.8
71270 32.5,-92.6
71272 32.5,-92.7
71275 32.5,-92.8
71276 32.6,-91.2
71277 32.9,-92.6
71279 32.5,-91.9
71280 32.7,-92.1
71282 32.3,-91.2
71286 32.6,-91.2
71291 32.6,-92.2
71292 32.4,-92.2
71295 32.1,-91.7
71301 31.3,-92.5
71302 31.2,-92.4
71303 31.3,-92.5
71316 31.3,-91.8
71320 31.1,-91.8
71322 30.9,-92.2
71323 31.3,-92.2
71325 31,-92.3
71326 31.8,-91.6
71327 31,-92
71328 31.4,-92.2
71330 31.1,-92.2
71331 31.3,-92.1
71333 30.9,-92.1
71334 31.7,-91.6
71336 32,-91.6
71339 31,-91.9
71340 31.8,-91.8
71341 31.1,-92.2
71342 31.6,-92.1
71343 31.5,-91.9
71345 30.7,-92
71346 31.1,-92.4
71350 31.1,-92.1
71351 31.2,-92
71353 30.6,-91.8
71354 31.4,-91.8
71355 31.1,-91.8
71356 30.8,-92
71357 32.1,-91.3
71358 30.7,-91.8
71359 31.3,-92.4
71360 31.3,-92.4
71362 30.9,-92
71366 32,-91.4
71367 30.9,-92.3
71368 31.9,-91.7
71369 30.9,-91.9
71371 31.7,-92.2
71373 31.4,-91.6
71375 31.8,-91.5
71378 31.9,-91.7
71401 31.8,-91.9
71403 31.2,-93.4
71404 31.8,-92.7
71405 31.4,-92.4
71406 31.7,-93.5
71407 31.5,-92.5
71409 31.3,-92.7
71410 32,-92.8
71411 31.9,-93.1
71414 31.8,-93
71415 32,-92.1
71416 31.5,-92.9
71417 31.5,-92.6
71418 32.1,-92
71419 31.8,-93.7
71422 32.1,-92.7
71423 31.6,-92.6
71424 31.2,-92.7
71425 31.9,-91.9
71426 31.5,-93.5
71427 31.4,-92.9
71428 31.6,-93.1
71429 31.4,-93.4
71430 31.1,-92.5
71432 31.7,-92.5
71433 31,-92.6
71434 31.4,-92.9
71435 32,-92.2
71438 31.1,-92.9
71439 31.3,-93.4
71441 32,-92.2
71446 31.2,-93.2
71447 31.4,-92.8
71449 31.5,-93.5
71450 31.8,-93.4
71452 31.6,-92.9
71454 31.7,-92.9
71455 31.4,-93
71456 31.6,-93
71457 31.7,-93.1
71459 31.1,-93.2
71461 31.1,-93.3
71462 31.7,-93.7
71463 30.8,-92.6
71465 31.9,-92.2
71466 31.2,-92.7
71467 31.6,-92.4
71468 31.5,-93.1
71469 31.7,-93.3
71472 31.2,-92.8
71473 32.1,-92.4
71474 31.3,-93
71475 31.2,-93.1
71479 31.9,-92.4
71480 31.9,-92.3
71483 31.9,-92.7
71485 31.2,-92.5
71486 31.6,-93.7
71497 31.7,-93.1
71601 34.2,-91.9
71602 34.3,-92.1
71603 34.1,-92.1
71630 33.6,-91.2
71631 33.6,-92.3
71635 33.1,-92
71638 33.5,-91.5
71639 33.9,-91.5
71640 33.1,-91.2
71642 33.4,-91.9
71643 34,-91.6
71644 34.1,-91.7
71646 33.2,-91.8
71647 33.4,-92.1
71651 33.3,-92.3
71652 33.9,-92.3
71653 33.4,-91.3
71654 33.6,-91.4
71655 33.6,-91.7
71658 33.3,-91.6
71659 34.1,-91.8
71660 33.8,-92.2
71661 33.1,-91.5
71662 33.8,-91.5
71663 33.2,-91.4
71665 33.9,-92.1
71666 33.7,-91.3
71667 33.9,-91.8
71670 33.7,-91.4
71671 33.6,-92.1
71674 33.8,-91.2
71675 33.6,-91.9
71676 33.1,-91.6
71677 33.8,-91.5
71678 34,-91.8
71701 33.6,-92.8
71720 33.8,-92.6
71721 33.9,-93.2
71722 33.7,-93.2
71724 33.3,-92.5
71725 34,-92.5
71726 33.7,-93
71728 34,-93.1
71730 33.2,-92.6
71740 33.1,-93.2
71742 33.8,-92.5
71743 33.9,-93.1
71744 33.5,-92.5
71745 33.5,-92.4
71747 33.1,-92.2
71748 33.9,-92.4
71749 33.1,-92.8
71751 33.4,-92.8
71752 33.4,-93.2
71753 33.2,-93.2
71758 33.3,-92.9
71759 33.3,-92.7
71762 33.3,-92.8
71763 33.9,-92.8
71764 33.4,-93
71765 33.1,-92.3
71766 33.7,-92.5
71770 33.4,-93.3
71772 33.8,-93.1
71801 33.6,-93.6
71820 33.8,-94.2
71822 33.7,-94.1
71823 33.8,-94.1
71825 33.9,-93.6
71826 33.1,-93.7
71827 33.4,-93.4
71831 33.8,-93.9
71832 34,-94.4
71833 34.1,-94
71834 33.1,-94
71835 33.7,-93.5
71836 33.7,-94.4
71837 33.3,-93.8
71838 33.7,-93.8
71839 33.3,-93.7
71841 34.2,-94.3
71842 33.9,-94.3
71845 33.3,-93.6
71846 33.9,-94.1
71847 33.9,-93.6
71851 33.9,-93.9
71852 34,-93.9
71853 33.6,-93.9
71854 33.4,-93.9
71855 33.9,-93.7
71857 33.8,-93.3
71858 33.6,-93.3
71859 33.7,-93.9
71860 33.3,-93.5
71861 33.1,-93.5
71862 33.8,-93.7
71864 33.5,-93.3
71865 33.7,-94.1
71866 33.9,-94.4
71901 34.5,-93
71909 34.6,-93
71913 34.4,-93.1
71921 34.3,-93.4
71922 34,-93.4
71923 34.1,-93.1
71929 34.3,-93.2
71933 34.4,-93.4
71935 34.4,-93.8
71937 34.4,-94.4
71940 34,-93.5
71941 34.2,-93
71942 34.2,-93
71943 34.3,-93.6
71944 34.2,-94.3
71945 34.5,-94.4
71949 34.7,-93.2
71950 34.3,-93.7
71952 34.3,-93.8
71953 34.6,-94.2
71956 34.6,-93.1
71957 34.6,-93.6
71958 34.1,-93.7
71959 34.2,-93.9
71960 34.5,-93.7
71961 34.6,-93.8
71962 34,-93.4
71964 34.4,-93.2
71965 34.7,-93.7
71968 34.5,-93.3
71969 34.7,-93.6
71970 34.7,-93.5
71971 34.3,-94
71972 34.4,-94.2
71973 34.3,-94.3
71998 34.1,-93.1
71999 34.1,-93.1
72001 35.1,-92.9
72002 34.7,-92.5
72003 34.4,-91.4
72004 34.4,-91.9
72005 35.5,-91.1
72006 35.2,-91.4
72007 35,-92
72010 35.3,-91.5
72011 34.5,-92.5
72012 35.1,-91.9
72013 35.5,-92.4
72014 35.4,-91.1
72015 34.5,-92.6
72016 35,-92.6
72017 34.9,-91.4
72019 34.6,-92.7
72020 35.5,-91.5
72021 34.9,-91.2
72022 34.6,-92.5
72023 35,-92.1
72024 34.8,-91.7
72025 35.1,-93
72026 34.5,-91.3
72027 35.4,-92.6
72028 35.5,-92.4
72029 34.7,-91.3
72030 35.4,-92.7
72031 35.6,-92.5
72032 35.1,-92.4
72034 35.1,-92.5
72035 35.1,-92.5
72036 35,-91.3
72038 34.5,-91.2
72039 35.4,-92.4
72040 35,-91.5
72041 34.7,-91.5
72042 34.3,-91.3
72044 35.7,-92.2
72045 35.1,-92.1
72046 34.6,-91.9
72047 35.2,-92.2
72048 34.2,-91.1
72051 35.8,-92.3
72052 35.1,-91.8
72053 34.7,-92.2
72055 34.1,-91.4
72057 34.1,-92.3
72058 35.2,-92.4
72059 35.2,-91.3
72060 35.1,-91.6
72061 35.3,-92.3
72063 35.3,-92.8
72064 34.8,-91.6
72065 34.5,-92.3
72066 35,-91.7
72067 35.6,-92.2
72068 35.1,-91.7
72069 34.5,-91.1
72070 35,-92.7
72072 34.5,-91.8
72073 34.4,-91.7
72074 35.1,-91.1
72075 35.6,-91.3
72076 34.9,-92.1
72079 34.4,-92.2
72080 35.4,-92.8
72081 35.4,-91.7
72082 35.2,-91.7
72083 34.6,-92
72084 34.1,-92.7
72085 35.4,-91.8
72086 34.8,-91.9
72087 34.6,-92.8
72088 35.6,-92.3
72099 34.9,-92.2
72101 35.2,-91.2
72102 35.1,-91.8
72103 34.6,-92.4
72104 34.3,-92.8
72106 35,-92.5
72107 35.1,-92.5
72108 34.7,-91.1
72110 35.2,-92.8
72111 35.2,-92.1
72112 35.6,-91.2
72113 34.9,-92.4
72114 34.8,-92.3
72116 34.8,-92.2
72117 34.8,-92.1
72118 34.8,-92.3
72119 34.8,-92.3
72120 34.9,-92.2
72121 35.5,-91.8
72122 34.8,-92.8
72123 35.3,-91.2
72125 35.1,-92.8
72126 34.9,-92.9
72127 35.2,-92.6
72128 34.3,-92.6
72129 34.3,-92.6
72130 35.7,-92.1
72131 35.4,-92.2
72132 34.4,-92.2
72133 34.1,-91.5
72134 34.6,-91.4
72135 34.9,-92.6
72136 35.2,-92
72137 35.3,-92
72139 35.4,-91.5
72140 34.4,-91.2
72141 35.5,-92.7
72142 34.7,-92.1
72143 35.2,-91.7
72150 34.3,-92.4
72152 34.4,-92
72153 35.7,-92.3
72156 35.3,-92.7
72157 35.3,-92.6
72160 34.4,-91.5
72165 35.6,-91.5
72166 34.1,-91.2
72167 34.4,-92.7
72168 34.4,-92
72169 35.4,-91.2
72170 34.6,-91.4
72173 35.1,-92.2
72175 34.3,-91.8
72176 35,-91.9
72178 35.2,-91.6
72179 35.5,-91.9
72180 34.5,-92.2
72181 35.2,-92.4
72182 34.4,-92.1
72183 34.6,-92.2
72199 34.8,-92.3
72201 34.7,-92.3
72202 34.7,-92.2
72204 34.7,-92.4
72205 34.7,-92.4
72206 34.6,-92.3
72207 34.8,-92.3
72209 34.7,-92.3
72210 34.7,-92.5
72211 34.7,-92.4
72212 34.8,-92.4
72223 34.8,-92.5
72227 34.8,-92.4
72301 35.1,-90.2
72311 34.7,-90.9
72313 35.5,-90.1
72315 35.9,-89.9
72320 34.8,-90.5
72322 35.1,-90.8
72324 35.4,-90.8
72325 35.3,-90.3
72326 35.1,-90.9
72327 35.2,-90.3
72328 34,-91.1
72329 35.6,-90
72330 35.6,-90.2
72331 35.3,-90.5
72332 35.1,-90.3
72333 34.3,-90.9
72335 35,-90.7
72338 35.4,-90.1
72339 35.4,-90.3
72340 35,-91
72341 34.9,-90.8
72342 34.4,-90.7
72346 35.1,-90.5
72347 35.4,-91
72348 34.9,-90.4
72350 35.5,-90.1
72351 35.7,-90.1
72352 34.7,-90.7
72353 34.3,-91
72354 35.6,-90.3
72355 34.5,-90.9
72358 35.8,-89.9
72359 35,-90.7
72360 34.8,-90.8
72364 35.2,-90.2
72365 35.6,-90.4
72366 34.5,-91
72367 34.2,-91
72368 34.8,-91
72369 34.5,-90.8
72370 35.7,-90.1
72372 35,-91
72373 35.3,-90.6
72374 34.6,-90.8
72376 35.1,-90.3
72377 35.7,-90.3
72379 34.1,-91
72383 34.5,-91
72384 35.4,-90.2
72386 35.5,-90.4
72387 35.3,-90.8
72389 34.4,-90.9
72390 34.6,-90.7
72391 35.7,-90.3
72392 35,-91.1
72394 35.1,-90.6
72395 35.6,-90
72396 35.2,-90.8
72401 35.8,-90.6
72404 35.8,-90.8
72405 35.9,-90.7
72410 35.9,-91.1
72411 35.7,-90.6
72412 36.1,-90.7
72413 36.3,-90.8
72414 35.8,-90.4
72415 36.1,-91.2
72416 36,-90.8
72417 35.9,-90.5
72419 35.7,-90.4
72421 35.8,-91
72422 36.4,-90.5
72424 36.4,-90.7
72425 36.2,-90.7
72426 35.9,-90
72427 35.9,-90.9
72428 35.7,-90.2
72429 35.5,-90.9
72430 36.3,-90.2
72431 35.6,-91.1
72432 35.6,-90.7
72433 36,-91
72434 36.2,-91.2
72435 36.3,-90.6
72436 36.2,-90.5
72437 35.8,-90.5
72438 35.9,-90.2
72440 36,-91.3
72441 36.4,-90.4
72442 35.8,-90.2
72443 36.2,-90.4
72444 36.4,-90.9
72445 36,-91
72447 35.9,-90.3
72449 36.2,-90.8
72450 36.1,-90.5
72453 36.3,-90.7
72454 36.4,-90.2
72455 36.3,-91
72456 36.4,-90.3
72457 36.1,-91.1
72458 36.1,-91.2
72459 36.3,-91.3
72460 36.3,-91.2
72461 36.3,-90.3
72462 36.4,-90.8
72464 36.5,-90.1
72466 36,-91.3
72467 35.8,-90.7
72469 36,-91.3
72470 36.5,-90.7
72471 35.8,-91.1
72472 35.6,-90.5
72473 35.7,-91.2
72476 36,-90.9
72478 36.5,-91.1
72479 35.6,-90.9
72482 36.3,-91.4
72501 35.8,-91.7
72512 36.2,-91.8
72513 36.2,-91.6
72515 36.3,-92.1
72517 36.1,-92
72519 36.1,-92.2
72520 36.4,-91.7
72521 35.9,-91.5
72522 35.8,-91.5
72523 35.6,-91.8
72524 35.8,-91.3
72526 35.9,-91.8
72527 35.7,-91.7
72528 36.2,-92.1
72529 36.3,-91.6
72530 35.6,-92
72531 36.3,-92.1
72532 36.1,-91.6
72533 36,-92.2
72534 35.6,-91.7
72536 36.1,-91.8
72537 36.4,-92.2
72538 36.4,-92.1
72539 36.3,-91.7
72540 35.9,-91.9
72542 36.3,-91.5
72543 35.5,-92
72544 36.4,-92.2
72546 35.6,-91.9
72550 35.7,-91.8
72553 35.7,-91.5
72554 36.4,-91.6
72555 35.8,-91.9
72556 36,-92
72560 35.8,-92.1
72561 35.9,-91.8
72562 35.7,-91.4
72564 35.6,-91.4
72565 36.2,-91.9
72566 36.2,-92.1
72567 35.8,-91.9
72568 35.6,-91.6
72569 36.1,-91.5
72571 35.6,-91.6
72572 35.9,-91.3
72573 36.1,-91.8
72576 36.3,-91.9
72577 36,-91.7
72578 36.5,-91.9
72579 35.8,-91.4
72581 35.5,-92
72583 36.4,-92
72584 36.1,-91.8
72585 36.2,-92
72587 36.2,-91.8
72601 36.2,-93.1
72611 36.2,-93.3
72615 36.3,-93
72616 36.3,-93.6
72617 36,-92.4
72619 36.4,-92.6
72623 36.5,-92.3
72624 36.1,-93.4
72626 36.3,-92.6
72628 35.8,-93.3
72629 35.7,-92.6
72630 36.5,-92.9
72631 36.5,-93.7
72632 36.4,-93.7
72633 36.1,-92.9
72634 36.2,-92.6
72635 36.3,-92.5
72636 36,-92.7
72638 36.3,-93.4
72639 36,-92.5
72640 36,-93.1
72641 36,-93.2
72642 36.4,-92.5
72644 36.4,-93
72645 35.8,-92.6
72648 36.1,-93.2
72650 35.9,-92.7
72651 36.4,-92.5
72653 36.3,-92.4
72655 35.9,-93
72658 36.2,-92.3
72660 36.5,-93.4
72661 36.4,-92.6
72662 36.4,-93.2
72663 35.9,-92.3
72666 35.9,-93.3
72668 36.4,-92.8
72669 36.1,-92.9
72670 36,-93.4
72672 36.3,-92.8
72675 36,-92.8
72677 36.3,-92.7
72679 35.7,-92.8
72680 35.9,-92.3
72682 36.1,-92.7
72683 35.9,-93.1
72685 36.1,-93
72686 35.6,-93
72687 36.3,-92.7
72701 36,-94.1
72703 36.1,-94
72704 36.1,-94.3
72712 36.4,-94.2
72713 36.3,-94.3
72714 36.5,-94.2
72715 36.5,-94.3
72717 35.8,-94.4
72718 36.3,-94.2
72719 36.4,-94.3
72721 35.8,-93.8
72722 36.3,-94.5
72727 35.9,-93.9
72729 35.8,-94.5
72730 36,-94.3
72732 36.4,-94
72734 36.3,-94.5
72736 36.4,-94.5
72738 36.2,-93.9
72739 36.4,-94.3
72740 36.1,-93.7
72742 36,-93.5
72744 36,-94.4
72745 36.2,-94.1
72747 36.4,-94.6
72749 35.9,-94.4
72751 36.5,-94.1
72752 35.8,-93.6
72753 35.9,-94.3
72756 36.3,-94
72758 36.3,-94.1
72760 35.8,-93.7
72761 36.2,-94.5
72762 36.2,-94.2
72764 36.2,-94.1
72768 36.5,-94.5
72769 36,-94.5
72773 36,-93.8
72774 35.9,-94.1
72776 35.9,-93.7
72801 35.3,-93.1
72802 35.3,-93.1
72821 35.5,-93.7
72823 35.3,-92.9
72824 35.1,-93.4
72826 35.1,-93.7
72827 34.9,-93.6
72828 34.9,-93.5
72829 35.1,-93.2
72830 35.5,-93.5
72832 35.4,-93.7
72833 35,-93.5
72834 35.2,-93.2
72835 35.3,-93.3
72837 35.5,-93.1
72838 34.9,-93.7
72839 35.6,-93.2
72840 35.5,-93.6
72841 34.9,-93.8
72842 35.1,-93.6
72843 35.6,-92.9
72845 35.4,-93.4
72846 35.5,-93.3
72847 35.4,-93.3
72851 35.3,-93.4
72852 35.7,-93.6
72853 35,-93.2
72854 35.7,-93.4
72855 35.2,-93.7
72856 35.8,-93.1
72857 34.9,-93.3
72858 35.2,-93
72860 35,-93.4
72863 35.4,-93.5
72865 35.3,-93.6
72901 35.4,-94.4
72903 35.4,-94.4
72904 35.4,-94.4
72905 35.3,-94.2
72908 35.3,-94.4
72916 35.3,-94.4
72921 35.5,-94.2
72923 35.3,-94.3
72926 34.7,-94
72927 35.1,-93.9
72928 35.3,-93.9
72930 35.4,-94.1
72932 35.6,-94.4
72933 35.3,-94
72934 35.7,-94.3
72935 35.5,-94.1
72936 35.2,-94.2
72937 35.1,-94.4
72938 35,-94.4
72940 35.1,-94.3
72941 35.3,-94.2
72943 35.2,-93.8
72944 35,-94.2
72945 35.1,-94.4
72946 35.7,-94.1
72947 35.6,-94
72948 35.7,-94.4
72949 35.6,-93.8
72950 34.8,-93.9
72951 35.3,-93.9
72952 35.6,-94.3
72955 35.6,-94.4
72956 35.5,-94.3
72958 34.9,-94.2
72959 35.8,-94.1
73001 35.2,-98.4
73002 35,-97.7
73003 35.7,-97.5
73004 35.2,-97.8
73005 35.1,-98.2
73006 34.9,-98.4
73007 35.7,-97.3
73008 35.5,-97.6
73009 35.3,-98.4
73010 35.1,-97.7
73011 34.8,-97.7
73012 35.7,-97.6
73013 35.6,-97.5
73014 35.6,-98.1
73015 35.1,-98.6
73016 35.8,-97.7
73017 34.9,-98.1
73018 35,-97.9
73019 35.2,-97.4
73020 35.5,-97.3
73021 35.3,-98.7
73022 35.6,-98
73024 35.4,-98.8
73025 35.7,-97.6
73026 35.2,-97.3
73027 36,-97.2
73028 36,-97.6
73029 34.9,-98.2
73030 34.5,-97.2
73031 35,-97.6
73032 34.4,-97.1
73033 35.3,-98.6
73034 35.7,-97.4
73036 35.5,-98
73038 35.1,-98.5
73040 35.6,-98.4
73041 35,-98.9
73042 35.2,-98.2
73043 35.7,-98.4
73044 35.9,-97.4
73045 35.5,-97.1
73047 35.5,-98.3
73048 35.5,-98.5
73049 35.6,-97.3
73050 35.9,-97.3
73051 35,-97.2
73052 34.8,-97.6
73053 35.4,-98.4
73054 35.7,-97.2
73055 34.6,-97.9
73056 36.2,-97.6
73057 34.8,-97.4
73058 35.8,-97.2
73059 35.3,-98.1
73061 36.4,-97
73062 35,-98.7
73063 36.1,-97.4
73064 35.4,-97.8
73065 35.3,-97.6
73066 35.5,-97.3
73067 34.9,-97.9
73068 35.1,-97.3
73069 35.3,-97.5
73070 35.2,-97.4
73071 35.2,-97.4
73072 35.2,-97.5
73073 36.2,-97.4
73074 34.8,-97.3
73075 34.7,-97.2
73077 36.3,-97.3
73078 35.7,-97.8
73079 35.2,-98
73080 35,-97.4
73082 34.8,-97.9
73084 35.5,-97.3
73086 34.5,-97
73089 35.3,-97.8
73090 35.4,-98
73092 35.1,-98.1
73093 35.1,-97.5
73095 34.9,-97.3
73096 35.5,-98.7
73097 35.4,-97.6
73098 34.6,-97.2
73099 35.5,-97.8
73102 35.5,-97.5
73103 35.5,-97.5
73104 35.5,-97.5
73105 35.5,-97.5
73106 35.5,-97.5
73107 35.5,-97.6
73108 35.5,-97.6
73109 35.4,-97.5
73110 35.4,-97.4
73111 35.5,-97.5
73112 35.5,-97.6
73114 35.6,-97.5
73115 35.4,-97.4
73116 35.5,-97.6
73117 35.5,-97.5
73118 35.5,-97.5
73119 35.4,-97.6
73120 35.6,-97.6
73121 35.5,-97.4
73122 35.5,-97.6
73127 35.5,-97.6
73128 35.4,-97.7
73129 35.4,-97.5
73130 35.5,-97.3
73131 35.6,-97.5
73132 35.5,-97.6
73134 35.6,-97.6
73135 35.4,-97.4
73139 35.4,-97.5
73141 35.5,-97.4
73142 35.6,-97.6
73145 35.4,-97.4
73149 35.4,-97.5
73150 35.4,-97.3
73151 35.6,-97.4
73159 35.4,-97.6
73160 35.3,-97.5
73162 35.6,-97.6
73165 35.4,-97.4
73169 35.4,-97.6
73170 35.3,-97.6
73173 35.3,-97.6
73179 35.4,-97.6
73401 34.2,-97.1
73425 34.5,-97.6
73430 33.9,-97.4
73432 34.3,-96.4
73433 34.6,-97.4
73434 34.6,-97.6
73435 34.4,-97.5
73436 34.3,-97
73437 34.4,-97.4
73438 34.3,-97.5
73439 33.9,-96.7
73440 34,-96.9
73441 33.9,-97.4
73442 34.3,-97.7
73443 34.2,-97.3
73444 34.5,-97.4
73446 34.1,-96.8
73447 34.2,-96.9
73448 33.9,-97.1
73449 34,-96.5
73450 34.3,-96.5
73453 34,-97.3
73455 34.2,-96.8
73456 34.1,-97.6
73458 34.3,-97.3
73459 33.8,-97.1
73460 34.3,-96.7
73461 34.4,-96.4
73463 34.1,-97.4
73481 34.4,-97.5
73487 34.5,-97.4
73488 34.5,-97.6
73491 34.5,-97.7
73501 34.6,-98.3
73503 34.7,-98.5
73505 34.6,-98.5
73507 34.7,-98.5
73520 34.3,-98
73521 34.6,-99.3
73523 34.7,-99.3
73526 34.8,-99.3
73527 34.6,-98.6
73528 34.4,-98.7
73529 34.3,-98
73530 34.3,-99.1
73531 34.2,-98.5
73532 34.6,-99.6
73533 34.5,-97.9
73537 34.5,-99.7
73538 34.8,-98.4
73539 34.5,-99.3
73540 34.5,-98.6
73541 34.8,-98.2
73542 34.4,-98.9
73543 34.5,-98.4
73544 34.7,-99.8
73546 34.2,-98.7
73547 35,-99.4
73548 34.2,-98.1
73549 34.6,-99.2
73550 34.7,-99.9
73551 34.3,-98.9
73552 34.6,-98.8
73553 34.3,-98.7
73554 34.8,-99.6
73555 34.5,-99
73556 34.7,-99.4
73557 34.7,-98.5
73559 34.7,-98.9
73560 34.5,-99.4
73562 34.2,-98.4
73564 34.8,-99
73565 34,-97.9
73566 34.6,-98.9
73567 34.7,-98.2
73568 34.3,-98.2
73569 33.9,-97.8
73570 34.5,-99.1
73571 34.9,-99.9
73572 34.4,-98.3
73573 34.1,-98
73601 35.5,-99
73620 35.6,-99
73622 35.4,-99
73624 35.4,-99.2
73625 35.7,-99.2
73626 35.4,-99.3
73627 35.2,-99.5
73628 35.6,-99.7
73632 35.3,-98.9
73638 35.8,-99.8
73639 35.7,-99
73641 35.3,-99.2
73642 35.8,-99.9
73644 35.4,-99.4
73645 35.2,-99.9
73646 35.8,-98.6
73647 35.4,-99.2
73650 35.6,-99.4
73651 35,-99.1
73654 35.9,-99.4
73655 35,-99.2
73658 35.9,-98.7
73659 35.9,-98.9
73660 35.6,-99.9
73661 35.2,-99
73662 35.3,-99.7
73663 36.1,-98.9
73664 35.2,-99.2
73666 35.4,-99.9
73667 36,-99
73668 35.2,-100
73669 35.8,-98.7
73673 35.1,-99.6
73701 36.4,-97.8
73703 36.4,-98
73705 36.3,-97.9
73716 36.5,-98.6
73717 36.8,-98.8
73718 36.2,-98.2
73719 37,-98.3
73720 36.2,-97.9
73722 36.9,-98.4
73724 36,-98.7
73726 36.6,-98.5
73727 36.5,-98
73728 36.7,-98.4
73729 36.4,-98.5
73730 36.3,-97.5
73731 36.6,-98.6
73733 36.3,-97.7
73734 36,-97.9
73735 36.3,-98.1
73736 36.3,-97.7
73737 36.3,-98.6
73738 36.4,-97.6
73739 36.5,-98.1
73741 36.6,-98.3
73742 36.1,-97.9
73743 36.6,-98
73744 36,-98.3
73746 36.7,-98.7
73747 36.2,-98.3
73749 36.7,-98.2
73750 35.9,-97.9
73753 36.6,-97.9
73754 36.4,-98.1
73755 36.1,-98.6
73756 36,-98.1
73757 36.3,-97.4
73758 36.9,-98.1
73759 36.9,-97.7
73760 36.4,-98.2
73761 36.7,-98
73762 35.7,-98
73763 36.1,-98.3
73764 35.9,-98.2
73766 36.6,-97.8
73768 36.4,-98.3
73770 36.1,-98.5
73771 36.9,-98
73772 35.9,-98.4
73773 36.3,-97.9
73801 36.5,-99.4
73832 36,-99.7
73834 36.9,-99.6
73835 36,-99.2
73838 36.2,-98.9
73840 36.4,-99.6
73841 36.5,-99.6
73842 36.8,-99.2
73843 36.4,-99.8
73844 36.9,-100.2
73848 36.6,-100
73851 36.6,-99.8
73852 36.5,-99.1
73853 36.2,-99.2
73855 36.9,-99.9
73857 36.3,-99.3
73858 36.2,-99.9
73859 36.1,-99.3
73860 36.5,-98.8
73901 36.8,-101.1
73931 36.6,-100.8
73932 36.7,-100.5
73933 36.7,-102.6
73937 36.6,-102.8
73938 36.9,-100.6
73939 36.8,-101.8
73942 36.7,-101.5
73944 36.6,-101.1
73945 36.8,-101.2
73946 36.9,-102.8
73947 36.8,-102.2
73949 36.6,-102
73950 36.9,-100.9
73951 36.9,-101.1
73960 36.5,-101.8
74001 36.5,-96.1
74002 36.6,-96.1
74003 36.7,-96.1
74006 36.7,-95.9
74008 35.9,-95.9
74010 35.8,-96.4
74011 36,-95.8
74012 36.1,-95.8
74014 36.1,-95.7
74015 36.2,-95.7
74016 36.5,-95.5
74017 36.4,-95.6
74019 36.3,-95.6
74020 36.2,-96.4
74021 36.4,-95.8
74022 36.9,-96
74023 36,-96.8
74026 35.7,-96.8
74027 36.8,-95.6
74028 35.8,-96.5
74029 36.8,-95.9
74030 36,-96.6
74032 36.2,-96.9
74033 35.9,-96
74034 36.2,-96.6
74035 36.4,-96.4
74036 36.2,-95.5
74037 36,-96
74038 36.2,-96.6
74039 35.9,-96.2
74041 35.9,-96.1
74042 36.9,-95.6
74044 36.1,-96.4
74045 36.2,-96.7
74046 35.8,-96.6
74047 35.9,-96
74048 36.7,-95.7
74050 36.1,-96.1
74051 36.6,-96
74052 36.1,-96.6
74053 36.4,-95.7
74054 36.3,-96.3
74055 36.3,-95.8
74056 36.8,-96.3
74058 36.4,-96.8
74059 36,-97.1
74060 36.3,-96.3
74061 36.5,-95.9
74062 36,-96.9
74063 36.2,-96.2
74066 36,-96.2
74068 35.9,-96.6
74070 36.4,-96.1
74071 35.8,-96.3
74072 37,-95.6
74073 36.3,-96
74074 36.1,-97.1
74075 36.2,-97.1
74077 36.1,-97.1
74078 36.1,-97.1
74079 35.7,-96.7
74080 36.5,-95.7
74081 36.2,-96.5
74082 36.4,-95.9
74083 36.9,-95.8
74084 36.5,-96.3
74085 36.1,-96.7
74103 36.2,-96
74104 36.1,-96
74105 36.1,-96
74106 36.2,-96
74107 36.1,-96
74108 36.1,-95.8
74110 36.2,-96
74112 36.1,-95.9
74114 36.1,-95.9
74115 36.2,-95.9
74116 36.2,-95.8
74117 36.2,-95.9
74119 36.1,-96
74120 36.2,-96
74126 36.2,-96
74127 36.2,-96
74128 36.1,-95.9
74129 36.1,-95.9
74130 36.2,-96
74131 36.1,-96.1
74132 36,-96
74133 36,-95.9
74134 36.1,-95.8
74135 36.1,-95.9
74136 36.1,-95.9
74137 36,-95.9
74145 36.1,-95.9
74146 36.1,-95.9
74171 36.1,-96
74301 36.7,-95.2
74330 36.4,-95.3
74331 36.6,-95
74332 36.5,-95.3
74333 36.8,-95.1
74337 36.1,-95.3
74338 36.3,-94.7
74339 36.9,-94.9
74340 36.5,-95
74342 36.4,-94.9
74343 36.7,-94.8
74344 36.6,-94.7
74346 36.4,-94.8
74347 36.2,-94.8
74349 36.5,-95
74350 36.5,-95
74352 36.1,-95.2
74354 36.9,-94.9
74358 36.9,-94.9
74359 36.2,-94.9
74360 37,-94.8
74361 36.3,-95.3
74363 37,-94.7
74364 36.2,-94.9
74365 36.3,-95.1
74366 36.4,-95
74367 36.4,-95.1
74368 36.2,-94.8
74369 36.9,-95.2
74370 36.7,-94.7
74401 35.7,-95.5
74403 35.7,-95.3
74421 35.8,-96
74422 35.6,-95.7
74423 35.6,-95.2
74425 35.2,-95.6
74426 35.4,-95.5
74427 35.7,-94.9
74428 35.5,-95.6
74429 35.9,-95.6
74430 35.1,-95.6
74431 35.5,-95.9
74432 35.3,-95.7
74434 35.8,-95.2
74435 35.6,-95.1
74436 35.8,-95.7
74437 35.4,-95.9
74438 35.5,-95.8
74441 36,-95.1
74442 35.1,-95.8
74445 35.6,-95.8
74446 35.9,-95.3
74447 35.6,-96
74450 35.6,-95.5
74451 35.7,-95
74452 36.1,-95.1
74454 35.8,-95.5
74455 35.4,-95.3
74456 35.7,-96
74457 36,-94.8
74458 35.9,-95.6
74459 35.5,-95.5
74460 35.5,-96
74462 35.3,-95.1
74463 35.8,-95.6
74464 35.9,-95
74467 36,-95.4
74468 35.6,-95.6
74469 35.5,-95.3
74470 35.5,-95.2
74471 35.8,-94.9
74472 35.3,-95.3
74477 36,-95.3
74501 35,-95.8
74521 34.7,-95.1
74522 34.9,-95.7
74523 34.3,-95.6
74525 34.3,-96.1
74528 34.7,-95.7
74530 34.4,-96.5
74531 34.9,-96.2
74533 34.2,-96.2
74534 34.6,-96.4
74535 34.5,-96.4
74536 34.6,-95.4
74538 34.6,-96.2
74540 34.6,-95.7
74543 34.4,-95.4
74546 34.9,-95.6
74547 34.8,-95.6
74549 34.6,-94.9
74552 35.1,-95.2
74553 34.7,-95.9
74554 34.9,-95.7
74555 34.2,-96
74556 34.5,-96.2
74557 34.4,-95.7
74558 34.5,-95.2
74560 34.6,-95.8
74561 35.1,-95.4
74562 34.3,-95.3
74563 35,-95.1
74565 34.8,-95.8
74567 34.5,-95.3
74569 34.5,-95.9
74570 34.9,-96.1
74571 34.7,-95
74572 34.6,-96.4
74574 34.7,-95.3
74576 34.7,-96
74577 34.7,-94.9
74578 34.9,-95.3
74601 36.7,-97.1
74604 36.7,-97
74630 36.5,-97.4
74631 36.8,-97.3
74632 36.9,-97.3
74633 36.7,-96.8
74636 36.8,-97.5
74637 36.6,-96.6
74640 36.6,-97.6
74641 36.8,-96.9
74643 36.7,-97.6
74644 36.6,-97.1
74646 36.8,-97.4
74647 36.9,-97
74650 36.5,-96.7
74651 36.5,-97.2
74652 36.9,-96.6
74653 36.6,-97.3
74701 34,-96.4
74720 33.8,-96.4
74721 33.9,-96.2
74722 34.4,-94.9
74723 34,-96
74724 34.3,-94.9
74726 33.9,-96.2
74727 34,-95.9
74728 34.2,-94.8
74729 34.1,-96.3
74730 33.9,-96.4
74731 33.9,-96.6
74733 33.8,-96.5
74734 34.1,-94.5
74735 34.1,-95.3
74736 33.9,-95
74737 34,-94.9
74738 33.9,-95.4
74740 33.8,-94.6
74741 33.8,-96.3
74743 34,-95.5
74745 33.9,-94.8
74747 33.8,-96.3
74748 34.1,-96.5
74750 34,-95
74753 33.9,-96.5
74754 34.2,-95.1
74755 34.1,-95.1
74756 34.1,-95.4
74759 34.1,-95.7
74760 34.2,-95.4
74761 34,-95.2
74764 34.1,-95.1
74766 34.1,-95
74801 35.3,-97
74804 35.4,-96.9
74820 34.8,-96.7
74824 35.9,-96.9
74825 34.8,-96.4
74826 35,-96.9
74827 34.9,-96.3
74829 35.5,-96.5
74830 35.1,-96.7
74831 34.9,-97
74832 35.8,-97
74833 35.6,-96.4
74834 35.7,-96.9
74836 34.4,-96.6
74837 35.3,-96.5
74839 35.2,-96
74840 35.3,-96.8
74842 34.6,-96.6
74843 34.7,-96.7
74844 34.9,-96.6
74845 35.3,-95.9
74848 35.1,-96.3
74849 35,-96.7
74850 35.1,-96.1
74851 35.4,-97.1
74852 35.1,-97
74854 35.1,-96.8
74855 35.5,-96.9
74856 34.4,-96.8
74857 35.3,-97.2
74859 35.5,-96.3
74860 35.5,-96.6
74864 35.5,-96.7
74865 34.6,-96.8
74866 35.1,-96.8
74867 35,-96.5
74868 35.3,-96.6
74869 35.6,-96.8
74871 34.6,-96.6
74872 34.8,-97
74873 35.2,-97
74875 35.9,-97
74878 35,-97.1
74880 35.4,-96.1
74881 35.7,-97.1
74883 35.2,-96.3
74884 35.2,-96.5
74901 35.3,-94.5
74902 35.3,-94.5
74930 35.2,-94.8
74931 35.7,-94.8
74932 35.1,-94.5
74935 35,-94.9
74936 35.4,-94.7
74937 34.8,-94.6
74939 34.7,-94.6
74940 34.9,-94.6
74941 35.3,-94.9
74942 34.9,-95
74943 35.1,-95.1
74944 35.1,-95
74945 35.6,-94.8
74946 35.4,-94.5
74947 35,-94.5
74948 35.5,-94.6
74949 34.7,-94.8
74951 35.2,-94.7
74953 35,-94.6
74954 35.4,-94.5
74955 35.5,-94.8
74956 35.1,-94.8
74957 34.5,-94.7
74959 35.3,-94.6
74960 35.8,-94.7
74962 35.5,-94.9
74963 34.4,-94.6
74964 36.1,-94.7
74965 36,-94.6
74966 34.9,-94.9
75001 33,-96.8
75002 33.1,-96.6
75006 33,-96.9
75007 33,-96.9
75009 33.3,-96.8
75010 33,-96.9
75013 33.1,-96.7
75019 33,-97
75020 33.8,-96.6
75021 33.7,-96.5
75022 33,-97.1
75023 33.1,-96.7
75024 33.1,-96.8
75025 33.1,-96.7
75028 33,-97.1
75032 32.9,-96.4
75033 33.2,-96.8
75034 33.1,-96.8
75035 33.2,-96.8
75036 33.1,-96.9
75038 32.9,-97
75039 32.9,-96.9
75040 32.9,-96.6
75041 32.9,-96.7
75042 32.9,-96.7
75043 32.9,-96.6
75044 33,-96.6
75048 33,-96.6
75050 32.8,-97
75051 32.7,-97
75052 32.7,-97
75054 32.6,-97
75056 33.1,-96.9
75057 33.1,-97
75058 33.4,-96.7
75060 32.8,-97
75061 32.8,-97
75062 32.8,-97
75063 32.9,-97
75065 33.1,-97
75067 33,-97
75068 33.2,-97
75069 33.2,-96.6
75070 33.2,-96.7
75071 33.2,-96.6
75072 33.2,-96.7
75074 33,-96.7
75075 33,-96.7
75076 33.8,-96.7
75077 33.1,-97.1
75078 33.2,-96.8
75080 33,-96.7
75081 32.9,-96.7
75082 33,-96.7
75087 32.9,-96.4
75088 32.9,-96.5
75089 32.9,-96.5
75090 33.6,-96.6
75092 33.7,-96.7
75093 33,-96.8
75094 33,-96.6
75098 33,-96.5
75101 32.3,-96.7
75102 32.1,-96.6
75103 32.5,-95.9
75104 32.6,-97
75105 32.3,-96.4
75109 32,-96.3
75110 32.1,-96.5
75114 32.6,-96.4
75115 32.6,-96.9
75116 32.7,-96.9
75117 32.7,-95.9
75119 32.3,-96.6
75124 32.3,-96
75125 32.5,-96.6
75126 32.7,-96.5
75127 32.7,-95.8
75132 32.9,-96.4
75134 32.6,-96.8
75135 33.1,-96.2
75137 32.6,-96.9
75140 32.6,-95.7
75141 32.6,-96.7
75142 32.6,-96.3
75143 32.4,-96.2
75144 32.1,-96.2
75146 32.6,-96.7
75147 32.4,-96.1
75148 32.1,-96
75149 32.8,-96.6
75150 32.8,-96.6
75152 32.4,-96.7
75153 32.2,-96.4
75154 32.5,-96.8
75155 32.2,-96.5
75156 32.3,-96.1
75157 32.5,-96.4
75158 32.5,-96.4
75159 32.6,-96.5
75160 32.8,-96.3
75161 32.7,-96.2
75163 32.2,-96.1
75164 33.1,-96.3
75165 32.4,-96.8
75166 33,-96.4
75167 32.4,-96.9
75169 32.7,-96
75172 32.6,-96.7
75173 33.1,-96.4
75180 32.7,-96.6
75181 32.7,-96.6
75182 32.8,-96.5
75189 32.9,-96.3
75201 32.8,-96.8
75202 32.8,-96.8
75203 32.7,-96.8
75204 32.8,-96.8
75205 32.8,-96.8
75206 32.8,-96.8
75207 32.8,-96.8
75208 32.8,-96.8
75209 32.8,-96.8
75210 32.8,-96.7
75211 32.7,-96.9
75212 32.8,-96.9
75214 32.8,-96.7
75215 32.8,-96.8
75216 32.7,-96.8
75217 32.7,-96.7
75218 32.8,-96.7
75219 32.8,-96.8
75220 32.9,-96.9
75223 32.8,-96.7
75224 32.7,-96.8
75225 32.9,-96.8
75226 32.8,-96.8
75227 32.8,-96.7
75228 32.8,-96.7
75229 32.9,-96.9
75230 32.9,-96.8
75231 32.9,-96.7
75232 32.7,-96.8
75233 32.7,-96.9
75234 32.9,-96.9
75235 32.8,-96.8
75236 32.7,-96.9
75237 32.7,-96.9
75238 32.9,-96.7
75240 32.9,-96.8
75241 32.7,-96.8
75243 32.9,-96.7
75244 32.9,-96.8
75246 32.8,-96.8
75247 32.8,-96.9
75248 33,-96.8
75249 32.6,-97
75251 32.9,-96.8
75252 33,-96.8
75253 32.7,-96.6
75254 32.9,-96.8
75261 32.9,-97.1
75270 32.8,-96.8
75287 33,-96.8
75390 32.8,-96.8
75401 33.2,-96.1
75402 33.1,-96.1
75407 33.2,-96.5
75409 33.4,-96.5
75410 32.8,-95.6
75411 33.9,-95.6
75412 33.8,-95.1
75413 33.4,-96.2
75414 33.6,-96.4
75415 33.5,-95.7
75416 33.6,-95.3
75417 33.4,-95.1
75418 33.6,-96.2
75420 33.1,-95.7
75421 33.7,-95.7
75422 33.1,-95.9
75423 33.3,-96.2
75424 33.3,-96.4
75426 33.6,-95
75428 33.3,-95.9
75429 33.3,-95.9
75431 33,-95.5
75432 33.4,-95.7
75433 33.1,-95.8
75434 33.4,-95.3
75435 33.5,-95.3
75436 33.7,-95.3
75437 33.3,-95.5
75438 33.6,-96.1
75439 33.6,-96.3
75440 32.9,-95.8
75441 33.4,-95.6
75442 33.2,-96.3
75446 33.6,-95.9
75447 33.8,-96.1
75448 33.3,-95.8
75449 33.4,-95.9
75450 33.4,-95.5
75451 33,-95.1
75452 33.4,-96.2
75453 33,-95.9
75454 33.3,-96.6
75455 33.2,-95
75457 33.2,-95.2
75459 33.5,-96.7
75460 33.7,-95.6
75462 33.6,-95.5
75468 33.5,-95.4
75469 33.4,-95.8
75470 33.6,-95.8
75471 33.1,-95.4
75472 32.9,-95.9
75473 33.8,-95.5
75474 32.9,-96.1
75475 33.5,-96.3
75476 33.7,-96.2
75477 33.5,-95.7
75478 33.2,-95.3
75479 33.6,-96.3
75480 33,-95.2
75481 33.3,-95.4
75482 33.2,-95.6
75486 33.7,-95.7
75487 33.3,-95.2
75488 33.8,-96
75489 33.5,-96.5
75490 33.4,-96.3
75491 33.5,-96.4
75492 33.6,-96
75493 33.1,-95.1
75494 32.9,-95.3
75495 33.4,-96.5
75496 33.4,-96.1
75497 32.9,-95.6
75501 33.4,-94.1
75503 33.5,-94.1
75550 33.5,-94.9
75551 33.1,-94.2
75554 33.6,-94.8
75555 32.9,-94.1
75556 33.2,-94.1
75558 33.3,-94.8
75559 33.5,-94.6
75560 33.2,-94.4
75561 33.5,-94.3
75562 32.9,-94.3
75563 33,-94.4
75564 32.9,-94.2
75565 33,-94.1
75566 33.2,-94.5
75567 33.3,-94.3
75568 33.2,-94.6
75569 33.4,-94.1
75570 33.5,-94.4
75571 33.2,-94.8
75572 33.2,-94.1
75573 33.3,-94.2
75574 33.3,-94.6
75601 32.5,-94.7
75602 32.4,-94.6
75603 32.4,-94.7
75604 32.5,-94.8
75605 32.6,-94.7
75630 32.9,-94.6
75631 32.3,-94.4
75633 32.1,-94.3
75638 33,-94.7
75639 32.3,-94.2
75640 32.7,-94.7
75641 32.4,-94.6
75642 32.4,-94.2
75643 32,-94.4
75644 32.8,-95
75645 32.7,-94.9
75647 32.5,-95
75650 32.5,-94.5
75651 32.7,-94.5
75652 32.2,-94.7
75654 32.1,-94.8
75656 33,-94.6
75657 32.8,-94.3
75658 32.2,-94.9
75659 32.5,-94.1
75661 32.6,-94.2
75662 32.4,-94.9
75667 32,-94.8
75668 32.9,-94.7
75669 32,-94.6
75670 32.6,-94.4
75671 32.5,-94.3
75672 32.5,-94.3
75680 32,-94.7
75681 32,-94.7
75682 32.3,-95
75683 32.8,-94.7
75684 32.3,-94.9
75686 33,-94.9
75687 32.1,-95
75689 32.2,-95
75691 32.3,-94.6
75692 32.5,-94.1
75693 32.5,-94.9
75694 32.6,-94.3
75701 32.3,-95.3
75702 32.4,-95.3
75703 32.2,-95.3
75704 32.4,-95.4
75705 32.4,-95.1
75706 32.5,-95.3
75707 32.3,-95.2
75708 32.4,-95.2
75709 32.3,-95.4
75711 32.3,-95.3
75750 32.3,-95.1
75751 32.1,-95.9
75752 32.3,-95.8
75754 32.4,-95.6
75755 32.6,-95.1
75756 32.3,-95.6
75757 32.1,-95.3
75758 32.3,-95.5
75759 32,-95.4
75760 31.8,-94.9
75762 32.2,-95.4
75763 32,-95.5
75764 31.9,-95.1
75765 32.6,-95.2
75766 31.9,-95.3
75770 32.2,-95.6
75771 32.5,-95.4
75773 32.7,-95.4
75778 32.3,-95.7
75779 31.9,-95.5
75780 32,-95.1
75782 32.1,-95.6
75783 32.8,-95.4
75784 31.9,-95
75785 31.8,-95.2
75788 31.8,-94.9
75789 32.1,-95.1
75790 32.5,-95.6
75791 32.2,-95.2
75792 32.5,-95.1
75801 31.7,-95.6
75803 31.9,-95.7
75831 31.5,-96
75833 31.3,-95.8
75835 31.3,-95.5
75838 31.5,-96.2
75839 31.6,-95.6
75840 31.8,-96.1
75844 31.5,-95.4
75845 31.1,-95.1
75846 31.3,-96.2
75847 31.3,-95.1
75848 31.8,-96.3
75849 31.4,-95.5
75850 31.1,-95.9
75851 31.1,-95.5
75852 31,-95.7
75853 31.9,-95.8
75855 31.6,-95.9
75856 31.2,-95.3
75858 31.4,-95.1
75859 31.9,-96.3
75860 31.6,-96.2
75861 31.9,-95.9
75862 31,-95.3
75865 31.1,-95
75884 31.8,-95.9
75886 31.8,-95.9
75901 31.3,-94.6
75903 31.4,-94.7
75904 31.3,-94.8
75925 31.6,-95.1
75926 31.2,-95
75928 30.7,-93.7
75929 31.2,-94.2
75930 31.3,-94
75931 31.1,-94
75932 31.1,-93.6
75933 30.6,-93.8
75934 30.9,-94.8
75935 31.7,-94.2
75936 31,-94.6
75937 31.5,-94.4
75938 30.9,-94.4
75939 31,-94.8
75941 31.2,-94.8
75942 30.8,-94.4
75943 31.7,-94.9
75944 31.4,-94.4
75946 31.8,-94.5
75948 31.3,-93.7
75949 31.2,-94.5
75951 30.9,-94.1
75954 31.9,-94
75956 30.7,-94
75959 31.5,-93.8
75960 30.9,-94.9
75961 31.6,-94.5
75962 31.6,-94.6
75964 31.6,-94.8
75965 31.7,-94.6
75966 30.8,-93.7
75968 31.3,-94
75969 31.4,-94.9
75972 31.5,-94.1
75973 31.7,-93.9
75974 32,-94.2
75975 31.9,-94.4
75976 31.5,-95
75977 31.1,-93.8
75979 30.7,-94.4
75980 31.1,-94.4
76001 32.6,-97.2
76002 32.6,-97.1
76005 32.8,-97.1
76006 32.8,-97.1
76008 32.7,-97.6
76009 32.4,-97.2
76010 32.7,-97.1
76011 32.8,-97.1
76012 32.8,-97.1
76013 32.7,-97.2
76014 32.7,-97.1
76015 32.7,-97.1
76016 32.7,-97.2
76017 32.7,-97.2
76018 32.7,-97.1
76020 32.9,-97.6
76021 32.9,-97.1
76022 32.8,-97.1
76023 33,-97.6
76028 32.5,-97.3
76031 32.3,-97.3
76033 32.3,-97.5
76034 32.9,-97.1
76035 32.6,-97.6
76036 32.6,-97.4
76039 32.9,-97.1
76040 32.8,-97.1
76041 32.2,-96.8
76043 32.2,-97.8
76044 32.4,-97.5
76048 32.4,-97.8
76049 32.5,-97.7
76050 32.3,-97.2
76051 32.9,-97.1
76052 33,-97.4
76053 32.8,-97.2
76054 32.9,-97.2
76055 32.2,-97.1
76058 32.5,-97.4
76059 32.4,-97.3
76060 32.6,-97.2
76061 32.5,-97.2
76063 32.6,-97.1
76064 32.3,-97
76065 32.5,-97
76066 32.7,-98
76067 32.8,-98.1
76070 32.2,-97.7
76071 33,-97.5
76073 33.1,-97.7
76077 32.3,-97.7
76078 33.1,-97.5
76082 33,-97.7
76084 32.4,-97.1
76085 32.9,-97.7
76086 32.8,-97.8
76087 32.7,-97.8
76088 32.9,-97.9
76092 33,-97.1
76093 32.2,-97.4
76102 32.8,-97.3
76103 32.7,-97.3
76104 32.7,-97.3
76105 32.7,-97.3
76106 32.8,-97.4
76107 32.7,-97.4
76108 32.8,-97.5
76109 32.7,-97.4
76110 32.7,-97.3
76111 32.8,-97.3
76112 32.7,-97.2
76114 32.8,-97.4
76115 32.7,-97.3
76116 32.7,-97.4
76117 32.8,-97.3
76118 32.8,-97.2
76119 32.7,-97.3
76120 32.8,-97.2
76123 32.6,-97.4
76126 32.6,-97.5
76127 32.8,-97.4
76129 32.7,-97.4
76131 32.9,-97.3
76132 32.7,-97.4
76133 32.7,-97.4
76134 32.6,-97.3
76135 32.8,-97.5
76137 32.9,-97.3
76140 32.6,-97.3
76148 32.9,-97.3
76155 32.8,-97
76164 32.8,-97.4
76177 33,-97.3
76179 32.9,-97.4
76180 32.8,-97.2
76182 32.9,-97.2
76201 33.2,-97.1
76203 33.2,-97.2
76205 33.2,-97.1
76207 33.2,-97.2
76208 33.2,-97.1
76209 33.2,-97.1
76210 33.1,-97.1
76225 33.4,-97.7
76226 33.1,-97.2
76227 33.3,-97
76228 33.6,-98.1
76230 33.5,-97.9
76233 33.5,-96.9
76234 33.3,-97.5
76238 33.5,-97.4
76239 33.5,-97.6
76240 33.7,-97.2
76241 33.6,-97.2
76244 32.9,-97.3
76245 33.8,-96.9
76247 33.1,-97.3
76248 32.9,-97.2
76249 33.3,-97.3
76250 33.6,-97.2
76251 33.7,-97.7
76252 33.7,-97.4
76253 33.6,-97.3
76255 33.8,-97.7
76258 33.4,-96.9
76259 33.2,-97.3
76261 33.8,-98
76262 33,-97.2
76263 33.5,-97.4
76264 33.7,-96.8
76265 33.7,-97.5
76266 33.4,-97.2
76267 33.4,-97.4
76268 33.6,-96.8
76270 33.5,-97.8
76271 33.5,-96.9
76272 33.5,-97.1
76273 33.7,-96.9
76301 33.9,-98.5
76302 33.9,-98.5
76305 34,-98.4
76306 33.9,-98.5
76308 33.9,-98.5
76309 33.9,-98.5
76310 33.8,-98.5
76311 34,-98.5
76351 33.6,-98.7
76354 34.1,-98.6
76357 34.1,-98.2
76360 33.9,-98.9
76363 33.5,-99.5
76364 34.1,-99
76365 33.8,-98.2
76366 33.7,-98.8
76367 34,-98.7
76370 33.5,-98.9
76371 33.5,-99.7
76372 33.2,-98.9
76373 34.2,-99.1
76374 33.3,-98.8
76377 34,-98.3
76379 33.7,-98.5
76380 33.6,-99.2
76384 34.1,-99.3
76388 33.3,-99.6
76389 33.5,-98.5
76401 32.3,-98.2
76402 32.2,-98.2
76424 32.8,-98.9
76426 33.2,-97.8
76427 33.1,-98.4
76429 32.8,-98.7
76430 32.8,-99.2
76431 33.3,-97.9
76432 31.8,-98.8
76433 32.3,-98
76435 32.2,-98.9
76436 31.9,-98.2
76437 32.4,-99
76439 32.6,-97.9
76442 31.9,-98.6
76443 32.1,-99.2
76444 32.1,-98.6
76445 32.3,-98.5
76446 32.1,-98.4
76448 32.4,-98.8
76449 32.9,-98.3
76450 33.1,-98.7
76452 31.8,-98.4
76453 32.6,-98.3
76454 32.2,-98.7
76455 31.8,-98.4
76457 31.9,-98
76458 33.2,-98.2
76459 33.3,-98.4
76460 33.3,-98.5
76462 32.5,-98
76463 32.5,-98.4
76464 32.6,-99.2
76466 32.4,-98.7
76469 32.3,-99.2
76470 32.5,-98.7
76471 32.1,-99
76472 32.6,-98.2
76474 32,-98.8
76475 32.7,-98.5
76476 32.4,-97.9
76481 33,-98.7
76483 33.2,-99.3
76484 32.7,-98.3
76486 33,-98.1
76487 33,-97.9
76490 33,-98
76491 33.1,-99
76501 31.1,-97.3
76502 31.1,-97.4
76504 31.1,-97.4
76511 30.8,-97.4
76513 31.1,-97.5
76518 30.9,-97.1
76519 31,-97
76520 30.9,-96.9
76522 31.2,-98
76523 30.8,-97.3
76524 31.3,-97.2
76525 31.5,-98.2
76527 30.8,-97.8
76528 31.4,-97.8
76530 30.7,-97.4
76531 31.7,-98.2
76534 30.9,-97.4
76537 30.8,-97.6
76538 31.6,-97.9
76539 31.1,-98
76541 31.1,-97.7
76542 31,-97.7
76543 31.1,-97.6
76544 31.3,-97.7
76548 31.1,-97.6
76549 31,-97.8
76550 31.1,-98.3
76554 31,-97.4
76556 30.7,-96.8
76557 31.3,-97.4
76559 31.1,-97.6
76561 31.4,-97.5
76565 31.6,-98.3
76566 31.5,-98
76567 30.6,-97
76569 30.9,-97.2
76570 31.1,-97
76571 30.9,-97.6
76573 30.8,-97.5
76574 30.6,-97.4
76577 30.6,-97.2
76578 30.5,-97.2
76579 31.2,-97.2
76596 31.5,-97.7
76597 31.5,-97.7
76598 31.5,-97.7
76599 31.5,-97.7
76621 31.9,-97.1
76622 31.8,-97.2
76623 32.2,-96.8
76624 31.7,-97
76626 32.1,-96.7
76627 32.1,-97.4
76628 32,-97
76629 31.1,-96.7
76630 31.3,-97.2
76631 32,-97
76632 31.3,-97.1
76633 31.7,-97.3
76634 31.8,-97.6
76635 31.7,-96.7
76636 32.2,-97.3
76637 31.8,-97.8
76638 31.6,-97.4
76639 31.9,-96.7
76640 31.7,-97.1
76641 32,-96.8
76642 31.5,-96.5
76643 31.4,-97.2
76645 32,-97.1
76648 31.8,-96.8
76649 32,-97.9
76650 32,-96.9
76651 32.2,-96.9
76652 32.1,-97.6
76653 31.3,-96.6
76654 31.7,-97
76655 31.4,-97.2
76656 31.2,-97.1
76657 31.4,-97.4
76660 31.9,-96.9
76661 31.3,-96.8
76664 31.6,-96.8
76665 31.9,-97.7
76666 32,-96.9
76667 31.7,-96.5
76670 32.1,-97
76671 32,-97.5
76673 31.8,-96.9
76676 31.9,-97
76678 31.7,-96.7
76679 32,-96.6
76680 31.2,-96.8
76681 31.9,-96.4
76682 31.5,-96.9
76685 31.3,-97
76686 31.7,-96.5
76687 31.4,-96.5
76689 31.7,-97.5
76690 32.1,-97.8
76691 31.8,-97.1
76692 32,-97.3
76693 31.8,-96.4
76701 31.6,-97.1
76704 31.6,-97.1
76705 31.6,-97.1
76706 31.5,-97.1
76707 31.6,-97.2
76708 31.6,-97.2
76710 31.5,-97.2
76711 31.5,-97.2
76712 31.5,-97.3
76798 31.5,-97.1
76801 31.7,-99.1
76802 31.7,-98.9
76820 30.8,-99
76821 31.7,-100
76823 31.7,-99.2
76824 30.9,-98.5
76825 31.1,-99.4
76827 31.5,-99.1
76828 32,-99.3
76831 30.8,-99
76832 31,-98.7
76834 31.9,-99.5
76836 31.4,-99.6
76837 31.2,-99.9
76841 30.9,-100.1
76842 30.9,-99.1
76844 31.5,-98.5
76845 31.5,-99.5
76848 30.8,-99.6
76849 30.5,-99.8
76852 31.4,-99.5
76853 31.3,-98.4
76854 30.6,-99.5
76856 30.7,-99.3
76857 31.9,-98.9
76858 31.2,-99.6
76859 30.9,-99.9
76861 31.6,-100.2
76862 31.4,-99.7
76864 31.6,-98.7
76865 31.8,-100.2
76866 31.4,-99.9
76869 30.9,-99
76870 31.6,-98.5
76871 31.3,-99
76872 31.3,-99.1
76873 31.5,-99.4
76874 30.5,-100.1
76875 31.6,-100
76877 31.2,-98.8
76878 31.7,-99.3
76880 31.4,-98.3
76882 31.8,-99.7
76884 31.7,-99.6
76885 30.9,-98.9
76887 31,-99.2
76888 31.6,-99.6
76890 31.7,-98.8
76901 31.5,-100.6
76902 31.5,-100.7
76903 31.5,-100.4
76904 31.3,-100.4
76905 31.5,-100.3
76908 31.4,-100.4
76909 31.4,-100.5
76930 31.1,-101.1
76932 31.2,-101.6
76933 31.9,-100.3
76934 31.6,-100.7
76935 31.1,-100.4
76936 30.9,-100.7
76937 31.4,-100.2
76939 31.3,-100.6
76940 31.4,-100.1
76941 31.2,-100.9
76943 30.5,-101.3
76945 31.9,-100.6
76950 30.4,-100.6
76951 31.8,-101.1
76953 31.7,-100.3
76955 31.3,-100.1
76957 31.4,-100.3
76958 31.6,-100.8
77002 29.8,-95.4
77003 29.8,-95.3
77004 29.7,-95.4
77005 29.7,-95.4
77006 29.7,-95.4
77007 29.8,-95.4
77008 29.8,-95.4
77009 29.8,-95.4
77010 29.8,-95.4
77011 29.7,-95.3
77012 29.7,-95.3
77013 29.8,-95.2
77014 30,-95.5
77015 29.8,-95.2
77016 29.9,-95.3
77017 29.7,-95.3
77018 29.8,-95.4
77019 29.8,-95.4
77020 29.8,-95.3
77021 29.7,-95.4
77022 29.8,-95.4
77023 29.7,-95.3
77024 29.8,-95.5
77025 29.7,-95.4
77026 29.8,-95.3
77027 29.7,-95.4
77028 29.8,-95.3
77029 29.8,-95.3
77030 29.7,-95.4
77031 29.7,-95.5
77032 30,-95.3
77033 29.7,-95.3
77034 29.6,-95.2
77035 29.7,-95.5
77036 29.7,-95.5
77037 29.9,-95.4
77038 29.9,-95.4
77039 29.9,-95.3
77040 29.9,-95.5
77041 29.9,-95.6
77042 29.7,-95.6
77043 29.8,-95.6
77044 29.9,-95.2
77045 29.6,-95.4
77046 29.7,-95.4
77047 29.6,-95.4
77048 29.6,-95.3
77049 29.8,-95.1
77050 29.9,-95.3
77051 29.7,-95.4
77053 29.6,-95.5
77054 29.7,-95.4
77055 29.8,-95.5
77056 29.7,-95.5
77057 29.7,-95.5
77058 29.6,-95.1
77059 29.6,-95.1
77060 29.9,-95.4
77061 29.6,-95.3
77062 29.6,-95.1
77063 29.7,-95.5
77064 29.9,-95.5
77065 29.9,-95.6
77066 30,-95.5
77067 30,-95.4
77068 30,-95.5
77069 30,-95.5
77070 30,-95.6
77071 29.7,-95.5
77072 29.7,-95.6
77073 30,-95.4
77074 29.7,-95.5
77075 29.6,-95.3
77076 29.9,-95.4
77077 29.8,-95.6
77078 29.9,-95.2
77079 29.8,-95.6
77080 29.8,-95.5
77081 29.7,-95.5
77082 29.7,-95.6
77083 29.7,-95.6
77084 29.8,-95.7
77085 29.6,-95.5
77086 29.9,-95.5
77087 29.7,-95.3
77088 29.9,-95.5
77089 29.6,-95.2
77090 30,-95.4
77091 29.9,-95.4
77092 29.8,-95.5
77093 29.9,-95.3
77094 29.8,-95.7
77095 29.9,-95.7
77096 29.7,-95.5
77098 29.7,-95.4
77099 29.7,-95.6
77204 29.7,-95.3
77301 30.3,-95.4
77302 30.2,-95.3
77303 30.4,-95.4
77304 30.3,-95.5
77306 30.3,-95.3
77316 30.3,-95.7
77318 30.4,-95.6
77320 30.8,-95.6
77326 30.5,-94.8
77327 30.3,-94.9
77328 30.4,-95.2
77331 30.6,-95.2
77334 30.8,-95.4
77335 30.6,-94.9
77336 30.1,-95.1
77338 30,-95.3
77339 30,-95.2
77340 30.7,-95.5
77341 30.7,-95.6
77342 30.7,-95.6
77345 30.1,-95.2
77346 30,-95.2
77350 30.8,-94.9
77351 30.7,-94.8
77354 30.2,-95.6
77355 30.2,-95.7
77356 30.5,-95.7
77357 30.2,-95.2
77358 30.5,-95.4
77359 30.8,-95.3
77360 30.8,-95.1
77362 30.2,-95.7
77363 30.3,-95.8
77364 30.8,-95.2
77365 30.1,-95.3
77367 30.8,-95.4
77368 30.5,-94.8
77369 30.4,-94.7
77371 30.5,-95
77372 30.3,-95.2
77373 30.1,-95.4
77374 30.4,-94.6
77375 30.1,-95.6
77376 30.4,-94.7
77377 30.1,-95.7
77378 30.5,-95.4
77379 30,-95.5
77380 30.1,-95.5
77381 30.2,-95.5
77382 30.2,-95.5
77384 30.2,-95.5
77385 30.2,-95.4
77386 30.1,-95.4
77388 30.1,-95.5
77389 30.1,-95.5
77396 29.9,-95.3
77401 29.7,-95.5
77406 29.6,-95.8
77407 29.7,-95.7
77412 29.6,-96.5
77414 28.9,-95.9
77415 28.9,-95.7
77417 29.5,-96
77418 30,-96.3
77419 28.9,-96.3
77420 29.2,-95.9
77422 29,-95.6
77423 29.8,-96
77426 30.1,-96.3
77428 28.7,-96.2
77429 30,-95.7
77430 29.3,-95.7
77431 29.1,-95.8
77432 29,-96.2
77433 29.9,-95.7
77434 29.5,-96.3
77435 29.5,-96.1
77436 29.4,-96.3
77437 29.2,-96.3
77440 28.9,-96.1
77441 29.7,-95.9
77442 29.4,-96.5
77443 29.4,-96.2
77444 29.3,-95.8
77445 30.1,-96.1
77446 30.1,-96
77447 30.1,-95.8
77448 29.4,-96.1
77449 29.8,-95.7
77450 29.7,-95.7
77451 29.5,-96
77453 29.2,-96
77454 29.5,-96.2
77455 29.1,-96.4
77456 28.9,-96.1
77457 28.7,-95.9
77458 29,-96.2
77459 29.5,-95.5
77460 29.4,-96.4
77461 29.4,-95.8
77464 29.6,-95.9
77465 28.7,-96.2
77466 29.8,-96
77467 29.2,-96.2
77468 29.1,-95.9
77469 29.5,-95.7
77470 29.5,-96.5
77471 29.5,-95.9
77473 29.8,-96.1
77474 29.8,-96.2
77475 29.5,-96.7
77476 29.7,-96
77477 29.6,-95.6
77478 29.6,-95.6
77479 29.6,-95.6
77480 29.1,-95.8
77481 29.5,-95.6
77482 29.1,-95.9
77483 28.8,-95.9
77484 30.1,-95.9
77485 29.6,-96.1
77486 29.2,-95.7
77488 29.3,-96.1
77489 29.6,-95.5
77493 29.9,-95.8
77494 29.7,-95.8
77498 29.6,-95.7
77502 29.7,-95.2
77503 29.7,-95.2
77504 29.6,-95.2
77505 29.6,-95.1
77506 29.7,-95.2
77507 29.6,-95.1
77510 29.3,-95.1
77511 29.4,-95.2
77514 29.7,-94.6
77515 29.2,-95.5
77517 29.4,-95.1
77518 29.5,-95
77519 30.2,-94.6
77520 29.7,-95
77521 29.8,-95
77523 29.8,-94.9
77530 29.8,-95.1
77531 29,-95.4
77532 29.9,-95.1
77533 30.1,-94.6
77534 29.2,-95.3
77535 30.1,-94.9
77536 29.7,-95.1
77538 30,-94.5
77539 29.5,-95
77541 29,-95.3
77545 29.5,-95.5
77546 29.5,-95.2
77547 29.7,-95.2
77550 29.3,-94.8
77551 29.3,-94.8
77554 29.2,-94.9
77555 29.3,-94.8
77560 29.9,-94.6
77561 30.1,-94.7
77562 29.8,-95.1
77563 29.3,-95
77564 30.2,-94.7
77565 29.5,-95
77566 29.1,-95.5
77568 29.4,-95
77571 29.7,-95.1
77573 29.5,-95.1
77575 30.1,-94.8
77577 29.3,-95.3
77578 29.5,-95.4
77580 29.9,-94.9
77581 29.6,-95.3
77582 30,-94.7
77583 29.4,-95.5
77584 29.5,-95.4
77585 30.3,-94.5
77586 29.6,-95
77587 29.7,-95.2
77590 29.4,-94.9
77591 29.4,-95
77597 29.8,-94.7
77598 29.5,-95.1
77611 30,-93.8
77612 30.4,-93.9
77613 30,-94.4
77614 30.3,-93.7
77615 30.4,-94.1
77616 30.6,-94.2
77617 29.5,-94.5
77619 29.9,-93.9
77622 29.9,-94.3
77623 29.6,-94.4
77624 30.7,-94.3
77625 30.4,-94.4
77627 30,-94
77629 30,-94.4
77630 30.1,-93.9
77632 30.2,-93.8
77640 29.9,-93.9
77642 30,-93.9
77650 29.4,-94.7
77651 30,-93.9
77655 29.7,-93.9
77656 30.4,-94.2
77657 30.2,-94.2
77659 30.2,-94.4
77660 30.6,-94.1
77661 29.8,-94.4
77662 30.2,-94
77663 30.5,-94.4
77664 30.6,-94.4
77665 29.8,-94.4
77701 30.1,-94.1
77702 30.1,-94.1
77703 30.1,-94.1
77705 29.9,-94.2
77706 30.1,-94.2
77707 30.1,-94.2
77708 30.2,-94.2
77713 30.1,-94.3
77801 30.6,-96.4
77802 30.7,-96.3
77803 30.7,-96.4
77807 30.7,-96.5
77808 30.8,-96.3
77830 30.5,-96
77831 30.7,-95.9
77833 30.2,-96.4
77835 30.2,-96.6
77836 30.5,-96.7
77837 31,-96.7
77840 30.6,-96.3
77843 30.6,-96.3
77845 30.6,-96.3
77852 30.4,-96.8
77853 30.4,-96.8
77855 31.2,-96.1
77856 31.1,-96.4
77857 30.8,-96.8
77859 30.9,-96.5
77861 30.7,-96.1
77863 30.4,-96.6
77864 31,-95.9
77865 31.2,-96.2
77866 30.5,-96.2
77867 30.7,-96.6
77868 30.4,-96
77871 31.1,-96.1
77872 30.9,-96.1
77873 30.6,-95.8
77875 30.6,-95.9
77876 30.6,-95.9
77878 30.5,-96.4
77879 30.4,-96.5
77880 30.3,-96.2
77882 30.9,-96.4
77901 28.8,-97
77904 28.9,-97
77905 28.7,-97.1
77950 28.2,-96.9
77951 28.6,-96.9
77954 29.1,-97.3
77957 29,-96.7
77960 28.7,-97.3
77961 28.8,-96.4
77962 29,-96.5
77963 28.7,-97.4
77964 29.4,-96.8
77968 28.9,-96.9
77969 28.8,-96.7
77970 28.8,-96.4
77971 28.8,-96.5
77973 28.5,-97
77974 28.9,-97.3
77975 29.6,-97.1
77976 28.9,-97.1
77977 28.7,-96.8
77978 28.7,-96.6
77979 28.6,-96.6
77982 28.4,-96.5
77983 28.4,-96.7
77984 29.5,-97.2
77986 29.5,-96.8
77987 29.3,-97.1
77988 28.8,-96.9
77990 28.5,-96.9
77991 28.8,-96.6
77993 28.9,-97.4
77994 29.2,-97.5
77995 29.2,-97.1
78001 28.2,-99.2
78002 29.3,-98.7
78003 29.7,-99.1
78004 29.9,-98.5
78005 28.9,-98.8
78006 29.9,-98.7
78007 28.5,-98.4
78008 28.7,-98.3
78009 29.4,-98.9
78010 29.9,-99
78011 28.8,-98.7
78012 28.8,-98.5
78013 30,-98.9
78014 28.4,-99.1
78015 29.7,-98.7
78016 29.2,-99
78017 28.7,-99.2
78019 28,-99.3
78021 28.4,-98.8
78022 28.2,-98.2
78023 29.6,-98.8
78024 30,-99.5
78025 30.1,-99.3
78026 28.7,-98.6
78027 30,-98.5
78028 30,-99.2
78029 29.9,-99.2
78039 29.3,-98.8
78040 27.5,-99.5
78041 27.6,-99.5
78043 27.6,-99.3
78044 27.7,-99.2
78045 27.8,-99.7
78046 27.4,-99.4
78050 29.1,-98.5
78052 29.2,-98.8
78055 29.8,-99.3
78056 29.5,-98.9
78057 29,-99
78058 30.1,-99.6
78059 29.2,-98.8
78061 28.9,-99.1
78062 28.7,-98.2
78063 29.7,-98.9
78064 28.9,-98.4
78065 29.1,-98.6
78066 29.5,-98.9
78067 27.1,-99.4
78069 29.2,-98.7
78070 29.9,-98.4
78071 28.5,-98.2
78072 28.3,-98.6
78073 29.2,-98.6
78074 29.9,-98.8
78075 28.6,-98.3
78076 26.9,-99.1
78101 29.4,-98.2
78102 28.4,-97.7
78104 28.5,-97.8
78107 28.6,-97.6
78108 29.6,-98.2
78109 29.5,-98.3
78111 29,-97.7
78112 29.2,-98.4
78113 28.9,-98.1
78114 29.1,-98.2
78116 29.1,-97.7
78117 28.9,-97.9
78118 28.9,-97.9
78119 28.7,-97.9
78121 29.4,-98.1
78122 29.5,-97.7
78123 29.6,-98
78124 29.6,-98.1
78125 28.5,-98
78130 29.7,-98.1
78132 29.8,-98.2
78133 29.9,-98.3
78140 29.3,-97.8
78141 28.9,-97.6
78142 28.5,-97.8
78143 29.3,-97.9
78144 29,-97.9
78145 28.6,-98
78146 28.6,-97.8
78147 29.1,-98.1
78148 29.5,-98.3
78150 29.5,-98.3
78151 28.9,-97.7
78152 29.4,-98.2
78154 29.5,-98.3
78155 29.5,-97.9
78159 29.2,-97.6
78160 29.2,-97.9
78161 29.3,-98.1
78162 28.6,-97.8
78163 29.8,-98.4
78164 29,-97.5
78201 29.5,-98.5
78202 29.4,-98.5
78203 29.4,-98.5
78204 29.4,-98.5
78205 29.4,-98.5
78207 29.4,-98.5
78208 29.4,-98.5
78209 29.5,-98.5
78210 29.4,-98.5
78211 29.3,-98.6
78212 29.5,-98.5
78213 29.5,-98.5
78214 29.3,-98.5
78215 29.4,-98.5
78216 29.5,-98.5
78217 29.5,-98.4
78218 29.5,-98.4
78219 29.4,-98.4
78220 29.4,-98.4
78221 29.3,-98.5
78222 29.4,-98.4
78223 29.3,-98.4
78224 29.3,-98.5
78225 29.4,-98.5
78226 29.4,-98.6
78227 29.4,-98.6
78228 29.5,-98.6
78229 29.5,-98.6
78230 29.5,-98.6
78231 29.6,-98.5
78232 29.6,-98.5
78233 29.6,-98.4
78234 29.5,-98.4
78235 29.3,-98.4
78236 29.4,-98.6
78237 29.4,-98.6
78238 29.5,-98.6
78239 29.5,-98.4
78240 29.5,-98.6
78242 29.4,-98.6
78243 29.4,-98.6
78244 29.5,-98.4
78245 29.4,-98.7
78247 29.6,-98.4
78248 29.6,-98.5
78249 29.6,-98.6
78250 29.5,-98.7
78251 29.5,-98.7
78252 29.3,-98.7
78253 29.5,-98.8
78254 29.5,-98.7
78255 29.6,-98.7
78256 29.6,-98.6
78257 29.6,-98.6
78258 29.6,-98.5
78259 29.6,-98.4
78260 29.7,-98.5
78261 29.7,-98.4
78263 29.3,-98.3
78264 29.2,-98.5
78266 29.7,-98.3
78330 27.8,-97.9
78332 27.7,-98.1
78336 27.9,-97.2
78338 26.9,-97.7
78339 27.8,-97.8
78340 28.1,-97.2
78341 27.6,-98.5
78342 27.7,-98.1
78343 27.6,-97.8
78344 27.6,-98.9
78347 27.6,-97.5
78349 27.4,-98.3
78351 27.7,-97.8
78352 28,-97.7
78353 26.9,-98.2
78355 27.2,-98.2
78357 27.9,-98.6
78358 28.1,-97
78359 27.9,-97.3
78360 26.9,-98.8
78361 27.1,-98.7
78362 27.9,-97.2
78363 27.4,-97.9
78368 28.1,-97.8
78369 27.4,-99.1
78370 27.9,-97.6
78371 27.5,-99.1
78372 28,-98.1
78373 27.8,-97.1
78374 27.9,-97.3
78375 27.4,-98.2
78376 27.4,-98.5
78377 28.3,-97.2
78379 27.3,-97.8
78380 27.8,-97.7
78382 28.1,-97
78383 28.1,-97.9
78384 27.7,-98.5
78385 27.1,-97.8
78387 28.1,-97.5
78389 28.2,-97.7
78390 28,-97.3
78391 28.2,-97.7
78393 28.2,-97.4
78401 27.8,-97.4
78402 27.9,-97.4
78404 27.8,-97.4
78405 27.8,-97.4
78406 27.8,-97.5
78407 27.8,-97.4
78408 27.8,-97.4
78409 27.8,-97.5
78410 27.8,-97.6
78411 27.7,-97.4
78412 27.7,-97.3
78413 27.7,-97.4
78414 27.7,-97.4
78415 27.7,-97.5
78416 27.7,-97.4
78417 27.7,-97.5
78418 27.4,-97.3
78419 27.7,-97.3
78501 26.2,-98.2
78503 26.2,-98.2
78504 26.3,-98.2
78516 26.1,-98.1
78520 26,-97.5
78521 25.9,-97.3
78526 26,-97.5
78535 26.2,-97.7
78536 26.6,-98.4
78537 26.2,-98.1
78538 26.4,-98
78539 26.3,-98.2
78540 26.5,-98
78541 26.5,-98.3
78542 26.4,-98.1
78543 26.3,-98
78545 26.6,-99.1
78547 26.3,-98.7
78548 26.3,-98.7
78549 26.5,-98
78550 26.3,-97.7
78552 26.2,-97.8
78557 26.1,-98.3
78558 26.3,-98
78559 26.1,-97.8
78560 26.3,-98.5
78561 26.5,-97.9
78562 26.3,-97.9
78563 26.7,-98.3
78564 26.7,-99.1
78565 26.2,-98.6
78566 26.1,-97.4
78567 26,-97.7
78569 26.4,-97.7
78570 26.2,-97.9
78572 26.2,-98.4
78573 26.3,-98.3
78574 26.3,-98.4
78575 26,-97.6
78576 26.3,-98.5
78577 26.2,-98.2
78578 26,-97.3
78579 26.1,-97.9
78580 26.5,-97.7
78582 26.5,-98.7
78583 26.3,-97.5
78584 26.6,-99
78585 26.5,-99.1
78586 26.1,-97.6
78588 26.7,-98.4
78589 26.2,-98.2
78590 26.5,-97.6
78591 26.6,-98.6
78592 26.1,-97.8
78593 26.3,-97.8
78594 26.3,-97.8
78595 26.3,-98.5
78596 26.1,-98
78597 26.3,-97.3
78598 26.5,-97.4
78599 26.2,-98
78602 30.1,-97.3
78605 30.8,-98
78606 30.1,-98.5
78607 30.8,-98.5
78608 30.9,-97.9
78609 30.7,-98.5
78610 30.1,-97.8
78611 30.8,-98.3
78612 30.1,-97.5
78613 30.5,-97.8
78614 29.4,-97.6
78615 30.5,-97.4
78616 29.9,-97.6
78617 30.1,-97.6
78618 30.5,-99.2
78619 30.1,-98
78620 30.2,-98.1
78621 30.3,-97.4
78622 29.8,-97.8
78623 30,-98.2
78624 30.3,-98.9
78626 30.7,-97.6
78628 30.7,-97.8
78629 29.5,-97.4
78631 30.3,-99.3
78632 29.7,-97.5
78633 30.7,-97.8
78634 30.6,-97.5
78635 30.2,-98.5
78636 30.3,-98.4
78638 29.7,-97.8
78639 30.7,-98.5
78640 30,-97.8
78641 30.6,-97.9
78642 30.7,-97.9
78643 30.7,-98.7
78644 29.9,-97.7
78645 30.5,-98
78648 29.7,-97.6
78650 30.3,-97.2
78652 30.1,-97.9
78653 30.3,-97.5
78654 30.6,-98.2
78655 29.8,-97.8
78656 29.9,-97.8
78657 30.5,-98.4
78658 29.6,-97.6
78659 30.2,-97.1
78660 30.4,-97.6
78661 29.7,-97.8
78662 29.9,-97.4
78663 30.4,-98.3
78664 30.5,-97.6
78665 30.5,-97.6
78666 29.9,-98
78669 30.4,-98.1
78670 29.8,-97.8
78671 30.2,-98.6
78672 30.9,-98.5
78674 30.7,-97.6
78675 30.4,-98.7
78676 30,-98.2
78677 29.3,-97.6
78681 30.5,-97.7
78701 30.3,-97.7
78702 30.3,-97.7
78703 30.3,-97.8
78704 30.2,-97.8
78705 30.3,-97.7
78712 30.3,-97.7
78717 30.5,-97.8
78719 30.1,-97.7
78721 30.3,-97.7
78722 30.3,-97.7
78723 30.3,-97.7
78724 30.3,-97.6
78725 30.2,-97.6
78726 30.4,-97.8
78727 30.4,-97.7
78728 30.5,-97.7
78729 30.5,-97.8
78730 30.4,-97.8
78731 30.3,-97.8
78732 30.4,-97.9
78733 30.3,-97.9
78734 30.4,-97.9
78735 30.3,-97.9
78736 30.2,-97.9
78737 30.2,-98
78738 30.3,-98
78739 30.2,-97.9
78741 30.2,-97.7
78742 30.2,-97.7
78744 30.2,-97.7
78745 30.2,-97.8
78746 30.3,-97.8
78747 30.1,-97.7
78748 30.2,-97.8
78749 30.2,-97.9
78750 30.4,-97.8
78751 30.3,-97.7
78752 30.3,-97.7
78753 30.4,-97.7
78754 30.4,-97.6
78756 30.3,-97.7
78757 30.4,-97.7
78758 30.4,-97.7
78759 30.4,-97.8
78801 29.4,-99.9
78802 29.1,-99.9
78827 28.4,-99.7
78828 29.8,-100
78829 28.9,-99.6
78830 28.5,-99.5
78832 29.4,-100.4
78833 29.7,-100
78834 28.5,-99.9
78836 28.3,-99.6
78837 29.9,-101.3
78838 29.5,-99.7
78839 28.7,-99.7
78840 29.7,-100.9
78841 29.8,-101.5
78842 29.6,-101
78843 29.3,-100.8
78850 29.3,-99.3
78851 30.2,-101.9
78852 28.9,-100.2
78860 28.4,-100.2
78861 29.4,-99.2
78870 29.3,-99.6
78871 29.9,-101.6
78872 28.9,-99.9
78873 29.8,-99.7
78877 29,-100.6
78879 29.6,-99.7
78880 30,-100.3
78881 29.4,-99.5
78883 29.7,-99.3
78884 29.6,-99.5
78885 29.8,-99.6
78886 29.2,-99.2
78931 30,-96.4
78932 30.2,-96.7
78933 29.8,-96.4
78934 29.7,-96.6
78935 29.7,-96.4
78938 29.8,-96.7
78940 29.9,-96.7
78941 29.7,-97.2
78942 30.2,-96.9
78943 29.7,-96.6
78944 30,-96.5
78945 29.9,-96.9
78946 30.2,-96.8
78947 30.4,-97.1
78948 30.3,-97
78949 29.8,-97.1
78950 29.9,-96.5
78951 29.6,-96.8
78953 29.8,-97.4
78954 30,-96.7
78956 29.7,-96.9
78957 30,-97.2
78959 29.7,-97.3
78962 29.7,-96.7
78963 29.9,-97
79001 35.3,-102.8
79002 35.2,-100.8
79003 35.6,-100.1
79005 36.4,-100.5
79007 35.7,-101.4
79008 35.7,-101.4
79009 34.5,-102.9
79010 35.5,-102.1
79011 35.6,-100.2
79012 35.1,-102.1
79013 36,-102
79014 35.9,-100.3
79015 34.9,-101.9
79016 35,-101.9
79018 35.7,-102.3
79019 35,-101.4
79021 34,-102
79022 36.1,-102.6
79024 36.4,-100.4
79025 34.9,-102.2
79027 34.5,-102.3
79029 35.9,-102
79031 34.2,-102.4
79032 34.3,-101.9
79033 36.3,-101
79034 36.4,-100.2
79035 34.7,-102.8
79036 35.6,-101.5
79039 35.2,-101.1
79040 36.3,-101.6
79041 34,-101.9
79042 34.7,-101.9
79043 34.4,-102.1
79044 35.9,-102.4
79045 34.9,-102.5
79046 36.1,-100.1
79051 36.4,-102.2
79052 34.4,-101.8
79053 34.4,-102.6
79054 35.4,-100.8
79056 36.2,-100.2
79057 35.2,-100.6
79058 35.6,-102
79059 35.8,-100.7
79061 35.5,-100.5
79062 36,-101.5
79063 34.5,-102.1
79064 34.2,-102.1
79065 35.5,-100.9
79066 35.5,-101
79068 35.3,-101.4
79070 36.2,-100.8
79072 34.2,-101.7
79073 34,-101.9
79078 35.7,-101.6
79079 35.2,-100.2
79080 35.7,-101.2
79081 36.2,-101.2
79082 34.2,-102.3
79083 35.9,-101.5
79084 36.3,-102
79085 34.7,-102.5
79086 36.1,-101.8
79087 36.3,-102.9
79088 34.6,-101.7
79091 34.9,-102.1
79092 35.3,-102.5
79093 36.3,-101
79094 34.8,-101.5
79095 34.9,-100.2
79096 35.5,-100.2
79097 35.4,-101.2
79098 35.2,-102.2
79101 35.2,-101.8
79102 35.2,-101.8
79103 35.2,-101.8
79104 35.2,-101.8
79106 35.2,-101.9
79107 35.2,-101.8
79108 35.3,-101.7
79109 35.2,-101.9
79110 35.2,-101.9
79111 35.2,-101.7
79118 35.1,-101.7
79119 35.1,-102
79121 35.2,-101.9
79124 35.3,-102
79201 34.4,-100.3
79220 33.8,-100.8
79223 34.2,-100.5
79225 34.2,-99.5
79226 34.9,-101
79227 33.9,-99.7
79229 33.7,-100.7
79230 34.7,-100.1
79231 33.9,-101.1
79233 34.5,-100.5
79234 34.2,-100.9
79235 33.9,-101.3
79236 33.6,-100.3
79237 34.9,-100.7
79239 34.7,-100.8
79240 34.9,-100.8
79241 34.2,-101.4
79243 33.8,-101
79244 34.1,-100.8
79245 34.7,-100.5
79247 34.4,-99.4
79248 33.9,-100.2
79250 33.9,-101.6
79251 34.9,-100.5
79252 34.3,-99.8
79255 34.3,-101.1
79256 33.9,-100.8
79257 34.4,-101.3
79258 34.2,-101.3
79259 34.4,-100.5
79261 34.4,-100.9
79311 33.9,-101.9
79312 34,-102.3
79313 33.8,-102.2
79314 33.6,-103
79316 33.1,-102.3
79322 33.7,-101.2
79323 32.9,-102.9
79324 33.9,-102.7
79325 34.4,-102.9
79326 34.1,-102.2
79329 33.7,-101.7
79330 33,-101.3
79331 32.7,-102
79336 33.6,-102.4
79339 33.9,-102.4
79342 32.9,-102.3
79343 33.6,-101.6
79344 33.9,-103
79345 33.3,-102.3
79346 33.6,-102.8
79347 34.2,-102.8
79350 33.7,-101.8
79351 32.9,-101.8
79353 33.8,-102.6
79355 33.2,-102.9
79356 33.3,-101.3
79357 33.6,-101.4
79358 33.4,-102.2
79359 32.9,-102.5
79360 32.7,-102.7
79363 33.7,-102
79364 33.4,-101.6
79366 33.5,-101.7
79367 33.6,-102.2
79369 33.9,-102.2
79370 33.4,-100.9
79371 34,-102.7
79372 33.4,-102.5
79373 33.2,-101.8
79376 33.2,-102.6
79377 32.9,-102.1
79378 33,-102.4
79379 33.5,-102.7
79380 33.7,-102.3
79381 33.3,-101.8
79382 33.5,-102
79383 33.3,-101.9
79401 33.6,-101.9
79402 33.6,-101.8
79403 33.6,-101.8
79404 33.5,-101.8
79406 33.6,-101.9
79407 33.6,-102.1
79410 33.6,-101.9
79411 33.6,-101.9
79412 33.5,-101.9
79413 33.5,-101.9
79414 33.5,-101.9
79415 33.7,-101.9
79416 33.6,-102
79423 33.4,-101.9
79424 33.5,-101.9
79501 32.7,-99.9
79502 33.2,-100.3
79503 32.9,-99.7
79504 32.3,-99.4
79505 33.6,-99.8
79506 32.1,-100.3
79508 32.3,-99.8
79510 32.3,-99.5
79511 32.4,-101.3
79512 32.3,-100.9
79517 32.9,-101.2
79518 33.3,-100.7
79519 32,-99.7
79520 32.9,-100.1
79521 33.1,-99.6
79525 32.7,-99.8
79526 32.7,-100.8
79527 32.6,-101.1
79528 33.2,-100.6
79529 33.4,-99.8
79530 32.1,-99.8
79532 32.4,-100.7
79533 32.8,-99.5
79534 32.8,-100.2
79535 32.2,-100.5
79536 32.5,-100
79537 32.3,-100.2
79538 32,-99.7
79539 33.4,-99.9
79540 33.2,-100.1
79541 32.1,-99.8
79543 32.7,-100.4
79544 33.3,-99.9
79545 32.4,-100.6
79546 32.9,-100.5
79547 33.2,-99.9
79548 33.1,-99.9
79549 32.9,-100.9
79553 32.9,-99.9
79556 32.5,-100.4
79560 32.7,-100.2
79561 32.5,-100.2
79562 32.2,-99.9
79563 32.4,-99.9
79565 32.4,-101.1
79566 32.2,-100.1
79567 32,-100
79601 32.6,-99.6
79602 32.3,-99.7
79603 32.3,-99.9
79605 32.4,-99.8
79606 32.4,-99.8
79607 32.4,-99.8
79699 32.5,-99.7
79701 32,-102.1
79703 32,-102.1
79705 32.1,-102.1
79706 31.8,-102
79707 32,-102.2
79713 32.5,-101.7
79714 32.3,-102.6
79718 31,-103.7
79719 31.5,-103.4
79720 32.2,-101.5
79721 32.2,-101.5
79730 31.2,-103.1
79731 31.4,-102.6
79733 32.1,-101.4
79734 30.7,-104
79735 30.8,-102.9
79738 32.8,-101.5
79739 31.8,-101.5
79741 32,-102.6
79742 31.4,-102.9
79743 31.2,-102.8
79744 30.9,-101.9
79745 31.8,-103.1
79748 32.4,-101.7
79749 32.3,-101.8
79752 31.1,-102.2
79754 31.8,-103.5
79755 31.5,-102
79756 31.5,-102.9
79758 32,-102.3
79759 31.8,-102.6
79761 31.9,-102.3
79762 31.9,-102.4
79763 31.8,-102.5
79764 31.9,-102.5
79765 31.9,-102.3
79766 31.7,-102.4
79769 31.7,-102.6
79770 31.9,-103.9
79772 31.4,-103.6
79776 31.8,-102.6
79777 31.5,-103.2
79778 31.3,-102
79780 31,-103.7
79781 30.6,-101.8
79782 32.2,-101.9
79783 32.3,-102.1
79785 31.3,-103.9
79788 31.6,-103
79789 31.8,-103.3
79821 32,-106.6
79830 30.2,-103.6
79832 30.4,-103.6
79834 29.2,-103.3
79835 31.9,-106.6
79836 31.6,-106.2
79837 32.1,-105.2
79838 31.5,-106.2
79839 31.4,-105.6
79842 30,-103
79843 29.9,-104.4
79845 29.7,-104.4
79846 29.4,-104
79847 31.7,-105.2
79848 30.1,-102.4
79849 31.6,-106.3
79851 31.3,-105.3
79852 29.4,-103.6
79853 31.4,-106.1
79854 30.6,-104.6
79855 30.9,-104.9
79901 31.8,-106.5
79902 31.8,-106.5
79903 31.8,-106.4
79904 31.8,-106.5
79905 31.8,-106.4
79906 31.8,-106.4
79907 31.7,-106.3
79908 31.8,-106.4
79911 31.9,-106.5
79912 31.8,-106.5
79915 31.7,-106.4
79916 31.9,-106.4
79918 31.8,-106.4
79920 31.8,-106.5
79922 31.8,-106.6
79924 31.9,-106.4
79925 31.8,-106.4
79927 31.6,-106.3
79928 31.7,-106.1
79930 31.8,-106.5
79932 31.9,-106.6
79934 32,-106.4
79935 31.8,-106.3
79936 31.8,-106.3
79938 31.8,-106
80002 39.8,-105.1
80003 39.8,-105.1
80004 39.8,-105.1
80005 39.9,-105.1
80007 39.9,-105.2
80010 39.7,-104.9
80011 39.7,-104.8
80012 39.7,-104.8
80013 39.7,-104.8
80014 39.7,-104.8
80015 39.6,-104.8
80016 39.6,-104.7
80017 39.7,-104.8
80018 39.7,-104.7
80019 39.8,-104.7
80020 39.9,-105.1
80021 39.9,-105.1
80022 39.9,-104.8
80023 40,-105
80024 39.8,-104.9
80025 39.9,-105.3
80026 40,-105.1
80027 40,-105.2
80030 39.8,-105
80031 39.9,-105
80033 39.8,-105.1
80045 39.7,-104.8
80101 39.4,-103.9
80102 39.7,-104.4
80103 39.8,-104.1
80104 39.3,-104.8
80105 39.6,-104
80106 39.2,-104.5
80107 39.4,-104.6
80108 39.4,-104.9
80109 39.4,-104.9
80110 39.6,-105
80111 39.6,-104.9
80112 39.6,-104.9
80113 39.6,-105
80116 39.3,-104.7
80117 39.4,-104.4
80118 39.2,-104.9
80120 39.6,-105
80121 39.6,-105
80122 39.6,-105
80123 39.6,-105.1
80124 39.5,-104.9
80125 39.5,-105.1
80126 39.5,-105
80127 39.5,-105.2
80128 39.6,-105.1
80129 39.5,-105
80130 39.5,-104.9
80131 39.5,-105
80132 39.1,-104.9
80133 39.1,-104.9
80134 39.5,-104.8
80135 39.3,-105.2
80136 39.8,-104.3
80137 39.7,-104.6
80138 39.5,-104.7
80202 39.8,-105
80203 39.7,-105
80204 39.7,-105
80205 39.8,-105
80206 39.7,-105
80207 39.8,-104.9
80209 39.7,-105
80210 39.7,-105
80211 39.8,-105
80212 39.8,-105
80214 39.7,-105.1
80215 39.7,-105.1
80216 39.8,-105
80218 39.7,-105
80219 39.7,-105
80220 39.7,-104.9
80221 39.8,-105
80222 39.7,-104.9
80223 39.7,-105
80224 39.7,-104.9
80226 39.7,-105.1
80227 39.7,-105.1
80228 39.7,-105.2
80229 39.9,-105
80230 39.7,-104.9
80231 39.7,-104.9
80232 39.7,-105.1
80233 39.9,-104.9
80234 39.9,-105
80235 39.6,-105.1
80236 39.7,-105
80237 39.6,-104.9
80238 39.8,-104.9
80239 39.8,-104.8
80241 39.9,-105
80246 39.7,-104.9
80247 39.7,-104.9
80249 39.9,-104.7
80260 39.9,-105
80264 39.7,-105
80266 39.8,-104.9
80290 39.7,-105
80293 39.7,-105
80294 39.7,-105
80301 40,-105.2
80302 40,-105.3
80303 40,-105.2
80304 40,-105.3
80305 40,-105.2
80310 40,-105.3
80401 39.7,-105.2
80403 39.8,-105.3
80419 39.7,-105.2
80420 39.3,-106.1
80421 39.5,-105.5
80422 39.9,-105.5
80423 39.8,-106.6
80424 39.5,-106
80425 39.4,-105.2
80426 39.9,-107
80427 39.8,-105.5
80428 40.8,-106.9
80430 40.5,-106.4
80432 39.2,-105.8
80433 39.5,-105.3
80434 40.9,-106.3
80435 39.6,-105.9
80436 39.8,-105.6
80438 39.7,-105.8
80439 39.6,-105.4
80440 39.1,-106.1
80442 39.9,-105.9
80443 39.5,-106.2
80444 39.6,-105.7
80446 40.2,-105.9
80447 40.3,-105.8
80448 39.5,-105.8
80449 38.9,-105.8
80451 40,-106
80452 39.7,-105.6
80453 39.7,-105.2
80454 39.6,-105.2
80455 40.1,-105.4
80456 39.3,-105.7
80457 39.7,-105.3
80459 40.2,-106.4
80461 39.2,-106.3
80463 40,-106.8
80465 39.6,-105.2
80466 40,-105.5
80467 40.2,-106.8
80468 39.9,-106.1
80469 40.2,-107
80470 39.4,-105.3
80471 39.9,-105.4
80473 40.4,-106.2
80474 39.9,-105.6
80475 39.4,-105.6
80476 39.7,-105.8
80478 40,-105.9
80479 40,-106.8
80480 40.7,-106.3
80481 40.1,-105.6
80482 39.9,-105.8
80483 40.1,-106.9
80487 40.6,-106.9
80498 39.7,-106.3
80501 40.2,-105.1
80503 40.2,-105.2
80504 40.2,-105
80510 40.2,-105.6
80512 40.6,-105.6
80513 40.3,-105.1
80514 40.1,-105
80515 40.5,-105.4
80516 40.1,-105
80517 40.4,-105.6
80520 40.1,-104.9
80521 40.6,-105.1
80524 40.6,-105
80525 40.5,-105
80526 40.5,-105.1
80528 40.5,-105
80530 40.1,-104.9
80532 40.5,-105.5
80534 40.3,-104.9
80535 40.7,-105.2
80536 40.9,-105.4
80537 40.4,-105.2
80538 40.5,-105.2
80540 40.2,-105.4
80542 40.2,-105
80543 40.3,-104.9
80544 40.1,-105.2
80545 40.8,-105.7
80546 40.5,-104.9
80547 40.5,-105
80549 40.9,-105
80550 40.5,-104.9
80601 40,-104.8
80602 40,-104.9
80603 40,-104.7
80610 40.7,-104.6
80611 40.6,-104.2
80612 40.9,-104.8
80615 40.5,-104.6
80620 40.4,-104.7
80621 40.1,-104.8
80622 40.5,-104.4
80623 40.3,-104.8
80624 40.4,-104.4
80631 40.4,-104.7
80634 40.4,-104.8
80640 39.9,-104.9
80642 40.1,-104.6
80643 40.1,-104.5
80644 40.3,-104.4
80645 40.3,-104.6
80646 40.5,-104.7
80648 40.8,-104.7
80649 40.4,-104.2
80650 40.6,-104.8
80651 40.2,-104.8
80652 40.1,-104.3
80653 40.4,-104
80654 40.1,-104.1
80701 40.1,-103.8
80705 40.3,-103.8
80720 40.1,-103.2
80721 40.7,-102.2
80722 40.5,-103.2
80723 40.2,-103.5
80726 40.9,-102.8
80727 40,-102.5
80728 40.6,-102.9
80729 40.9,-104.2
80731 40.6,-102.6
80732 41,-104.3
80733 40.4,-103.5
80734 40.5,-102.3
80735 39.7,-102.2
80736 40.8,-103
80737 40.9,-102.2
80740 39.7,-103.4
80741 40.6,-103.5
80742 40.8,-103.8
80743 40.2,-103
80744 40.9,-102.4
80745 40.9,-103.4
80746 40.6,-102.5
80747 40.9,-103.2
80749 40.9,-102.5
80750 40.4,-103.6
80751 40.7,-103.2
80754 40.7,-103.6
80755 39.9,-102.3
80757 39.8,-103.6
80758 40.1,-102.2
80759 40.1,-102.7
80801 39.7,-103.1
80802 38.8,-102.2
80804 39.3,-103.2
80805 39.3,-102.4
80807 39.3,-102.2
80808 39,-104.3
80809 38.9,-105
80810 38.8,-102.4
80812 39.6,-102.8
80813 38.8,-105.1
80814 38.9,-105.2
80815 39.4,-103.1
80816 38.9,-105.3
80817 38.6,-104.7
80818 39.4,-103.5
80819 38.9,-105
80820 38.8,-105.6
80821 39,-103.4
80822 39.7,-102.7
80823 38.7,-103.4
80824 39.7,-102.5
80825 38.8,-102.8
80826 39.2,-103.7
80827 39.1,-105.5
80828 39.3,-103.7
80829 38.8,-104.9
80830 39.1,-103.9
80831 39,-104.5
80832 38.9,-103.8
80833 38.8,-104
80834 39.3,-102.9
80835 39.2,-104
80836 39.3,-102.6
80840 39,-104.9
80860 38.7,-105.1
80861 39.3,-102.8
80862 38.9,-103.1
80863 39,-105.1
80864 38.7,-104.2
80902 38.7,-104.8
80903 38.8,-104.8
80904 38.9,-104.9
80905 38.8,-104.8
80906 38.8,-104.9
80907 38.9,-104.8
80908 39,-104.7
80909 38.9,-104.8
80910 38.8,-104.8
80911 38.8,-104.7
80913 38.7,-104.7
80914 38.8,-104.7
80915 38.8,-104.7
80916 38.8,-104.7
80917 38.9,-104.7
80918 38.9,-104.8
80919 38.9,-104.9
80920 39,-104.8
80921 39.1,-104.8
80922 38.9,-104.7
80923 38.9,-104.7
80924 39,-104.7
80925 38.8,-104.6
80926 38.6,-104.9
80927 38.9,-104.7
80928 38.6,-104.4
80929 38.8,-104.6
80930 38.8,-104.5
80938 38.9,-104.7
80939 38.9,-104.7
80951 38.9,-104.7
81001 38.3,-104.5
81003 38.3,-104.7
81004 38,-104.7
81005 38.2,-104.8
81006 38.2,-104.5
81007 38.4,-104.8
81008 38.4,-104.6
81019 37.9,-104.8
81020 37.5,-104.6
81021 38.4,-103.4
81022 38,-104.4
81023 38.1,-104.9
81024 37.2,-104.7
81025 38.5,-104.4
81027 37.2,-103.7
81029 37.1,-102.5
81030 38.1,-103.5
81033 38.2,-103.9
81036 38.4,-102.8
81039 37.9,-104.1
81040 37.8,-105.2
81041 37.9,-102.4
81043 38.1,-102.2
81044 37.9,-102.9
81045 38.6,-103.2
81046 37.3,-104.4
81047 38,-102.2
81049 37.3,-103.4
81050 37.9,-103.5
81052 38,-102.6
81054 37.9,-103.2
81055 37.4,-105.1
81057 38.1,-102.9
81058 38.1,-103.9
81059 37.6,-104
81062 38.3,-104
81063 38.4,-103.8
81064 37.2,-103
81067 38,-103.7
81069 37.9,-104.9
81071 38.4,-102.3
81073 37.4,-102.7
81076 38.3,-103.6
81077 38,-103.6
81081 37.1,-104.2
81082 37.2,-104.4
81084 37.6,-102.4
81087 37.4,-102.4
81089 37.6,-104.7
81090 37.4,-102.2
81091 37.1,-105
81092 38.2,-102.9
81101 37.5,-105.9
81120 37.2,-106.3
81121 37,-107.4
81122 37.3,-107.5
81123 37.4,-105.6
81124 37.3,-106.1
81125 37.8,-106.1
81126 37.2,-105.3
81128 37.1,-106.6
81129 37.1,-106
81130 37.7,-107.1
81131 37.9,-105.7
81132 37.7,-106.4
81133 37.5,-105.3
81136 37.7,-105.8
81137 37.1,-107.6
81138 37,-105.6
81140 37.3,-106.2
81141 37.2,-105.9
81143 38.2,-105.8
81144 37.6,-106.1
81146 37.6,-105.7
81147 37.3,-107.1
81148 37.2,-106
81149 38.1,-106.3
81151 37.2,-105.7
81152 37.1,-105.4
81154 37.6,-106.7
81155 38.3,-106.1
81201 38.6,-106.1
81210 38.8,-106.7
81211 39,-106.4
81212 38.5,-105.4
81220 38.3,-107.5
81221 38.4,-105.1
81222 38.4,-105.8
81223 38.4,-105.6
81224 38.9,-106.9
81225 39,-107
81226 38.3,-105.1
81227 38.5,-106.3
81228 39,-106.3
81230 38.4,-107
81232 38.3,-105.6
81233 38.5,-105.8
81235 38,-107.4
81236 38.7,-106.3
81237 38.6,-106.6
81239 38.5,-106.6
81240 38.5,-105
81241 38.6,-106.5
81242 38.5,-106.1
81243 38.3,-107.2
81244 38.4,-105.2
81248 38.4,-106.5
81251 39.1,-106.4
81252 38.1,-105.4
81253 38.2,-105.1
81301 37.5,-107.8
81303 37.1,-107.9
81320 37.7,-108.7
81321 37.3,-108.7
81323 37.7,-108.1
81324 37.6,-109
81325 37.9,-108.7
81326 37.1,-108.1
81327 37.5,-108.7
81328 37.3,-108.3
81330 37.2,-108.5
81331 37.4,-108.9
81332 37.7,-108
81334 37.1,-108.6
81335 37.5,-108.7
81401 38.5,-107.8
81403 38.3,-107.9
81410 38.8,-108
81411 38.3,-109
81413 39,-107.9
81415 38.6,-107.6
81416 38.6,-108.3
81418 38.9,-108.1
81419 38.9,-107.7
81422 38.3,-108.7
81423 38,-108.4
81424 38.3,-108.5
81425 38.5,-108.1
81426 37.9,-107.8
81427 38,-107.6
81428 39,-107.6
81429 38.4,-108.9
81430 38.1,-108.1
81431 38.1,-108.5
81432 38.1,-107.7
81433 37.7,-107.6
81434 39,-107.4
81435 37.9,-107.9
81501 39.1,-108.5
81503 39,-108.5
81504 39.1,-108.5
81505 39.2,-108.6
81506 39.1,-108.6
81507 39,-108.7
81520 39.1,-108.4
81521 39.2,-108.9
81522 38.7,-108.9
81523 38.9,-108.9
81524 39.3,-108.7
81525 39.3,-109
81526 39.1,-108.3
81527 38.8,-108.5
81601 39.6,-107.3
81610 40.3,-108.8
81611 39.2,-106.7
81612 39.1,-106.8
81615 39.2,-106.9
81620 39.6,-106.5
81621 39.4,-106.9
81623 39.2,-107.2
81624 39.2,-107.7
81625 40.7,-107.7
81630 39.5,-108.6
81631 39.6,-106.8
81632 39.6,-106.6
81633 40.4,-108.5
81635 39.5,-108.1
81637 39.8,-107.1
81638 40.3,-107.6
81639 40.6,-107.2
81640 40.7,-108.5
81641 40.1,-107.8
81642 39.3,-106.6
81643 39.1,-108.1
81645 39.5,-106.5
81646 39.1,-108
81647 39.6,-107.5
81648 39.9,-108.8
81649 39.5,-106.3
81650 39.8,-108.1
81652 39.5,-107.7
81653 40.9,-107.2
81654 39.2,-107
81655 39.8,-106.7
81656 39.3,-106.8
81657 39.6,-106.3
82001 41.1,-104.9
82005 41.1,-104.9
82007 41.1,-104.7
82009 41.4,-104.9
82050 41.4,-104.3
82051 41.6,-105.6
82052 41.1,-105.3
82053 41.2,-104.3
82054 41.1,-104.4
82055 41.4,-106.3
82058 42.2,-105.6
82059 41.1,-105.2
82060 41.3,-104.5
82061 41.5,-105.1
82063 40.8,-106
82070 41.2,-105.8
82072 41.4,-105.6
82073 41.2,-105.4
82081 41.5,-104.5
82082 41.3,-104.1
82083 41.7,-106
82084 41.1,-105.5
82190 44.5,-110.6
82201 42,-105.1
82210 41.7,-104.8
82212 42.3,-104.5
82213 42.5,-105
82214 42.3,-104.8
82215 42.5,-104.7
82217 41.8,-104.1
82218 41.9,-104.1
82219 42.5,-104.5
82221 41.6,-104.3
82222 43.2,-104.6
82223 42.1,-104.4
82224 42.8,-104.9
82225 43,-104.3
82227 42.7,-104.7
82229 42.9,-105
82240 42.2,-104.1
82242 42.6,-104.1
82243 42,-104.4
82244 41.9,-104.4
82301 42,-107.5
82310 42.4,-107.9
82321 41.1,-107.7
82322 42.2,-107.5
82323 41,-107.5
82324 41.7,-106.4
82325 41.2,-106.8
82327 42.1,-106.6
82329 42,-106.1
82331 41.4,-106.8
82332 41.1,-107.3
82334 42,-107
82335 41.8,-106.8
82336 41.7,-108.2
82401 44,-108.2
82410 44.4,-108.2
82411 44.4,-108.5
82412 44.8,-108.6
82414 44.4,-109.6
82420 44.9,-108.5
82421 44.9,-108.6
82422 44.5,-108.4
82423 45,-108.6
82426 44.5,-108
82428 44.3,-107.6
82430 43.8,-108.2
82431 44.9,-108.2
82432 44.2,-107.8
82433 44.1,-109.1
82434 44.3,-108.3
82435 44.8,-109.1
82440 44.7,-108.9
82441 44.6,-107.6
82442 43.9,-107.3
82443 43.7,-108.5
82450 44.5,-109.4
82501 43,-108.2
82510 43,-108.6
82512 43,-109.2
82513 43.6,-109.6
82514 43.1,-109
82515 42.9,-108.6
82516 43.2,-108.8
82520 42.7,-108.6
82523 43.4,-108.9
82601 43.1,-106.3
82604 42.9,-106.7
82609 42.8,-106.2
82620 42.5,-107.1
82630 43.3,-107.3
82633 43,-105.4
82635 43.4,-106.2
82636 42.8,-106.2
82637 42.8,-105.9
82638 43.1,-107.3
82639 43.7,-106.7
82640 43.6,-106.1
82642 43.3,-107.7
82643 43.4,-106.3
82644 42.8,-106.4
82646 43,-106.8
82648 43.1,-106.9
82649 43.3,-108
82701 43.7,-104.5
82710 44.7,-104.3
82711 44.7,-104.5
82712 44.5,-104.1
82714 44.6,-104.7
82716 44.5,-105.6
82718 43.9,-105.6
82720 44.8,-104.7
82721 44.5,-104.9
82723 44,-104.4
82725 44.9,-105.7
82727 44.3,-105.2
82729 44.4,-104.4
82730 44,-104.7
82731 44.8,-105.2
82732 43.7,-105.6
82801 44.8,-106.9
82831 44.7,-106
82832 44.6,-106.8
82833 44.6,-107.2
82834 44.3,-106.7
82835 44.8,-106.4
82836 44.8,-107.6
82837 44.7,-106.3
82838 44.9,-107.5
82839 45,-107.2
82842 44.6,-106.9
82844 44.8,-107.2
82845 44.8,-106.7
82901 41.4,-109
82922 43.1,-110.5
82923 42.6,-109.4
82925 43.2,-109.8
82929 41.5,-109.9
82930 41,-110.6
82932 42.1,-109.4
82933 41.3,-110.5
82934 41.6,-110
82935 41.7,-109.7
82936 41.1,-110.2
82937 41.3,-110.3
82938 41.1,-109.9
82939 41.2,-110.3
82941 42.9,-109.7
82942 41.7,-108.8
82943 41.7,-109.2
82944 41.1,-110.5
82945 41.7,-108.9
83001 43.4,-110.6
83011 43.6,-110.5
83012 43.7,-110.8
83013 44,-110.4
83014 43.4,-111
83025 43.6,-110.8
83101 42,-110.5
83110 42.7,-110.8
83111 42.8,-111
83112 42.9,-110.8
83113 42.6,-110.3
83114 42.1,-111
83115 42.9,-110.2
83116 41.8,-110.5
83118 43,-110.9
83119 42.6,-111
83120 43.1,-111.1
83121 41.8,-110.5
83122 42.8,-111
83123 42.2,-110.3
83124 41.8,-110.3
83126 42.6,-110.9
83127 42.9,-111
83128 43,-110.7
83201 42.9,-112.4
83202 43,-112.4
83203 43,-112.4
83204 42.8,-112.5
83209 42.9,-112.4
83210 43,-112.9
83211 42.7,-113.1
83212 42.5,-112.5
83213 43.4,-113.4
83214 42.5,-112.3
83215 43.4,-112.8
83217 42.8,-111.9
83218 43.3,-112.2
83220 42.3,-111.4
83221 43.3,-112.5
83223 42.2,-111.4
83226 44.4,-114
83227 44.2,-114.5
83228 42.2,-112.1
83232 42.1,-112
83233 42.1,-111.2
83234 42.4,-112.1
83235 44.6,-114.1
83236 43.2,-111.9
83237 42,-111.8
83238 42.4,-111.1
83239 42.5,-111.4
83241 42.5,-111.8
83243 42.2,-112.7
83244 43.9,-113
83245 42.9,-112.2
83246 42.6,-112
83250 42.7,-112.2
83251 43.9,-113.9
83252 42.2,-112.4
83253 44.5,-113.8
83254 42.4,-111.2
83255 43.7,-113.5
83261 42.2,-111.4
83262 43.2,-112.8
83263 42.2,-111.8
83271 42.4,-112.9
83272 42.1,-111.4
83274 43.3,-112.1
83276 42.8,-111.4
83277 43.1,-112.7
83278 44.3,-114.8
83281 42.3,-112
83283 42.4,-111.7
83285 43.1,-111.3
83286 42.1,-112
83287 42,-111.5
83301 42.4,-114.5
83302 42.1,-114.7
83311 42.4,-113.6
83312 42.1,-113.6
83313 43.3,-114.2
83314 43,-114.9
83316 42.6,-114.9
83318 42.4,-113.8
83320 43.4,-113.9
83321 42.3,-114.8
83322 43.3,-115
83323 42.5,-113.4
83324 42.9,-114.3
83325 42.6,-114.2
83327 43.5,-114.8
83328 42.6,-114.6
83330 42.9,-114.7
83332 42.8,-114.9
83333 43.6,-114.2
83334 42.4,-114.3
83335 42.6,-114.1
83336 42.6,-113.8
83337 43.2,-115.2
83338 42.7,-114.4
83340 43.7,-114.6
83341 42.4,-114.4
83342 42.1,-113.2
83344 42.4,-114.1
83346 42.2,-113.9
83347 42.7,-113.8
83348 43.3,-114.1
83349 43.1,-114.2
83350 42.7,-113.6
83352 43.1,-114.4
83353 43.7,-114.3
83354 43.7,-114.3
83355 42.8,-114.7
83401 43.5,-111.9
83402 43.5,-112.2
83404 43.4,-112
83406 43.4,-111.9
83414 43.9,-110.9
83420 44.1,-111.3
83421 44,-111.5
83422 43.7,-111.3
83423 44.3,-112.3
83424 43.9,-111.2
83425 43.9,-112.2
83427 43.4,-111.8
83428 43.4,-111.1
83429 44.5,-111.4
83431 43.7,-112
83433 44.5,-111.3
83434 43.8,-112
83435 44,-112.6
83436 43.9,-111.5
83438 44,-111.8
83440 43.8,-111.8
83442 43.6,-111.8
83443 43.5,-111.5
83444 43.7,-112.3
83445 44,-111.7
83446 44.4,-112.2
83448 43.8,-111.7
83449 43.4,-111.4
83450 43.8,-112.4
83451 43.9,-111.6
83452 43.8,-111.3
83454 43.6,-112
83455 43.6,-111.1
83460 43.8,-111.8
83462 45.3,-113.8
83463 45.6,-114
83464 44.5,-113.2
83465 44.8,-113.7
83466 45.4,-114
83467 45,-113.9
83468 44.9,-113.6
83469 45.1,-114.4
83501 46.3,-116.9
83520 46.5,-116.3
83522 45.9,-116.5
83523 46.2,-116.5
83524 46.4,-116.6
83525 45.7,-115.4
83526 46.1,-116.4
83530 45.9,-116
83533 46.1,-116.2
83535 46.5,-116.7
83536 46.2,-116
83537 46.6,-116.5
83539 46.3,-114.8
83540 46.3,-116.8
83541 46.5,-116.5
83542 45.6,-116.3
83543 46.3,-116.2
83544 46.5,-116.2
83545 46.4,-116.4
83546 46.6,-115.8
83547 45.3,-116.3
83548 46.3,-116.5
83549 45.4,-116.3
83552 46,-115.9
83553 46.4,-115.9
83554 45.7,-116.3
83555 46.1,-116.7
83602 44.1,-116.1
83604 42.7,-115.7
83605 43.7,-116.7
83607 43.7,-116.7
83610 44.7,-116.8
83611 45.3,-115.1
83612 44.8,-116.5
83615 44.7,-116
83616 43.8,-116.4
83617 43.9,-116.5
83619 44,-116.9
83622 44.1,-115.9
83623 43,-115.4
83624 42.9,-116.1
83626 43.7,-116.8
83627 42.9,-115.5
83628 43.6,-117
83629 43.9,-116.1
83631 43.9,-115.8
83632 44.5,-116.4
83633 43,-115.2
83634 43.4,-116.3
83636 43.9,-116.7
83637 44.1,-115.2
83638 45.1,-115.7
83639 43.4,-116.9
83641 43.4,-116.6
83642 43.6,-116.4
83643 44.6,-116.5
83644 43.7,-116.6
83645 44.3,-116.6
83646 43.6,-116.4
83647 43.4,-115.5
83648 43,-115.9
83650 42.9,-116.7
83651 43.6,-116.6
83654 45.2,-116.2
83655 44,-116.8
83656 43.7,-116.8
83657 44.2,-116.3
83660 43.8,-116.9
83661 44.1,-116.7
83666 44,-116
83669 43.7,-116.5
83670 44,-116.3
83672 44.4,-117
83676 43.7,-116.9
83677 45,-115.3
83686 43.5,-116.6
83687 43.6,-116.5
83702 43.7,-116.1
83703 43.7,-116.2
83704 43.6,-116.3
83705 43.6,-116.2
83706 43.6,-116.2
83709 43.5,-116.3
83712 43.6,-116.1
83713 43.6,-116.3
83714 43.7,-116.3
83716 43.9,-115.2
83720 43.6,-116.2
83725 43.6,-116.2
83801 48,-116.6
83802 47.3,-115.6
83803 48,-116.4
83804 48,-117
83805 48.8,-116.5
83806 46.9,-116.4
83808 47.3,-116.1
83809 48.1,-116.6
83810 47.5,-116.5
83811 48.1,-116.2
83812 47,-116.3
83813 48.1,-116.7
83814 47.7,-116.7
83815 47.7,-116.8
83821 48.5,-116.8
83822 48.2,-117
83823 46.8,-116.5
83824 47.1,-116.9
83825 48.2,-116.6
83826 49,-116.2
83827 46.8,-116.2
83830 47.1,-116.4
83832 46.6,-116.9
83833 47.5,-116.7
83834 47,-116.7
83835 47.8,-116.7
83836 48.2,-116.2
83837 47.5,-116.1
83839 47.6,-116.2
83840 48.3,-116.5
83841 48.2,-116.8
83842 47.4,-116.5
83843 46.7,-116.9
83844 46.7,-117
83845 48.7,-116.1
83846 47.5,-115.7
83847 48.6,-116.4
83848 48.7,-116.9
83849 47.5,-116
83850 47.4,-116.2
83851 47.3,-116.9
83852 48.3,-116.5
83854 47.7,-117
83855 47,-116.9
83856 48.3,-116.9
83857 46.9,-116.8
83858 47.9,-116.9
83860 48.2,-116.5
83861 47.2,-116.6
83864 48.4,-116.5
83866 47.1,-116.4
83867 47.5,-115.9
83868 47.5,-116.2
83869 48,-116.9
83870 47.1,-116.9
83871 46.7,-116.7
83872 46.9,-117
83873 47.6,-115.8
83874 47.6,-115.8
83876 47.5,-116.9
84001 40.3,-110.3
84002 40.4,-110.3
84003 40.5,-111.7
84004 40.5,-111.7
84005 40.3,-112
84006 40.6,-112.1
84007 40.3,-110.2
84008 40,-109.2
84009 40.6,-112
84010 40.9,-111.8
84013 40.3,-112.1
84014 40.9,-111.8
84015 41.1,-112.1
84017 41,-111.2
84018 41.2,-111.4
84020 40.5,-111.9
84021 40.1,-110.5
84022 40.4,-112.6
84023 40.9,-109.2
84024 41,-111.4
84025 41,-111.9
84026 40.3,-109.8
84027 40.2,-110.8
84028 41.9,-111.4
84029 40.6,-113
84031 40.7,-110.7
84032 40.4,-111.2
84033 41,-111.5
84034 40,-113.9
84035 40.4,-109.3
84036 40.7,-111
84037 41,-111.9
84038 41.9,-111.3
84039 40.4,-109.8
84040 41.1,-111.9
84041 41.1,-112
84042 40.3,-111.7
84043 40.4,-111.9
84044 40.7,-112.1
84045 40.3,-111.9
84046 41,-109.8
84047 40.6,-111.9
84049 40.5,-111.5
84050 41,-111.7
84051 40.4,-110.4
84052 40.2,-110
84053 40.4,-110
84054 40.8,-111.9
84055 40.7,-111.1
84056 41.1,-112
84057 40.3,-111.7
84058 40.3,-111.7
84059 40.3,-111.7
84060 40.6,-111.5
84061 40.8,-111.3
84062 40.4,-111.7
84063 40.2,-109.7
84064 41.7,-111.1
84065 40.5,-111.9
84066 40.3,-110.1
84067 41.2,-112
84069 40.4,-112.5
84070 40.6,-111.9
84071 40.4,-112.3
84072 40.4,-110.6
84073 40.3,-110.4
84074 40.6,-112.3
84075 41.1,-112.1
84076 40.4,-109.8
84078 40.5,-109.5
84080 40,-112.5
84081 40.6,-112
84082 40.3,-111.4
84083 40.8,-113.7
84084 40.6,-112
84085 40.6,-109.9
84086 41.4,-111.2
84087 40.9,-111.9
84088 40.6,-112
84092 40.6,-111.7
84093 40.6,-111.8
84094 40.6,-111.9
84095 40.6,-111.9
84096 40.5,-112.1
84097 40.3,-111.7
84098 40.7,-111.5
84101 40.8,-111.9
84102 40.8,-111.9
84103 40.8,-111.8
84104 40.7,-112
84105 40.7,-111.9
84106 40.7,-111.9
84107 40.7,-111.9
84108 40.8,-111.7
84109 40.7,-111.7
84111 40.8,-111.9
84112 40.8,-111.8
84113 40.8,-111.8
84114 40.8,-111.9
84115 40.7,-111.9
84116 40.9,-112
84117 40.7,-111.8
84118 40.7,-112
84119 40.7,-111.9
84120 40.7,-112
84121 40.6,-111.7
84123 40.7,-111.9
84124 40.7,-111.8
84128 40.7,-112
84129 40.7,-112
84138 40.8,-111.9
84150 40.8,-111.9
84180 40.8,-111.9
84301 41.6,-112.1
84302 41.6,-112.1
84304 41.8,-112
84305 41.9,-112.1
84306 41.8,-112.1
84307 41.5,-112.5
84308 42,-112
84309 41.7,-112.1
84310 41.3,-111.8
84311 41.8,-112.1
84312 41.8,-112.2
84313 41.4,-113.7
84314 41.6,-112.1
84315 41.2,-112.1
84316 41.8,-112.4
84317 41.3,-111.6
84318 41.8,-111.8
84319 41.6,-111.7
84320 42,-111.9
84321 41.8,-111.7
84322 41.8,-111.8
84324 41.5,-111.9
84325 41.7,-112
84326 41.7,-111.8
84327 41.9,-112
84328 41.5,-111.8
84329 41.8,-113.5
84330 41.9,-112.2
84331 41.9,-112.4
84332 41.7,-111.8
84333 41.9,-111.8
84334 41.8,-112.2
84335 41.8,-111.9
84336 41.9,-112.9
84337 41.7,-112.3
84338 41.9,-111.9
84339 41.6,-111.9
84340 41.4,-112.2
84341 41.8,-111.8
84401 41.2,-112
84403 41.2,-111.9
84404 41.3,-112.1
84405 41.1,-112
84408 41.2,-111.9
84414 41.3,-112
84501 39.5,-110.8
84511 37.5,-109.4
84512 37.2,-109.6
84513 39.3,-111
84515 38.9,-109.4
84516 39.1,-111.1
84518 39.4,-110.9
84520 39.5,-110.4
84521 39.4,-110.8
84522 38.9,-111.2
84523 39.1,-111.2
84525 39.1,-110.2
84526 39.7,-111
84528 39.4,-111.1
84529 39.7,-110.8
84530 38.2,-109.4
84531 37.1,-109.8
84532 38.5,-109.4
84533 37.4,-110.5
84534 37.2,-109.3
84535 37.8,-109.3
84536 37.1,-110.2
84537 39.3,-111.2
84539 39.6,-110.4
84540 39.2,-109.5
84542 39.7,-110.5
84601 40.2,-111.7
84602 40.3,-111.7
84604 40.3,-111.6
84606 40.2,-111.6
84620 38.9,-111.9
84621 39.1,-111.8
84622 39.1,-111.8
84623 39.5,-111.6
84624 39.4,-112.6
84626 39.9,-112
84627 39.4,-111.6
84628 39.9,-112.1
84629 39.8,-111.5
84630 39.3,-111.8
84631 39,-112.4
84632 39.6,-111.6
84633 39.9,-111.9
84634 39.2,-111.8
84635 39.4,-112.7
84636 39.1,-112.3
84637 38.7,-112.5
84638 39.5,-112.3
84639 39.5,-111.9
84640 39.5,-112.4
84642 39.3,-111.6
84643 39.1,-111.7
84644 38.8,-112.3
84645 39.9,-111.8
84646 39.5,-111.6
84647 39.5,-111.4
84648 39.7,-111.9
84649 39.3,-112.3
84651 40,-111.7
84652 39,-111.9
84653 40,-111.7
84654 38.9,-111.7
84655 40,-111.8
84656 39.2,-112.1
84657 38.8,-111.9
84660 40,-111.4
84662 39.4,-111.5
84663 40.2,-111.5
84664 40.1,-111.6
84665 39.2,-111.6
84667 39.5,-111.7
84701 38.6,-111.8
84710 37.5,-112.5
84711 38.7,-112
84712 38.1,-112
84713 38.3,-112.5
84714 37.8,-113.8
84715 38.3,-111.6
84716 37.9,-111.4
84718 37.6,-112.1
84719 37.7,-112.8
84720 37.6,-113.3
84721 37.8,-113.1
84722 37.5,-113.6
84723 38.2,-112.2
84724 38.7,-112.2
84725 37.5,-113.8
84726 37.8,-111.6
84728 39.3,-113.9
84729 37.4,-112.7
84730 38.7,-112
84731 38.2,-112.8
84732 38.4,-111.9
84733 37.3,-113.8
84734 38.4,-110.6
84735 37.6,-112.4
84736 37.7,-111.8
84737 37,-113.2
84738 37.2,-113.7
84739 38.6,-112.2
84740 38.3,-112.3
84741 37.2,-112.2
84742 37.5,-113.2
84743 38.2,-112.2
84744 38.6,-111.9
84745 37.2,-113.3
84746 37.2,-113.4
84747 38.4,-111.6
84749 38.4,-111.5
84750 38.4,-112.2
84751 38.4,-112.9
84752 38.3,-112.9
84753 38,-113.9
84754 38.6,-112.1
84755 37.2,-112.8
84756 37.7,-113.5
84757 37.5,-113.3
84758 37.3,-112.8
84759 37.9,-112.4
84760 37.9,-112.7
84761 37.9,-112.9
84762 37.5,-112.7
84763 37.1,-113.1
84764 37.8,-111.9
84765 37.3,-114
84766 38.6,-112.3
84767 37.2,-113
84770 37.1,-113.6
84772 37.8,-112.9
84773 38.3,-111.5
84774 37.2,-113.3
84775 38.3,-111
84776 37.6,-112.1
84779 37.3,-113.1
84780 37.1,-113.5
84781 37.4,-113.5
84782 37.4,-113.7
84783 37.3,-113.7
84784 37,-113
84790 37,-113.6
85003 33.5,-112.1
85004 33.5,-112.1
85006 33.5,-112
85007 33.4,-112.1
85008 33.5,-112
85009 33.4,-112.1
85012 33.5,-112.1
85013 33.5,-112.1
85014 33.5,-112.1
85015 33.5,-112.1
85016 33.5,-112
85017 33.5,-112.1
85018 33.5,-112
85019 33.5,-112.1
85020 33.6,-112.1
85021 33.6,-112.1
85022 33.6,-112
85023 33.6,-112.1
85024 33.7,-112
85026 33.4,-112
85027 33.7,-112.1
85028 33.6,-112
85029 33.6,-112.1
85031 33.5,-112.2
85032 33.6,-112
85033 33.5,-112.2
85034 33.4,-112
85035 33.5,-112.2
85037 33.5,-112.3
85040 33.4,-112
85041 33.4,-112.1
85042 33.4,-112.1
85043 33.4,-112.2
85044 33.3,-112
85045 33.3,-112.1
85048 33.3,-112
85050 33.7,-112
85051 33.6,-112.1
85053 33.6,-112.1
85054 33.7,-111.9
85083 33.7,-112.2
85085 33.8,-112.1
85086 33.8,-112.1
85087 33.9,-112.1
85118 33.4,-111.4
85119 33.4,-111.5
85120 33.4,-111.6
85121 33.1,-111.9
85122 32.9,-111.7
85123 32.7,-111.7
85128 33,-111.5
85131 32.7,-111.6
85132 32.9,-111.2
85135 33,-110.8
85137 33.1,-111
85138 33,-112
85139 32.9,-112.2
85140 33.2,-111.5
85141 32.6,-111.4
85142 33.2,-111.7
85143 33.2,-111.5
85145 32.5,-111.4
85147 33.1,-111.7
85172 32.9,-112
85173 33.3,-111.1
85191 33,-111.4
85192 33,-110.7
85193 32.8,-111.8
85194 32.9,-111.6
85201 33.4,-111.9
85202 33.4,-111.9
85203 33.5,-111.8
85204 33.4,-111.8
85205 33.4,-111.7
85206 33.4,-111.7
85207 33.5,-111.6
85208 33.4,-111.6
85209 33.4,-111.6
85210 33.4,-111.8
85212 33.3,-111.6
85213 33.4,-111.8
85215 33.5,-111.6
85224 33.3,-111.9
85225 33.3,-111.8
85226 33.3,-111.9
85233 33.4,-111.8
85234 33.4,-111.7
85236 33.3,-111.7
85248 33.2,-111.9
85249 33.2,-111.8
85250 33.5,-111.9
85251 33.5,-111.9
85253 33.5,-112
85254 33.6,-111.9
85255 33.7,-111.8
85256 33.5,-111.8
85257 33.5,-111.9
85258 33.6,-111.9
85259 33.6,-111.8
85260 33.6,-111.9
85262 33.9,-111.8
85263 33.9,-111.6
85264 33.7,-111.5
85266 33.8,-111.9
85268 33.6,-111.7
85281 33.4,-111.9
85282 33.4,-111.9
85283 33.4,-111.9
85284 33.3,-111.9
85286 33.3,-111.8
85295 33.3,-111.7
85296 33.3,-111.7
85297 33.3,-111.7
85298 33.2,-111.7
85301 33.5,-112.2
85302 33.6,-112.2
85303 33.5,-112.2
85304 33.6,-112.2
85305 33.5,-112.3
85306 33.6,-112.2
85307 33.5,-112.3
85308 33.7,-112.2
85309 33.5,-112.4
85310 33.7,-112.2
85320 33.8,-113.2
85321 32.4,-112.6
85322 33.2,-112.9
85323 33.4,-112.3
85324 34.1,-112
85325 34,-113.9
85326 33.2,-112.6
85328 33.3,-114.6
85329 33.4,-112.3
85331 33.9,-111.9
85332 34.2,-112.9
85333 33,-113.3
85334 33.6,-114.4
85335 33.6,-112.3
85336 32.5,-114.7
85337 33,-112.9
85338 33.4,-112.4
85339 33.2,-112.1
85340 33.5,-112.4
85341 32,-112.7
85342 33.9,-112.5
85343 33.3,-112.7
85344 33.9,-114.3
85345 33.6,-112.2
85346 33.6,-114.2
85347 32.8,-113.8
85348 33.7,-113.7
85349 32.5,-114.7
85350 32.6,-114.7
85351 33.6,-112.3
85352 32.7,-113.9
85353 33.4,-112.3
85354 33.4,-113.1
85355 33.6,-112.5
85356 32.7,-114.2
85357 34,-113.5
85360 34.5,-113.6
85361 33.8,-112.6
85362 34.3,-112.8
85363 33.6,-112.3
85364 32.7,-114.7
85365 33,-114.1
85367 32.7,-114.4
85371 34,-114.4
85373 33.7,-112.3
85374 33.6,-112.4
85375 33.7,-112.4
85377 33.8,-111.9
85378 33.6,-112.3
85379 33.6,-112.4
85381 33.6,-112.2
85382 33.7,-112.2
85383 33.8,-112.3
85387 33.7,-112.4
85388 33.6,-112.4
85390 33.9,-112.9
85392 33.5,-112.3
85395 33.5,-112.4
85396 33.5,-112.7
85501 33.6,-110.8
85530 33.1,-110.3
85531 32.9,-109.8
85532 33.4,-110.8
85533 33.3,-109.4
85534 32.7,-109.2
85535 33,-109.9
85536 33.1,-110
85539 33.3,-110.9
85540 33,-109.4
85541 34.2,-111.3
85542 33.3,-110.3
85543 33,-109.9
85544 34.4,-111.5
85545 33.6,-111.1
85546 32.7,-109.6
85550 33.5,-110.5
85551 32.7,-109.6
85552 32.8,-109.8
85553 33.8,-111.2
85554 34,-111
85601 31.6,-111.3
85602 32.2,-110.4
85603 31.4,-109.9
85605 32.3,-109.5
85606 32,-109.9
85607 31.5,-109.3
85608 31.5,-109.6
85609 32.1,-110.1
85610 31.7,-109.7
85611 31.6,-110.5
85613 31.5,-110.4
85614 31.8,-110.9
85615 31.4,-110.2
85616 31.7,-110.3
85617 31.6,-109.7
85618 32.8,-110.7
85619 32.4,-110.7
85620 31.3,-109.9
85621 31.4,-110.9
85622 31.8,-111.1
85623 32.7,-110.8
85624 31.5,-110.7
85625 31.9,-109.7
85626 31.4,-109.6
85627 32,-110.2
85629 32,-111.1
85630 31.9,-110.2
85631 32.6,-110.6
85632 32.1,-109.2
85633 31.6,-111.5
85634 32,-112
85635 31.6,-110.2
85637 31.7,-110.7
85638 31.7,-110.1
85639 31.8,-111.7
85640 31.6,-111
85641 32,-110.6
85643 32.5,-110
85645 31.7,-111.1
85646 31.6,-111.1
85648 31.5,-111
85650 31.5,-110.2
85653 32.4,-111.4
85654 32.4,-111.2
85658 32.5,-111.2
85701 32.2,-111
85704 32.3,-111
85705 32.3,-111
85706 32.1,-110.9
85707 32.2,-110.9
85708 32.2,-110.9
85709 32.1,-111
85710 32.2,-110.8
85711 32.2,-110.9
85712 32.3,-110.9
85713 32.2,-111
85714 32.2,-110.9
85715 32.2,-110.8
85716 32.2,-110.9
85718 32.3,-110.9
85719 32.2,-110.9
85721 32.2,-110.9
85723 32.2,-111
85724 32.2,-110.9
85726 32.2,-110.9
85730 32.2,-110.7
85734 32.1,-110.9
85735 32.1,-111.3
85736 31.9,-111.4
85737 32.4,-110.9
85739 32.6,-111
85741 32.3,-111
85742 32.4,-111.1
85743 32.3,-111.2
85745 32.2,-111.1
85746 32.1,-111.1
85747 32.1,-110.8
85748 32.2,-110.8
85749 32.3,-110.7
85750 32.3,-110.8
85755 32.5,-111
85756 32.1,-110.9
85757 32.1,-111.1
85901 34.3,-110
85902 34.2,-110.2
85911 34.1,-110.4
85912 34.4,-109.9
85920 33.9,-109.2
85922 33.5,-109.1
85923 34.3,-110.3
85924 34.6,-109.7
85925 34,-109.4
85926 33.8,-110
85927 34,-109.5
85928 34.5,-110.6
85929 34.2,-110
85930 34,-109.8
85931 34.4,-110.9
85932 34,-109.2
85933 34.4,-110.5
85934 34.3,-110.2
85935 34.2,-109.9
85936 34.6,-109.3
85937 34.6,-110
85938 34.2,-109.4
85939 34.4,-110.1
85940 34.3,-109.7
85941 33.9,-110.1
85942 34.8,-110
86001 35.4,-111.8
86003 35.2,-111.2
86004 35.4,-111.4
86005 35.1,-111.6
86011 35.2,-111.7
86015 35.2,-111.8
86016 35.8,-111.6
86017 34.9,-111.7
86018 35.2,-112
86020 36,-111.5
86021 36.9,-113.1
86022 36.8,-112.6
86023 36.1,-112
86024 34.7,-111.2
86025 34.9,-110.1
86028 35,-109.8
86029 35,-110
86030 35.9,-110.8
86031 35.4,-110.1
86032 35.1,-110.3
86033 36.7,-110.3
86034 35.8,-110.1
86035 35.4,-111
86036 36.8,-111.8
86038 34.9,-111.5
86039 36,-110.6
86040 36.7,-111.4
86042 35.9,-110.4
86043 35.8,-110.5
86044 36.7,-110.8
86045 36.1,-111.1
86046 35.4,-112.2
86047 35.2,-110.6
86052 36.3,-112.1
86053 36.8,-111.1
86054 36.7,-110.6
86301 34.6,-112.4
86303 34.5,-112.4
86305 34.8,-112.8
86313 34.6,-112.5
86314 34.6,-112.3
86315 34.7,-112.3
86320 35.4,-112.6
86321 34.6,-113.1
86322 34.5,-111.8
86323 34.8,-112.4
86324 34.8,-112.1
86325 34.7,-111.9
86326 34.7,-112
86327 34.6,-112.1
86329 34.5,-112.3
86331 34.8,-112.1
86332 34.3,-112.6
86333 34.3,-112.1
86334 34.9,-112.5
86335 34.6,-111.7
86336 34.9,-111.9
86337 35.2,-113.1
86338 34.6,-112.8
86343 34.2,-112.3
86351 34.8,-111.8
86401 35.1,-113.8
86403 34.5,-114.3
86404 34.6,-114.3
86406 34.4,-114.1
86409 35.5,-114
86411 35.4,-113.7
86413 35.2,-114.3
86426 35,-114.5
86429 35.3,-114.5
86431 35.4,-114.2
86432 36.8,-113.7
86433 34.9,-114.4
86434 35.7,-113.6
86435 36,-112.9
86436 34.7,-114.4
86437 35.4,-113.6
86438 34.7,-114
86440 34.9,-114.5
86441 35.6,-114.3
86442 35.1,-114.6
86443 35.9,-114.4
86444 35.9,-114.1
86445 35.7,-114.6
86502 35.1,-109.6
86503 36.2,-109.7
86504 35.9,-109.1
86505 35.6,-109.7
86506 35.4,-109.3
86507 36.4,-109.3
86508 35.4,-109.1
86510 36.2,-110.3
86511 35.7,-109.4
86512 35.1,-109.2
86514 36.9,-109.3
86515 35.7,-109
86520 36,-110
86535 36.8,-109.9
86538 36.4,-109.6
86540 35.9,-109.4
86544 36.5,-109.1
86545 36.7,-109.5
86547 36.5,-109.5
86556 36.2,-109.2
87001 35.4,-106.4
87002 34.6,-106.8
87004 35.4,-106.6
87005 35.3,-108
87006 34.5,-106.8
87007 35,-107.4
87008 35.1,-106.4
87010 35.4,-106.1
87011 34.1,-106
87012 36.1,-106.7
87013 35.9,-107.3
87014 35.2,-107.4
87015 35.1,-106.2
87016 34.8,-106
87017 36.3,-106.7
87018 36.1,-107.5
87020 35,-107.9
87021 35.2,-107.9
87022 34.9,-106.7
87023 34.6,-106.8
87024 35.7,-106.7
87025 35.8,-106.6
87026 35,-107.2
87027 36.1,-106.9
87028 34.4,-106.8
87029 36.4,-107
87031 34.8,-106.7
87032 34.9,-106
87034 34.9,-107.6
87035 35,-105.9
87036 34.4,-106.2
87037 36.2,-107.8
87038 35.1,-107.4
87040 35.1,-107.4
87041 35.6,-106.3
87042 34.8,-106.7
87043 35.3,-106.4
87044 35.7,-106.7
87045 35.4,-108
87046 36.3,-106.9
87047 35.3,-106.3
87048 35.2,-106.6
87049 35.1,-107.6
87051 35,-107.9
87052 35.5,-106.4
87053 35.6,-106.9
87056 35.2,-105.9
87059 35,-106.3
87060 34.7,-106.7
87061 34.7,-106.4
87062 34.5,-106.7
87063 34.6,-105.9
87064 36.2,-106.5
87068 34.9,-106.6
87070 35,-105.7
87072 35.6,-106.4
87083 35.6,-106.4
87101 35.1,-106.6
87102 35.1,-106.6
87104 35.1,-106.7
87105 35,-106.7
87106 35,-106.6
87107 35.1,-106.6
87108 35.1,-106.6
87109 35.2,-106.6
87110 35.1,-106.6
87111 35.1,-106.5
87112 35.1,-106.5
87113 35.2,-106.6
87114 35.2,-106.7
87116 35,-106.6
87117 35,-106.5
87120 35.1,-106.8
87121 35,-106.9
87122 35.2,-106.5
87123 35.1,-106.5
87124 35.3,-106.8
87144 35.3,-106.7
87151 35,-106.9
87301 35.5,-108.8
87305 35.4,-108.7
87310 35.7,-108.6
87311 35.6,-108.5
87312 35.4,-108.3
87313 35.8,-108.2
87315 34.7,-108.6
87316 35.5,-108.5
87317 35.6,-108.8
87319 35.5,-108.9
87320 35.8,-108.9
87321 35.1,-108.4
87322 35.5,-108.7
87323 35.5,-108.2
87325 36,-108.6
87326 35.3,-108.9
87327 35.1,-108.8
87328 36,-109
87347 35.4,-108.5
87357 34.8,-108.4
87364 36.1,-108.7
87365 35.5,-108.1
87375 35.7,-108.8
87401 36.7,-108.2
87402 36.8,-108.2
87410 36.9,-107.9
87412 36.6,-107.5
87413 36.5,-108
87415 36.8,-108.1
87416 36.6,-108.5
87417 36.8,-108.4
87418 37,-108.2
87419 36.9,-107.6
87420 36.9,-108.9
87421 36.8,-108.5
87455 36.3,-108.7
87461 36.5,-108.9
87499 36.3,-108.2
87501 35.7,-105.9
87505 35.6,-105.9
87506 35.8,-106
87507 35.6,-106.1
87508 35.5,-105.9
87510 36.4,-106.5
87511 36.1,-106
87512 36.9,-105.3
87513 36.6,-105.7
87514 36.5,-105.6
87515 36.6,-106.4
87516 36.2,-106.5
87517 36.4,-105.8
87518 36.5,-106.5
87519 36.8,-105.6
87520 36.9,-106.6
87521 36,-105.6
87522 36,-105.8
87523 36,-105.9
87524 37,-105.5
87525 36.6,-105.5
87527 36.2,-105.8
87528 36.8,-106.9
87529 36.4,-105.7
87530 36.3,-106.2
87531 36.2,-105.9
87532 36,-106.1
87535 35.6,-105.7
87537 36.1,-106.3
87538 35.5,-105.5
87539 36.4,-106
87540 35.4,-105.9
87543 36.1,-105.7
87544 35.8,-106.3
87547 35.8,-106.2
87548 36.2,-106.2
87549 36.3,-106
87551 36.7,-106.7
87552 35.7,-105.6
87553 36.2,-105.7
87554 36.5,-106.1
87556 36.8,-105.6
87557 36.3,-105.6
87558 36.7,-105.5
87560 35.2,-105.5
87562 35.4,-105.7
87564 36.6,-105.6
87565 35.5,-105.5
87566 36.1,-106.1
87567 36,-106
87569 35.4,-105.3
87571 36.4,-105.4
87573 35.8,-105.7
87575 36.6,-106.6
87577 36.6,-106
87578 36,-105.8
87579 36.1,-105.5
87580 36.6,-105.6
87581 36.5,-106.2
87582 36.2,-106
87583 35.3,-105.4
87701 35.5,-104.9
87710 36.4,-105.2
87711 35.2,-105.1
87712 35.9,-105.2
87713 36.2,-105.4
87714 36.5,-105.1
87715 36,-105.4
87718 36.6,-105.2
87722 36.1,-105.3
87723 36.1,-105.4
87724 35.2,-105
87728 36.6,-104.6
87729 36.3,-104.8
87730 36.1,-104.2
87731 35.7,-105.4
87732 36,-105.5
87733 35.8,-103.9
87734 36.2,-105.1
87735 36,-105.1
87736 36,-105.2
87740 36.8,-104.4
87742 35.9,-105.4
87743 36,-104
87745 35.8,-105.3
87746 35.7,-104.1
87747 36.4,-104.4
87749 36.6,-105.1
87750 35.8,-104.9
87752 36,-104.7
87753 35.9,-105
87801 33.9,-107.1
87820 33.9,-108.6
87821 33.9,-108.1
87823 34.2,-107
87824 33.8,-109
87825 33.9,-107.7
87827 34.4,-108.1
87828 34.2,-106.9
87829 34.2,-108.7
87830 33.7,-108.7
87831 34.3,-106.9
87832 33.8,-106.8
87901 33.2,-107
87930 32.8,-107.4
87931 32.9,-107.3
87933 32.8,-107.3
87935 33.3,-107.2
87936 32.8,-107.3
87937 32.6,-107.2
87939 33.4,-107.3
87940 32.6,-107
87941 32.7,-107.2
87942 33.1,-107.3
87943 33.5,-107.7
88001 32.3,-106.8
88002 32.4,-106.5
88003 32.3,-106.7
88004 32.3,-106.9
88005 32.2,-107
88007 32.4,-107
88008 31.8,-106.8
88009 31.9,-108.5
88011 32.4,-106.6
88012 32.6,-106.8
88020 31.8,-108.8
88021 32,-106.8
88022 32.8,-108.2
88023 32.7,-108.1
88024 32.1,-106.6
88025 33.1,-108.7
88026 32.8,-108.2
88027 32,-106.7
88028 33,-108.7
88029 31.8,-107.7
88030 32.2,-107.7
88034 32.6,-108
88038 33.1,-108.4
88039 33.3,-108.6
88040 31.6,-108.4
88041 32.8,-107.9
88042 32.8,-107.6
88043 32.6,-108.1
88044 32,-107.1
88045 32.3,-108.7
88046 32.3,-106.8
88047 32.2,-106.7
88048 32.1,-106.7
88049 33.1,-108.1
88051 33,-108.9
88052 32.5,-106.6
88053 32.9,-108.2
88055 32.7,-108.7
88056 31.8,-109
88061 32.6,-108.4
88063 31.8,-106.6
88065 32.7,-108.3
88072 32.1,-106.6
88081 32.2,-106.3
88101 34.5,-103.3
88103 34.4,-103.3
88112 34.9,-103.1
88113 33.8,-103.1
88114 33.5,-103.4
88115 33.9,-103.3
88116 33.9,-103.8
88118 34.2,-103.7
88119 34.4,-104.4
88120 34.9,-103.4
88121 34.7,-104
88124 34.5,-103.7
88125 33.7,-103.2
88126 33.8,-103.4
88130 34.1,-103.3
88132 33.9,-103.2
88134 34.4,-104
88135 34.6,-103.1
88136 34.2,-104.8
88201 33.7,-104.5
88203 33.3,-104.1
88210 32.8,-104.2
88220 32.3,-104.4
88230 33.2,-104.4
88231 32.4,-103.3
88232 33.1,-104.1
88240 32.7,-103.4
88242 32.8,-103.2
88244 32.8,-103.2
88250 32.7,-105
88252 32.2,-103.4
88253 33,-104.6
88254 32.6,-104.4
88255 32.8,-104
88256 32.2,-103.9
88260 33,-103.4
88262 33.1,-103.4
88263 32.1,-104.1
88264 32.9,-103.7
88265 32.6,-103.3
88267 33.3,-103.4
88268 32.2,-104.4
88301 33.7,-105.9
88310 32.7,-106
88311 32.8,-106
88312 33.4,-105.6
88314 33.1,-105.9
88316 33.8,-105.4
88317 32.9,-105.7
88318 34.2,-105.5
88321 34.8,-105.4
88323 33.5,-105.6
88324 33.4,-105.5
88325 32.9,-105.9
88330 32.9,-106.1
88336 33.3,-105.3
88337 33,-105.9
88338 33.5,-105.4
88339 33,-105.3
88340 33.2,-105.6
88341 33.5,-105.8
88342 32.4,-106.1
88343 33.2,-105.1
88344 32.5,-105.2
88345 33.4,-105.7
88346 33.3,-105.5
88347 32.8,-105.7
88348 33.4,-105.4
88349 32.8,-105.8
88350 32.6,-105.7
88351 33.5,-105.1
88352 33.2,-106
88353 34.5,-105.1
88354 32.7,-105.5
88355 33.4,-105.7
88401 35.1,-103.8
88410 35.9,-103.3
88411 35.2,-103.2
88414 36.8,-104
88415 36.4,-103.3
88416 35.5,-104.2
88417 34.9,-104.2
88418 36.8,-103.6
88419 36.9,-103.5
88421 35.3,-104.5
88422 36.3,-104
88424 36.4,-103.7
88426 35.5,-103.4
88427 34.8,-103.8
88430 35.7,-103.2
88431 35.2,-104.3
88434 35.1,-103.3
88435 34.9,-104.8
88436 36.2,-103.2
88439 35.5,-104.4
89001 37.3,-115.3
89002 36,-115
89003 36.9,-116.8
89004 36,-115.4
89005 36,-114.9
89007 36.7,-114.2
89008 37.3,-114.5
89010 37.8,-118.1
89011 36.1,-115
89012 36,-115
89013 37.4,-117.3
89014 36.1,-115.1
89015 36,-114.9
89017 37.7,-115.3
89018 36.6,-115.7
89019 35.8,-115.5
89020 36.6,-116.4
89021 36.6,-114.5
89022 38.5,-117
89025 36.7,-114.8
89026 35.7,-115.3
89027 36.8,-114.1
89029 35.1,-114.7
89030 36.2,-115.1
89031 36.3,-115.2
89032 36.2,-115.2
89034 36.8,-114.1
89039 35.3,-114.9
89040 36.3,-114.5
89042 37.8,-114.4
89043 38.3,-114.4
89044 35.9,-115.1
89045 38.9,-117.1
89046 35.5,-114.8
89047 37.8,-117.6
89048 36.2,-116
89049 38.4,-116.4
89052 36,-115.1
89054 35.9,-115.2
89060 36.4,-116.1
89061 36.1,-115.9
89070 36.5,-115.6
89074 36,-115.1
89081 36.3,-115.1
89084 36.3,-115.2
89085 36.3,-115.2
89086 36.3,-115.1
89101 36.2,-115.1
89102 36.1,-115.2
89103 36.1,-115.2
89104 36.2,-115.1
89106 36.2,-115.2
89107 36.2,-115.2
89108 36.2,-115.2
89109 36.1,-115.2
89110 36.2,-115.1
89113 36.1,-115.3
89115 36.3,-115
89117 36.1,-115.3
89118 36.1,-115.2
89119 36.1,-115.1
89120 36.1,-115.1
89121 36.1,-115.1
89122 36.1,-115
89123 36,-115.1
89124 36.4,-115.7
89128 36.2,-115.3
89129 36.2,-115.3
89130 36.3,-115.2
89131 36.3,-115.2
89134 36.2,-115.3
89135 36.1,-115.4
89138 36.2,-115.4
89139 36,-115.2
89141 36,-115.2
89142 36.1,-115
89143 36.3,-115.3
89144 36.2,-115.3
89145 36.2,-115.3
89146 36.1,-115.2
89147 36.1,-115.3
89148 36.1,-115.3
89149 36.3,-115.3
89156 36.2,-115
89158 36.1,-115.2
89161 36,-115.5
89166 36.3,-115.5
89169 36.1,-115.1
89178 36,-115.3
89179 35.9,-115.3
89183 36,-115.2
89191 36.2,-115
89301 39.5,-114.8
89310 39.5,-117.1
89311 39.2,-114.1
89314 38.9,-115.6
89315 39.2,-114.8
89316 39.7,-116
89317 38.9,-115
89318 39.4,-114.8
89319 39.3,-115
89402 39.2,-120
89403 39.2,-119.5
89404 41.8,-118.9
89405 40.5,-119.5
89406 39.4,-117.9
89408 39.7,-119
89409 38.7,-117.9
89410 38.8,-119.6
89411 39,-119.9
89412 41.1,-119.7
89413 39.1,-119.9
89414 41.1,-117.2
89415 38.5,-118.8
89418 40.6,-118
89419 40.3,-118.3
89420 38.5,-118.2
89421 42,-117.9
89422 38.4,-118.2
89423 39,-119.7
89424 40.1,-119.4
89425 41.7,-117.9
89426 41.5,-117.6
89427 38.9,-118.6
89428 39.3,-119.6
89429 39.4,-119.3
89430 38.8,-119.3
89431 39.5,-119.7
89433 39.6,-119.8
89434 39.5,-119.5
89436 39.6,-119.7
89437 39.5,-119.5
89438 40.8,-117.1
89439 39.5,-120
89440 39.3,-119.7
89441 39.7,-119.7
89442 39.7,-119.3
89444 38.7,-119.4
89445 41.1,-118
89446 40.9,-118
89447 38.8,-119.1
89448 39,-119.9
89449 39,-119.9
89450 39.2,-119.9
89451 39.3,-119.9
89460 38.9,-119.8
89496 39.2,-118.6
89501 39.5,-119.8
89502 39.5,-119.7
89503 39.5,-119.8
89506 39.7,-119.8
89508 39.8,-119.9
89509 39.5,-119.8
89510 39.9,-119.7
89511 39.4,-119.9
89512 39.6,-119.8
89519 39.5,-119.9
89521 39.4,-119.7
89523 39.5,-119.9
89557 39.5,-119.8
89701 39.1,-119.7
89703 39.1,-119.9
89704 39.3,-119.8
89705 39.1,-119.8
89706 39.2,-119.7
89801 41.2,-115.8
89815 40.6,-115.6
89820 40.4,-117
89821 40.6,-116.4
89822 40.5,-116.2
89823 41,-115.2
89825 41.9,-114.7
89826 41.9,-115.4
89828 40.7,-115.3
89830 41.3,-114.2
89831 41.7,-116.1
89832 42,-116.2
89833 40.5,-115.3
89834 41.4,-116.2
89835 41.3,-114.9
89883 40.8,-114.2
90001 34,-118.2
90002 33.9,-118.2
90003 34,-118.3
90004 34.1,-118.3
90005 34.1,-118.3
90006 34,-118.3
90007 34,-118.3
90008 34,-118.3
90010 34.1,-118.3
90011 34,-118.3
90012 34.1,-118.2
90013 34,-118.2
90014 34,-118.3
90015 34,-118.3
90016 34,-118.4
90017 34.1,-118.3
90018 34,-118.3
90019 34,-118.3
90020 34.1,-118.3
90021 34,-118.2
90022 34,-118.2
90023 34,-118.2
90024 34.1,-118.4
90025 34,-118.4
90026 34.1,-118.3
90027 34.1,-118.3
90028 34.1,-118.3
90029 34.1,-118.3
90031 34.1,-118.2
90032 34.1,-118.2
90033 34.1,-118.2
90034 34,-118.4
90035 34.1,-118.4
90036 34.1,-118.3
90037 34,-118.3
90038 34.1,-118.3
90039 34.1,-118.3
90040 34,-118.1
90041 34.1,-118.2
90042 34.1,-118.2
90043 34,-118.3
90044 34,-118.3
90045 33.9,-118.4
90046 34.1,-118.4
90047 34,-118.3
90048 34.1,-118.4
90049 34.1,-118.5
90052 34,-118.3
90056 34,-118.4
90057 34.1,-118.3
90058 34,-118.2
90059 33.9,-118.2
90061 33.9,-118.3
90062 34,-118.3
90063 34,-118.2
90064 34,-118.4
90065 34.1,-118.2
90066 34,-118.4
90067 34.1,-118.4
90068 34.1,-118.3
90069 34.1,-118.4
90071 34.1,-118.3
90073 34.1,-118.5
90077 34.1,-118.5
90079 34,-118.3
90089 34,-118.3
90094 34,-118.4
90095 34.1,-118.4
90201 34,-118.2
90210 34.1,-118.4
90211 34.1,-118.4
90212 34.1,-118.4
90220 33.9,-118.2
90221 33.9,-118.2
90222 33.9,-118.2
90230 34,-118.4
90232 34,-118.4
90240 34,-118.1
90241 33.9,-118.1
90242 33.9,-118.1
90245 33.9,-118.4
90247 33.9,-118.3
90248 33.9,-118.3
90249 33.9,-118.3
90250 33.9,-118.4
90254 33.9,-118.4
90255 34,-118.2
90260 33.9,-118.3
90262 33.9,-118.2
90263 34,-118.7
90265 34.1,-118.9
90266 33.9,-118.4
90270 34,-118.2
90272 34.1,-118.5
90274 33.8,-118.4
90275 33.8,-118.4
90277 33.8,-118.4
90278 33.9,-118.4
90280 33.9,-118.2
90290 34.1,-118.6
90291 34,-118.5
90292 34,-118.5
90293 33.9,-118.4
90301 34,-118.4
90302 34,-118.4
90303 33.9,-118.3
90304 33.9,-118.4
90305 34,-118.3
90401 34,-118.5
90402 34,-118.5
90403 34,-118.5
90404 34,-118.5
90405 34,-118.5
90501 33.8,-118.3
90502 33.8,-118.3
90503 33.8,-118.4
90504 33.9,-118.3
90505 33.8,-118.3
90506 33.9,-118.3
90601 34,-118
90602 34,-118
90603 33.9,-118
90604 33.9,-118
90605 34,-118
90606 34,-118.1
90620 33.8,-118
90621 33.9,-118
90623 33.9,-118
90630 33.8,-118
90631 33.9,-118
90638 33.9,-118
90639 33.9,-118
90640 34,-118.1
90650 33.9,-118.1
90660 34,-118.1
90670 33.9,-118.1
90680 33.8,-118
90701 33.9,-118.1
90703 33.9,-118.1
90704 33.4,-118.4
90706 33.9,-118.1
90710 33.8,-118.3
90712 33.8,-118.1
90713 33.8,-118.1
90715 33.8,-118.1
90716 33.8,-118.1
90717 33.8,-118.3
90720 33.8,-118.1
90723 33.9,-118.2
90731 33.7,-118.3
90732 33.7,-118.3
90740 33.8,-118.1
90742 33.7,-118.1
90743 33.7,-118.1
90744 33.8,-118.3
90745 33.8,-118.3
90746 33.9,-118.3
90747 33.9,-118.3
90755 33.8,-118.2
90802 33.8,-118.2
90803 33.8,-118.1
90804 33.8,-118.1
90805 33.9,-118.2
90806 33.8,-118.2
90807 33.8,-118.2
90808 33.8,-118.1
90810 33.8,-118.2
90813 33.8,-118.2
90814 33.8,-118.1
90815 33.8,-118.1
90822 33.8,-118.1
90831 33.8,-118.2
90840 33.8,-118.1
91001 34.2,-118.1
91006 34.1,-118
91007 34.1,-118
91008 34.2,-118
91010 34.1,-118
91011 34.2,-118.2
91016 34.2,-118
91020 34.2,-118.2
91024 34.2,-118
91030 34.1,-118.2
91040 34.3,-118.3
91042 34.3,-118.3
91046 34.2,-118.2
91101 34.1,-118.1
91103 34.2,-118.2
91104 34.2,-118.1
91105 34.1,-118.2
91106 34.1,-118.1
91107 34.2,-118.1
91108 34.1,-118.1
91125 34.1,-118.1
91201 34.2,-118.3
91202 34.2,-118.3
91203 34.2,-118.3
91204 34.1,-118.3
91205 34.1,-118.2
91206 34.2,-118.2
91207 34.2,-118.2
91208 34.2,-118.2
91210 34.1,-118.3
91214 34.2,-118.2
91301 34.1,-118.8
91302 34.1,-118.7
91303 34.2,-118.6
91304 34.2,-118.6
91306 34.2,-118.6
91307 34.2,-118.7
91311 34.3,-118.6
91316 34.2,-118.5
91320 34.2,-118.9
91321 34.4,-118.5
91324 34.2,-118.6
91325 34.2,-118.5
91326 34.3,-118.6
91330 34.2,-118.5
91331 34.3,-118.4
91335 34.2,-118.5
91340 34.3,-118.4
91342 34.3,-118.4
91343 34.2,-118.5
91344 34.3,-118.5
91345 34.3,-118.5
91350 34.4,-118.5
91351 34.4,-118.5
91352 34.2,-118.4
91354 34.5,-118.6
91355 34.4,-118.6
91356 34.2,-118.5
91360 34.2,-118.9
91361 34.1,-118.9
91362 34.2,-118.8
91364 34.2,-118.6
91367 34.2,-118.6
91371 34.2,-118.6
91377 34.2,-118.8
91381 34.4,-118.6
91384 34.5,-118.7
91387 34.4,-118.4
91390 34.6,-118.5
91401 34.2,-118.4
91402 34.2,-118.4
91403 34.1,-118.5
91405 34.2,-118.4
91406 34.2,-118.5
91411 34.2,-118.5
91423 34.1,-118.4
91436 34.1,-118.5
91501 34.2,-118.3
91502 34.2,-118.3
91504 34.2,-118.3
91505 34.2,-118.3
91506 34.2,-118.3
91601 34.2,-118.4
91602 34.2,-118.4
91604 34.1,-118.4
91605 34.2,-118.4
91606 34.2,-118.4
91607 34.2,-118.4
91608 34.1,-118.4
91701 34.1,-117.6
91702 34.3,-117.8
91706 34.1,-118
91708 34,-117.6
91709 33.9,-117.7
91710 34,-117.7
91711 34.1,-117.7
91722 34.1,-117.9
91723 34.1,-117.9
91724 34.1,-117.9
91730 34.1,-117.6
91731 34.1,-118
91732 34.1,-118
91733 34,-118.1
91737 34.2,-117.6
91739 34.2,-117.5
91740 34.1,-117.9
91741 34.2,-117.8
91744 34,-117.9
91745 34,-118
91746 34,-118
91748 34,-117.9
91750 34.1,-117.8
91752 34,-117.5
91754 34.1,-118.1
91755 34.1,-118.1
91759 34.3,-117.7
91761 34,-117.6
91762 34.1,-117.7
91763 34.1,-117.7
91764 34.1,-117.6
91765 34,-117.8
91766 34,-117.8
91767 34.1,-117.7
91768 34.1,-117.8
91770 34.1,-118.1
91773 34.1,-117.8
91775 34.1,-118.1
91776 34.1,-118.1
91780 34.1,-118.1
91784 34.1,-117.7
91786 34.1,-117.7
91789 34,-117.9
91790 34.1,-117.9
91791 34.1,-117.9
91792 34,-117.9
91801 34.1,-118.1
91803 34.1,-118.1
91901 32.8,-116.7
91902 32.7,-117
91905 32.7,-116.3
91906 32.7,-116.5
91910 32.6,-117.1
91911 32.6,-117.1
91913 32.6,-117
91914 32.7,-117
91915 32.6,-116.9
91916 32.9,-116.6
91917 32.6,-116.8
91931 32.8,-116.6
91932 32.6,-117.1
91934 32.6,-116.2
91935 32.7,-116.8
91941 32.8,-117
91942 32.8,-117
91945 32.7,-117
91948 32.9,-116.5
91950 32.7,-117.1
91962 32.8,-116.5
91963 32.6,-116.6
91977 32.7,-117
91978 32.7,-116.9
91980 32.6,-116.6
92003 33.3,-117.2
92004 33.2,-116.2
92007 33,-117.3
92008 33.1,-117.3
92009 33.1,-117.2
92010 33.2,-117.3
92011 33.1,-117.3
92014 33,-117.3
92019 32.8,-116.9
92020 32.8,-117
92021 32.8,-116.9
92024 33.1,-117.3
92025 33.1,-117
92026 33.2,-117.1
92027 33.1,-117
92028 33.4,-117.2
92029 33.1,-117.1
92036 33,-116.3
92037 32.9,-117.3
92040 32.9,-116.9
92054 33.2,-117.4
92055 33.4,-117.4
92056 33.2,-117.3
92057 33.3,-117.3
92058 33.3,-117.3
92059 33.4,-117.1
92060 33.4,-116.9
92061 33.3,-116.9
92064 33,-117
92065 33,-116.8
92066 33.2,-116.5
92067 33,-117.2
92069 33.2,-117.2
92070 33.2,-116.7
92071 32.9,-117
92075 33,-117.3
92078 33.1,-117.2
92081 33.2,-117.2
92082 33.3,-117
92083 33.2,-117.2
92084 33.2,-117.2
92086 33.3,-116.6
92091 33.1,-117.2
92092 32.9,-117.2
92093 32.9,-117.2
92096 33.1,-117.2
92101 32.7,-117.2
92102 32.7,-117.1
92103 32.7,-117.2
92104 32.7,-117.1
92105 32.7,-117.1
92106 32.7,-117.2
92107 32.7,-117.2
92108 32.8,-117.1
92109 32.8,-117.2
92110 32.8,-117.2
92111 32.8,-117.2
92113 32.7,-117.1
92114 32.7,-117.1
92115 32.8,-117.1
92116 32.8,-117.1
92117 32.8,-117.2
92118 32.7,-117.2
92119 32.8,-117
92120 32.8,-117.1
92121 32.9,-117.2
92122 32.9,-117.2
92123 32.8,-117.1
92124 32.8,-117.1
92126 32.9,-117.1
92127 33,-117.1
92128 33,-117.1
92129 33,-117.1
92130 32.9,-117.2
92131 32.9,-117
92132 32.7,-117.2
92134 32.7,-117.1
92135 32.7,-117.2
92136 32.7,-117.1
92139 32.7,-117
92140 32.7,-117.2
92145 32.9,-117.1
92147 32.7,-117.2
92154 32.6,-117
92155 32.7,-117.2
92161 32.9,-117.2
92173 32.6,-117.1
92179 32.6,-116.9
92182 32.8,-117.1
92201 33.7,-116.2
92203 33.8,-116.2
92210 33.7,-116.3
92211 33.8,-116.3
92220 33.9,-116.8
92222 32.8,-114.5
92223 33.9,-117
92225 33.7,-114.7
92227 33,-115.3
92230 33.9,-116.8
92231 32.7,-115.6
92233 33.1,-115.5
92234 33.8,-116.5
92236 33.7,-116.1
92239 33.8,-115.2
92240 34,-116.5
92241 33.8,-116.3
92242 34.2,-114.3
92243 32.8,-115.6
92249 32.7,-115.5
92250 32.8,-115.1
92251 32.9,-115.7
92252 34.1,-116.3
92253 33.7,-116.3
92254 33.5,-116
92256 34.1,-116.6
92257 33.3,-115.5
92258 33.9,-116.6
92259 32.7,-115.9
92260 33.7,-116.4
92262 33.9,-116.6
92264 33.7,-116.5
92266 33.2,-114.9
92267 34.3,-114.2
92268 34.2,-116.6
92270 33.8,-116.4
92273 32.8,-115.7
92274 33.5,-116.1
92275 33.2,-115.9
92276 33.8,-116.4
92277 34.1,-115.7
92278 34.2,-116.1
92280 34.1,-115
92281 33.1,-115.6
92282 34,-116.7
92283 32.9,-114.8
92284 34.2,-116.4
92285 34.3,-116.5
92301 34.7,-117.5
92304 34.5,-115.7
92305 34.1,-116.9
92307 34.6,-117.1
92308 34.4,-117.2
92309 35.2,-116.2
92310 35.3,-116.8
92311 35,-117
92313 34,-117.3
92314 34.3,-116.8
92315 34.2,-116.9
92316 34.1,-117.4
92317 34.2,-117.2
92320 34,-117.1
92321 34.3,-117.1
92322 34.3,-117.3
92324 34,-117.3
92325 34.2,-117.3
92327 34.9,-116.8
92328 36.4,-117
92332 34.9,-115.4
92333 34.3,-117
92335 34.1,-117.5
92336 34.1,-117.5
92337 34,-117.5
92338 34.8,-116.3
92339 34.1,-116.8
92341 34.2,-117.1
92342 34.8,-117.3
92344 34.4,-117.4
92345 34.4,-117.3
92346 34.1,-117.2
92347 35,-117.3
92350 34.1,-117.3
92352 34.3,-117.2
92354 34.1,-117.3
92356 34.5,-116.9
92358 34.2,-117.6
92359 34.1,-117.1
92363 34.7,-114.6
92364 35.4,-115.4
92365 34.9,-116.6
92368 34.7,-117.3
92369 34.1,-117.2
92371 34.4,-117.5
92372 34.4,-117.6
92373 34,-117.2
92374 34.1,-117.2
92376 34.1,-117.4
92377 34.2,-117.4
92378 34.2,-117.2
92382 34.2,-117.1
92384 36,-116.1
92385 34.2,-117.2
92386 34.2,-116.8
92389 35.8,-116.3
92391 34.2,-117.2
92392 34.5,-117.4
92394 34.6,-117.4
92395 34.5,-117.3
92397 34.4,-117.8
92398 35,-116.9
92399 34,-117
92401 34.1,-117.3
92404 34.2,-117.2
92405 34.1,-117.3
92407 34.2,-117.4
92408 34.1,-117.3
92410 34.1,-117.3
92411 34.1,-117.3
92415 34.1,-117.3
92501 34,-117.4
92503 33.9,-117.5
92504 33.9,-117.4
92505 33.9,-117.5
92506 33.9,-117.4
92507 34,-117.3
92508 33.9,-117.3
92509 34,-117.4
92518 33.9,-117.3
92521 34,-117.3
92530 33.6,-117.4
92532 33.7,-117.3
92536 33.5,-116.8
92539 33.5,-116.6
92543 33.7,-117
92544 33.6,-116.9
92545 33.7,-117
92548 33.8,-117.1
92549 33.8,-116.7
92551 33.9,-117.2
92553 33.9,-117.2
92555 33.9,-117.1
92557 34,-117.3
92561 33.6,-116.6
92562 33.5,-117.3
92563 33.6,-117.1
92567 33.8,-117.1
92570 33.8,-117.3
92571 33.8,-117.2
92582 33.8,-117
92583 33.8,-116.9
92584 33.7,-117.2
92585 33.7,-117.2
92586 33.7,-117.2
92587 33.7,-117.3
92590 33.5,-117.2
92591 33.5,-117.1
92592 33.5,-117
92595 33.6,-117.3
92596 33.7,-117
92602 33.7,-117.7
92603 33.6,-117.8
92604 33.7,-117.8
92606 33.7,-117.8
92610 33.7,-117.7
92612 33.7,-117.8
92614 33.7,-117.8
92617 33.6,-117.8
92618 33.7,-117.7
92620 33.7,-117.8
92624 33.5,-117.7
92625 33.6,-117.9
92626 33.7,-117.9
92627 33.6,-117.9
92629 33.5,-117.7
92630 33.6,-117.7
92637 33.6,-117.7
92646 33.7,-118
92647 33.7,-118
92648 33.7,-118
92649 33.7,-118
92651 33.6,-117.8
92653 33.6,-117.7
92655 33.7,-118
92656 33.6,-117.7
92657 33.6,-117.8
92660 33.6,-117.9
92661 33.6,-117.9
92662 33.6,-117.9
92663 33.6,-117.9
92672 33.4,-117.5
92673 33.5,-117.6
92675 33.5,-117.7
92676 33.7,-117.6
92677 33.5,-117.7
92678 33.7,-117.5
92679 33.6,-117.6
92683 33.8,-118
92688 33.6,-117.6
92691 33.6,-117.7
92692 33.6,-117.6
92694 33.5,-117.6
92697 33.6,-117.8
92701 33.7,-117.9
92703 33.7,-117.9
92704 33.7,-117.9
92705 33.8,-117.8
92706 33.8,-117.9
92707 33.7,-117.9
92708 33.7,-118
92780 33.7,-117.8
92782 33.7,-117.8
92801 33.8,-118
92802 33.8,-117.9
92804 33.8,-118
92805 33.8,-117.9
92806 33.8,-117.9
92807 33.8,-117.8
92808 33.9,-117.7
92821 33.9,-117.9
92823 33.9,-117.8
92831 33.9,-117.9
92832 33.9,-117.9
92833 33.9,-118
92835 33.9,-117.9
92840 33.8,-117.9
92841 33.8,-118
92843 33.8,-117.9
92844 33.8,-118
92845 33.8,-118
92860 33.9,-117.5
92861 33.8,-117.8
92865 33.8,-117.9
92866 33.8,-117.8
92867 33.8,-117.8
92868 33.8,-117.9
92869 33.8,-117.8
92870 33.9,-117.9
92879 33.9,-117.5
92880 33.9,-117.6
92881 33.8,-117.6
92882 33.9,-117.6
92883 33.8,-117.5
92886 33.9,-117.8
92887 33.9,-117.7
93001 34.4,-119.4
93003 34.3,-119.2
93004 34.3,-119.2
93010 34.2,-119.1
93012 34.2,-119
93013 34.4,-119.5
93015 34.4,-118.9
93021 34.3,-118.9
93022 34.4,-119.3
93023 34.5,-119.3
93030 34.2,-119.2
93033 34.2,-119.1
93035 34.2,-119.2
93036 34.2,-119.2
93040 34.6,-119
93041 34.2,-119.2
93042 33.3,-119.5
93043 34.2,-119.2
93060 34.4,-119.1
93063 34.3,-118.7
93064 34.2,-118.7
93065 34.3,-118.8
93066 34.3,-119
93067 34.4,-119.6
93101 34.4,-119.7
93103 34.4,-119.7
93105 34.5,-119.8
93106 34.4,-119.9
93108 34.4,-119.6
93109 34.4,-119.7
93110 34.4,-119.8
93111 34.4,-119.8
93117 34.5,-120.1
93201 35.9,-119.5
93202 36.3,-119.7
93203 35.1,-118.8
93204 35.9,-120.1
93205 35.6,-118.5
93206 35.4,-119.5
93207 35.9,-118.6
93208 36.1,-118.6
93210 36.2,-120.4
93212 36,-119.6
93215 35.8,-119.2
93218 35.9,-119
93219 35.9,-119.3
93220 35.4,-118.8
93221 36.3,-119
93222 34.9,-119.2
93223 36.3,-119.2
93224 35.3,-119.6
93225 34.8,-119
93226 35.7,-118.7
93227 36.3,-119.4
93230 36.3,-119.6
93234 36.2,-120.1
93235 36.4,-119.2
93237 36.5,-118.9
93238 35.9,-118.5
93239 36,-120
93240 35.6,-118.5
93241 35.2,-118.9
93242 36.4,-119.7
93243 34.8,-118.8
93244 36.4,-119
93245 36.3,-119.8
93246 36.3,-119.9
93247 36.2,-119.1
93249 35.6,-119.9
93250 35.7,-119.2
93251 35.4,-119.7
93252 34.8,-119.4
93254 34.9,-119.8
93255 35.7,-118.1
93256 36,-119.3
93257 36,-118.9
93258 36.1,-119.2
93260 35.8,-118.7
93261 35.8,-119.1
93262 36.4,-118.7
93263 35.5,-119.3
93265 36.2,-118.7
93266 36.2,-119.9
93267 36.1,-119.1
93268 35.2,-119.4
93270 35.9,-119.1
93271 36.4,-118.9
93272 36,-119.3
93274 36.2,-119.4
93276 35.3,-119.4
93277 36.3,-119.4
93280 35.7,-119.4
93283 35.6,-118.3
93285 35.7,-118.5
93286 36.5,-119.1
93287 35.7,-118.9
93291 36.4,-119.4
93292 36.4,-119.2
93301 35.4,-119
93304 35.3,-119
93305 35.4,-119
93306 35.5,-118.8
93307 35.2,-118.9
93308 35.5,-118.9
93309 35.3,-119.1
93311 35.2,-119.2
93312 35.4,-119.1
93313 35.2,-119
93314 35.4,-119.2
93401 35.2,-120.6
93402 35.3,-120.8
93405 35.3,-120.7
93407 35.3,-120.7
93408 35.3,-120.7
93409 35.3,-120.7
93410 35.3,-120.7
93420 35.2,-120.5
93422 35.5,-120.7
93424 35.2,-120.8
93426 35.8,-121
93427 34.6,-120.2
93428 35.6,-121
93429 34.9,-120.5
93430 35.5,-120.9
93432 35.5,-120.5
93433 35.1,-120.6
93434 34.9,-120.6
93436 34.6,-120.4
93437 34.8,-120.5
93440 34.8,-120.3
93441 34.7,-120.1
93442 35.4,-120.8
93444 35,-120.5
93445 35,-120.6
93446 35.7,-120.7
93449 35.2,-120.7
93450 36.1,-120.8
93451 35.9,-120.6
93452 35.7,-121.2
93453 35.2,-120.2
93454 34.9,-120.3
93455 34.8,-120.5
93458 35,-120.5
93460 34.7,-119.7
93461 35.6,-120.3
93463 34.6,-120.1
93465 35.5,-120.7
93501 35.1,-118.2
93505 35.1,-118
93510 34.5,-118.2
93512 37.9,-118.6
93513 37,-118.3
93514 37.5,-118.4
93516 35,-117.6
93517 38.3,-119.3
93518 35.4,-118.5
93519 35.3,-118
93522 36.3,-117.6
93523 35,-117.9
93524 34.9,-117.8
93526 36.9,-118.3
93527 35.9,-118.1
93528 35.4,-117.6
93529 37.8,-119.2
93530 36.5,-117.9
93531 35.2,-118.6
93532 34.7,-118.5
93534 34.7,-118.2
93535 34.7,-117.9
93536 34.7,-118.4
93541 38,-119.1
93543 34.5,-118
93544 34.5,-117.8
93545 36.6,-118
93546 37.5,-118.8
93549 36.3,-117.9
93550 34.4,-118.1
93551 34.6,-118.2
93552 34.6,-118
93553 34.4,-117.9
93554 35.4,-117.8
93555 35.6,-117.7
93558 35.3,-117.6
93560 34.9,-118.3
93561 35.1,-118.5
93562 35.7,-117.3
93563 34.4,-117.8
93581 35.1,-118.6
93591 34.6,-117.8
93601 37.4,-119.7
93602 37.1,-119.4
93603 36.5,-119
93604 37.3,-119.5
93605 37.2,-119.2
93606 36.8,-120
93608 36.5,-120.3
93609 36.5,-119.9
93610 37.1,-120.3
93611 36.8,-119.7
93612 36.8,-119.7
93614 37.2,-119.7
93615 36.5,-119.3
93616 36.7,-119.6
93618 36.5,-119.4
93619 36.9,-119.6
93620 37,-120.6
93621 36.7,-119.1
93622 36.8,-120.6
93623 37.5,-119.7
93624 36.4,-120.1
93625 36.6,-119.7
93626 37,-119.7
93627 36.5,-120.1
93628 36.8,-118.8
93630 36.7,-120.1
93631 36.5,-119.5
93633 36.7,-119
93634 37.2,-119
93635 37,-120.9
93636 37,-119.9
93637 36.9,-120.2
93638 37,-120
93640 36.7,-120.4
93641 36.7,-119
93643 37.2,-119.5
93644 37.4,-119.6
93645 37.2,-119.6
93646 36.6,-119.3
93647 36.6,-119.2
93648 36.6,-119.5
93650 36.8,-119.8
93651 37,-119.5
93652 36.6,-119.9
93653 37.3,-119.9
93654 36.7,-119.4
93656 36.5,-119.9
93657 36.8,-119.5
93660 36.6,-120.2
93662 36.5,-119.6
93664 37,-119.2
93665 37,-120.7
93666 36.5,-119.3
93667 37,-119.3
93668 36.7,-120.3
93669 37.3,-119.5
93670 36.5,-119.3
93673 36.5,-119.5
93675 36.7,-119.2
93701 36.7,-119.8
93702 36.7,-119.8
93703 36.8,-119.8
93704 36.8,-119.8
93705 36.8,-119.8
93706 36.7,-119.9
93710 36.8,-119.8
93711 36.8,-119.8
93720 36.9,-119.8
93721 36.7,-119.8
93722 36.8,-119.9
93723 36.8,-120
93725 36.6,-119.7
93726 36.8,-119.8
93727 36.8,-119.7
93728 36.8,-119.8
93730 36.9,-119.8
93737 36.8,-119.6
93740 36.8,-119.7
93741 36.8,-119.8
93901 36.6,-121.6
93905 36.7,-121.6
93906 36.7,-121.6
93907 36.8,-121.7
93908 36.6,-121.6
93920 36.1,-121.5
93921 36.6,-121.9
93923 36.4,-121.8
93924 36.4,-121.6
93925 36.6,-121.4
93926 36.5,-121.4
93927 36.3,-121.4
93928 36.1,-121.5
93930 36.2,-121.1
93932 36,-121.1
93933 36.7,-121.8
93940 36.6,-121.8
93943 36.6,-121.9
93944 36.6,-121.9
93950 36.6,-121.9
93953 36.6,-121.9
93954 36.2,-120.9
93955 36.6,-121.8
93960 36.4,-121.3
93962 36.6,-121.6
94002 37.5,-122.3
94005 37.7,-122.4
94010 37.6,-122.4
94014 37.7,-122.4
94015 37.7,-122.5
94018 37.5,-122.5
94019 37.5,-122.4
94020 37.3,-122.2
94021 37.3,-122.2
94022 37.4,-122.1
94024 37.4,-122.1
94025 37.5,-122.2
94027 37.5,-122.2
94028 37.4,-122.2
94030 37.6,-122.4
94037 37.6,-122.5
94038 37.5,-122.5
94040 37.4,-122.1
94041 37.4,-122.1
94043 37.4,-122.1
94044 37.6,-122.5
94060 37.2,-122.3
94061 37.5,-122.2
94062 37.4,-122.3
94063 37.5,-122.2
94065 37.5,-122.2
94066 37.6,-122.4
94070 37.5,-122.3
94074 37.3,-122.3
94080 37.7,-122.4
94085 37.4,-122
94086 37.4,-122
94087 37.4,-122
94089 37.4,-122
94102 37.8,-122.4
94103 37.8,-122.4
94104 37.8,-122.4
94105 37.8,-122.4
94107 37.8,-122.4
94108 37.8,-122.4
94109 37.8,-122.4
94110 37.8,-122.4
94111 37.8,-122.4
94112 37.7,-122.4
94114 37.8,-122.4
94115 37.8,-122.4
94116 37.7,-122.5
94117 37.8,-122.4
94118 37.8,-122.5
94121 37.8,-122.5
94122 37.8,-122.5
94123 37.8,-122.4
94124 37.7,-122.4
94127 37.7,-122.5
94128 37.6,-122.4
94129 37.8,-122.5
94130 37.8,-122.4
94131 37.7,-122.4
94132 37.7,-122.5
94133 37.8,-122.4
94134 37.7,-122.4
94158 37.8,-122.4
94188 37.7,-122.4
94301 37.4,-122.1
94303 37.5,-122.1
94304 37.4,-122.2
94305 37.4,-122.2
94306 37.4,-122.1
94401 37.6,-122.3
94402 37.5,-122.3
94403 37.5,-122.3
94404 37.6,-122.3
94501 37.8,-122.3
94502 37.7,-122.2
94503 38.2,-122.2
94505 37.9,-121.6
94506 37.8,-121.9
94507 37.9,-122
94508 38.6,-122.4
94509 38,-121.8
94510 38.1,-122.1
94511 38,-121.6
94512 38.1,-121.8
94513 37.9,-121.7
94514 37.8,-121.6
94515 38.6,-122.6
94516 37.8,-122.2
94517 37.9,-121.9
94518 38,-122
94519 38,-122
94520 38,-122
94521 38,-122
94523 38,-122.1
94525 38,-122.2
94526 37.8,-122
94528 37.8,-122
94530 37.9,-122.3
94531 38,-121.8
94533 38.3,-122
94534 38.2,-122.1
94535 38.3,-121.9
94536 37.6,-122
94538 37.5,-122
94539 37.5,-121.9
94541 37.7,-122.1
94542 37.7,-122
94544 37.6,-122.1
94545 37.6,-122.1
94546 37.7,-122.1
94547 38,-122.3
94548 38,-121.7
94549 37.9,-122.1
94550 37.5,-121.6
94551 37.8,-121.7
94552 37.7,-122
94553 38,-122.2
94555 37.5,-122.1
94556 37.8,-122.1
94558 38.4,-122.2
94559 38.3,-122.3
94560 37.5,-122
94561 38,-121.7
94562 38.4,-122.4
94563 37.9,-122.2
94564 38,-122.3
94565 38,-121.9
94566 37.6,-121.8
94567 38.7,-122.4
94568 37.7,-121.9
94569 38,-122.2
94571 38.2,-121.8
94572 38,-122.2
94573 38.5,-122.4
94574 38.5,-122.4
94575 37.8,-122.1
94576 38.5,-122.5
94577 37.7,-122.2
94578 37.7,-122.1
94579 37.7,-122.2
94580 37.7,-122.1
94582 37.8,-121.9
94583 37.8,-122
94585 38.2,-121.9
94586 37.6,-121.9
94587 37.6,-122.1
94588 37.8,-121.9
94589 38.1,-122.2
94590 38.1,-122.2
94591 38.1,-122.2
94592 38.1,-122.3
94595 37.9,-122.1
94596 37.9,-122
94597 37.9,-122.1
94598 37.9,-122
94599 38.4,-122.4
94601 37.8,-122.2
94602 37.8,-122.2
94603 37.7,-122.2
94605 37.8,-122.2
94606 37.8,-122.2
94607 37.8,-122.3
94608 37.8,-122.3
94609 37.8,-122.3
94610 37.8,-122.2
94611 37.8,-122.2
94612 37.8,-122.3
94613 37.8,-122.2
94618 37.8,-122.2
94619 37.8,-122.2
94621 37.8,-122.2
94702 37.9,-122.3
94703 37.9,-122.3
94704 37.9,-122.3
94705 37.9,-122.2
94706 37.9,-122.3
94707 37.9,-122.3
94708 37.9,-122.3
94709 37.9,-122.3
94710 37.9,-122.3
94720 37.9,-122.3
94801 37.9,-122.4
94803 38,-122.3
94804 37.9,-122.3
94805 37.9,-122.3
94806 38,-122.3
94901 38,-122.5
94903 38,-122.6
94904 37.9,-122.6
94920 37.9,-122.5
94922 38.4,-123
94923 38.3,-123
94924 38,-122.7
94925 37.9,-122.5
94928 38.3,-122.7
94929 38.3,-123
94930 38,-122.6
94931 38.3,-122.7
94933 38,-122.7
94937 38.1,-122.9
94938 38,-122.7
94939 37.9,-122.5
94940 38.2,-122.9
94941 37.9,-122.6
94945 38.1,-122.6
94946 38.1,-122.7
94947 38.1,-122.6
94949 38.1,-122.5
94950 38,-122.8
94951 38.3,-122.6
94952 38.2,-122.8
94954 38.2,-122.6
94956 38,-122.8
94957 38,-122.6
94960 38,-122.6
94963 38,-122.7
94964 37.9,-122.5
94965 37.8,-122.5
94970 37.9,-122.7
94971 38.2,-122.9
94972 38.3,-122.9
94973 38,-122.6
95002 37.4,-122
95003 37,-121.9
95004 36.9,-121.6
95005 37.1,-122.1
95006 37.2,-122.1
95007 37.1,-122.1
95008 37.3,-122
95010 37,-122
95012 36.8,-121.7
95013 37.2,-121.7
95014 37.3,-122.1
95017 37.1,-122.2
95018 37.1,-122.1
95019 36.9,-121.8
95020 37,-121.6
95023 36.9,-121.3
95030 37.2,-122
95032 37.2,-121.9
95033 37.2,-122
95035 37.4,-121.9
95037 37.1,-121.7
95039 36.8,-121.8
95041 37.1,-122.1
95043 36.5,-121
95045 36.8,-121.5
95046 37.1,-121.6
95050 37.4,-122
95051 37.3,-122
95053 37.3,-121.9
95054 37.4,-122
95060 37,-122.1
95062 37,-122
95064 37,-122.1
95065 37,-122
95066 37.1,-122
95070 37.3,-122.1
95073 37,-121.9
95075 36.8,-121.2
95076 36.9,-121.8
95110 37.3,-121.9
95111 37.3,-121.8
95112 37.3,-121.9
95113 37.3,-121.9
95116 37.4,-121.9
95117 37.3,-122
95118 37.3,-121.9
95119 37.2,-121.8
95120 37.2,-121.8
95121 37.3,-121.8
95122 37.3,-121.8
95123 37.2,-121.8
95124 37.3,-121.9
95125 37.3,-121.9
95126 37.3,-121.9
95127 37.4,-121.8
95128 37.3,-121.9
95129 37.3,-122
95130 37.3,-122
95131 37.4,-121.9
95132 37.4,-121.8
95133 37.4,-121.9
95134 37.4,-121.9
95135 37.2,-121.5
95136 37.3,-121.9
95138 37.2,-121.7
95139 37.2,-121.8
95140 37.4,-121.6
95148 37.3,-121.8
95202 38,-121.3
95203 38,-121.3
95204 38,-121.3
95205 38,-121.3
95206 37.9,-121.4
95207 38,-121.3
95209 38,-121.4
95210 38,-121.3
95211 38,-121.3
95212 38,-121.2
95215 37.9,-121.2
95219 38,-121.5
95220 38.2,-121.2
95221 38.1,-120.5
95222 38.1,-120.6
95223 38.4,-119.8
95224 38.2,-120.3
95225 38.2,-120.9
95226 38.2,-120.9
95227 38.2,-121.1
95228 37.9,-120.7
95230 38,-120.9
95231 37.9,-121.3
95232 38.4,-120.6
95233 38.2,-120.4
95236 38,-121
95237 38.2,-121.1
95240 38.1,-121.2
95242 38.1,-121.4
95245 38.3,-120.6
95246 38.2,-120.5
95247 38.1,-120.4
95248 38.3,-120.5
95249 38.2,-120.6
95251 38.1,-120.5
95252 38.2,-120.8
95253 38.1,-121.2
95254 38.2,-121
95255 38.4,-120.5
95257 38.4,-120.5
95258 38.2,-121.3
95301 37.3,-120.7
95303 37.5,-120.7
95304 37.7,-121.4
95305 37.8,-120.4
95306 37.4,-120.1
95307 37.6,-121
95309 37.9,-120.4
95310 38.1,-120.4
95311 37.7,-120.1
95312 37.4,-120.7
95313 37.4,-121.1
95315 37.4,-120.8
95316 37.5,-120.7
95317 37.1,-120.5
95318 37.7,-119.8
95319 37.6,-120.9
95320 37.8,-121
95321 37.9,-119.8
95322 37.2,-121
95323 37.6,-120.7
95324 37.4,-120.9
95325 37.5,-120.2
95326 37.6,-120.9
95327 37.8,-120.5
95328 37.6,-120.9
95329 37.7,-120.4
95330 37.8,-121.3
95333 37.2,-120.2
95334 37.3,-120.8
95335 38.1,-120.1
95336 37.8,-121.2
95337 37.7,-121.2
95338 37.5,-120
95340 37.3,-120.4
95341 37.2,-120.5
95345 37.6,-120
95346 38.1,-120.2
95348 37.4,-120.5
95350 37.7,-121
95351 37.6,-121
95354 37.6,-121
95355 37.7,-120.9
95356 37.7,-121
95357 37.7,-120.9
95358 37.6,-121.1
95360 37.3,-121
95361 37.8,-120.8
95363 37.4,-121.3
95364 38.2,-119.8
95365 37.3,-120.3
95366 37.8,-121.1
95367 37.7,-120.9
95368 37.7,-121.1
95369 37.5,-120.4
95370 38,-120.3
95372 38,-120.3
95374 37.3,-120.9
95375 38.2,-120
95376 37.7,-121.4
95377 37.7,-121.5
95379 38,-120.2
95380 37.5,-120.9
95382 37.5,-120.9
95383 38.1,-120.2
95385 37.6,-121.2
95386 37.7,-120.6
95387 37.6,-121.2
95388 37.4,-120.6
95389 37.8,-119.4
95391 37.8,-121.6
95401 38.4,-122.8
95403 38.5,-122.8
95404 38.5,-122.7
95405 38.4,-122.7
95407 38.4,-122.7
95409 38.5,-122.6
95410 39.2,-123.7
95412 38.7,-123.3
95415 39,-123.4
95417 39.7,-123.7
95419 38.4,-123
95420 39.4,-123.8
95421 38.6,-123.2
95422 39,-122.6
95423 39.1,-122.6
95425 38.8,-123.1
95426 38.8,-122.7
95427 39.3,-123.6
95428 39.8,-123.2
95429 39.8,-123.4
95430 38.5,-123
95431 38.3,-122.5
95432 39.1,-123.6
95435 39,-122.9
95436 38.5,-122.9
95437 39.4,-123.7
95439 38.5,-122.8
95441 38.7,-123
95442 38.4,-122.5
95443 39.1,-122.7
95444 38.4,-122.9
95445 38.8,-123.5
95446 38.5,-123
95448 38.6,-122.9
95449 38.9,-123.1
95450 38.5,-123.2
95451 38.9,-122.8
95452 38.4,-122.5
95453 39,-122.9
95454 39.8,-123.5
95456 39.3,-123.8
95457 38.9,-122.5
95458 39.1,-122.8
95459 39,-123.6
95460 39.3,-123.7
95461 38.8,-122.6
95462 38.5,-123
95463 39.2,-123.6
95464 39.1,-122.8
95465 38.4,-123
95466 39.1,-123.5
95467 38.8,-122.5
95468 38.9,-123.6
95469 39.4,-123.1
95470 39.3,-123.2
95471 38.5,-123
95472 38.4,-122.9
95476 38.3,-122.5
95480 38.7,-123.4
95482 39.1,-123.3
95485 39.2,-122.9
95486 38.5,-123
95488 39.7,-123.8
95490 39.5,-123.3
95492 38.5,-122.8
95493 39.2,-123
95494 38.9,-123.3
95497 38.7,-123.5
95501 40.8,-124.1
95503 40.7,-124.1
95511 40.2,-123.6
95514 40.3,-123.7
95519 41,-124.1
95521 40.8,-124
95524 40.8,-124.1
95525 41,-123.8
95526 40.5,-123.7
95527 41,-123.4
95528 40.5,-123.9
95531 41.9,-124.1
95536 40.5,-124.2
95537 40.7,-124.2
95538 41.9,-124.2
95540 40.6,-124.1
95542 40.1,-123.8
95543 41.9,-123.8
95545 40.3,-124.1
95546 41.2,-123.7
95547 40.6,-124.1
95548 41.6,-124.1
95549 40.7,-123.9
95550 40.8,-123.8
95551 40.7,-124.2
95552 40.3,-123.4
95553 40.2,-123.9
95554 40.3,-123.8
95555 41.3,-124
95556 41.3,-123.6
95558 40.3,-124.3
95559 40.2,-123.7
95560 40.1,-123.8
95562 40.4,-124.1
95563 40.9,-123.6
95564 40.8,-124.2
95565 40.5,-124
95567 42,-124.1
95568 41.5,-123.5
95569 40.4,-123.9
95570 41.1,-124.1
95571 40.4,-123.9
95573 40.9,-123.7
95585 39.9,-123.7
95587 40,-123.8
95589 40.1,-124
95595 40.1,-123.2
95601 38.4,-120.8
95602 39,-121.1
95603 38.9,-121.1
95604 39.2,-120.1
95605 38.6,-121.5
95606 38.8,-122.2
95607 38.8,-122.1
95608 38.6,-121.3
95610 38.7,-121.3
95612 38.4,-121.6
95613 38.8,-120.9
95614 38.9,-121
95615 38.3,-121.5
95616 38.6,-121.8
95618 38.5,-121.7
95619 38.7,-120.8
95620 38.4,-121.8
95621 38.7,-121.3
95623 38.6,-120.8
95624 38.4,-121.3
95625 38.4,-121.9
95626 38.7,-121.5
95627 38.7,-122
95628 38.7,-121.3
95629 38.5,-120.7
95630 38.7,-121.1
95631 39.1,-120.8
95632 38.3,-121.3
95633 38.8,-120.8
95634 38.9,-120.7
95635 38.9,-120.9
95636 38.6,-120.5
95637 38.9,-122.3
95638 38.3,-121.1
95639 38.4,-121.5
95640 38.3,-120.9
95641 38.2,-121.6
95642 38.3,-120.8
95645 38.9,-121.8
95646 38.6,-120
95648 38.9,-121.3
95650 38.8,-121.2
95651 38.8,-120.9
95652 38.7,-121.4
95653 38.7,-122
95655 38.5,-121.3
95658 38.9,-121.2
95659 38.9,-121.6
95660 38.7,-121.4
95661 38.7,-121.2
95662 38.7,-121.2
95663 38.9,-121.2
95664 38.8,-121
95665 38.4,-120.7
95666 38.5,-120.3
95667 38.7,-120.8
95668 38.8,-121.5
95669 38.5,-120.9
95670 38.6,-121.3
95671 38.7,-121.2
95672 38.7,-121
95673 38.7,-121.5
95674 39,-121.5
95675 38.5,-120.7
95676 38.9,-121.7
95677 38.8,-121.2
95678 38.8,-121.3
95679 38.9,-122.3
95680 38.2,-121.6
95681 39,-121.4
95682 38.6,-121
95683 38.5,-121.1
95684 38.6,-120.5
95685 38.4,-120.8
95686 38.2,-121.5
95687 38.3,-121.9
95688 38.4,-122
95689 38.5,-120.6
95690 38.2,-121.6
95691 38.6,-121.6
95692 39,-121.4
95693 38.4,-121.2
95694 38.6,-122.1
95695 38.7,-121.9
95697 38.7,-121.8
95698 38.8,-121.9
95699 38.4,-120.9
95701 39.2,-120.8
95703 39,-121
95709 38.7,-120.7
95713 39.1,-120.9
95714 39.2,-120.8
95715 39.3,-120.6
95717 39.1,-120.8
95720 38.9,-120.3
95721 38.8,-120.1
95722 39,-121
95726 38.8,-120.4
95728 39.3,-120.4
95735 38.8,-120.2
95736 39,-121
95742 38.6,-121.2
95746 38.7,-121.2
95747 38.8,-121.4
95757 38.3,-121.4
95758 38.4,-121.4
95762 38.7,-121.1
95765 38.8,-121.3
95776 38.7,-121.7
95811 38.6,-121.5
95814 38.6,-121.5
95815 38.6,-121.4
95816 38.6,-121.5
95817 38.6,-121.5
95818 38.6,-121.5
95819 38.6,-121.4
95820 38.5,-121.4
95821 38.6,-121.4
95822 38.5,-121.5
95823 38.5,-121.4
95824 38.5,-121.4
95825 38.6,-121.4
95826 38.5,-121.4
95827 38.5,-121.3
95828 38.5,-121.4
95829 38.5,-121.3
95830 38.5,-121.3
95831 38.5,-121.5
95832 38.4,-121.5
95833 38.6,-121.5
95834 38.6,-121.5
95835 38.7,-121.5
95837 38.7,-121.6
95838 38.6,-121.4
95841 38.7,-121.3
95842 38.7,-121.3
95843 38.7,-121.4
95864 38.6,-121.4
95901 39.2,-121.5
95903 39.1,-121.4
95910 39.5,-120.8
95912 39,-122.1
95913 39.6,-122.2
95914 39.4,-121.4
95915 40,-121.2
95916 39.7,-121.4
95917 39.4,-121.8
95918 39.3,-121.3
95919 39.4,-121.3
95920 39.4,-121.9
95922 39.5,-121.1
95923 40.2,-121.1
95925 39.5,-121.2
95926 39.7,-121.8
95928 39.7,-121.8
95929 39.7,-121.9
95930 39.5,-121.2
95932 39.2,-122
95934 40.1,-120.9
95935 39.4,-121.2
95936 39.6,-120.8
95937 38.9,-122
95938 39.6,-121.8
95939 39.6,-122.6
95941 39.5,-121.3
95942 39.9,-121.7
95943 39.6,-122
95944 39.5,-120.9
95945 39.2,-121
95946 39.2,-121.2
95947 40.2,-120.8
95948 39.3,-121.8
95949 39.1,-121.1
95950 39,-121.9
95951 39.7,-122
95953 39.3,-121.8
95954 39.9,-121.6
95955 39.3,-122.2
95956 39.9,-121.1
95957 39.1,-121.8
95958 39.6,-121.8
95959 39.4,-120.9
95960 39.4,-121
95961 39,-121.6
95962 39.3,-121.3
95963 39.7,-122.3
95965 39.6,-121.6
95966 39.5,-121.4
95968 39.4,-121.6
95969 39.7,-121.6
95970 39.4,-122.1
95971 39.9,-120.9
95972 39.4,-121.3
95973 39.9,-121.9
95974 39.5,-121.8
95975 39.2,-121.2
95977 39.2,-121.3
95978 39.9,-121.5
95979 39.3,-122.5
95981 39.7,-121
95982 39.2,-121.8
95983 40.1,-120.7
95984 40,-121.1
95986 39.4,-120.8
95987 39.1,-122.2
95988 39.5,-122.3
95991 39,-121.6
95993 39.1,-121.7
96001 40.6,-122.5
96002 40.5,-122.3
96003 40.7,-122.3
96006 41.1,-120.8
96007 40.5,-122.3
96008 40.7,-122.1
96009 41.1,-121
96010 41,-123.2
96011 41.1,-121.9
96013 41,-121.7
96014 41.4,-122.8
96015 41.5,-120.9
96016 40.9,-121.5
96017 41.1,-122.3
96019 40.7,-122.4
96020 40.3,-121.3
96021 39.9,-122.3
96022 40.3,-122.4
96023 41.9,-122
96024 40.5,-122.9
96025 41.2,-122.3
96027 41.4,-123.2
96028 41,-121.5
96029 39.9,-122.5
96031 41.2,-123.2
96032 41.6,-123
96033 40.7,-122.6
96034 41.4,-122.6
96035 40,-122.2
96037 41.5,-122.9
96038 41.6,-122.5
96039 41.7,-123.4
96040 40.8,-121.5
96041 40.5,-123.2
96044 41.9,-122.7
96046 40.6,-123.4
96047 40.5,-122.7
96048 40.8,-123
96050 41.9,-123
96051 40.9,-122.3
96052 40.7,-122.8
96054 41.3,-121.1
96055 40.1,-122
96056 41.1,-121.3
96057 41.3,-121.9
96058 41.7,-121.9
96059 40.4,-121.8
96061 40.3,-121.5
96062 40.6,-122.1
96063 40.4,-121.6
96064 41.8,-122.4
96065 40.9,-122
96067 41.3,-122.3
96068 41.1,-121.2
96069 40.7,-122
96071 40.7,-121.5
96073 40.6,-122.2
96074 39.9,-122.6
96075 40.4,-121.9
96076 40.4,-122.9
96078 40.1,-122.2
96080 40.2,-122.4
96084 40.8,-121.9
96085 41.7,-123.1
96086 41.9,-123.3
96087 40.6,-122.6
96088 40.5,-121.9
96090 40,-122.1
96091 41,-122.8
96092 40,-122
96093 40.8,-122.9
96094 41.5,-122.4
96096 40.6,-121.9
96097 41.8,-122.7
96101 41.5,-120.5
96103 39.8,-120.7
96104 41.5,-120.1
96105 39.7,-120.1
96106 39.7,-120.5
96107 38.4,-119.5
96108 41.8,-120.4
96109 40,-120.1
96110 41.2,-120.1
96111 39.4,-120
96112 41.9,-120.2
96113 40.2,-120.1
96114 40.3,-120.5
96115 41.7,-120.1
96116 41.3,-120.4
96117 40.5,-120.2
96118 39.6,-120.2
96119 41,-120.6
96120 38.7,-119.9
96121 40.2,-120.4
96122 39.8,-120.5
96123 40.8,-120.3
96124 39.6,-120.5
96125 39.6,-120.6
96126 39.5,-120.4
96128 40.3,-120.4
96129 39.8,-120.4
96130 40.5,-120.6
96132 40.9,-120.5
96133 38.6,-119.5
96134 41.8,-121.4
96135 39.8,-120.2
96136 40.3,-120.1
96137 40.5,-121.2
96140 39.2,-120.1
96141 39.1,-120.2
96142 39,-120.1
96143 39.3,-120
96145 39.2,-120.2
96146 39.2,-120.2
96148 39.2,-120.1
96150 38.9,-120.1
96155 38.8,-120.1
96161 39.3,-120.2
96701 21.4,-157.9
96703 22.1,-159.4
96704 19.3,-155.8
96705 21.9,-159.6
96706 21.3,-158
96707 21.4,-158.1
96708 20.9,-156.2
96710 19.8,-155.2
96712 21.7,-158
96713 20.7,-156.1
96714 22.1,-159.5
96716 21.9,-159.6
96717 21.6,-157.9
96719 20.2,-155.8
96720 19.7,-155.2
96722 22.2,-159.5
96725 19.6,-155.9
96726 19.4,-155.8
96727 20.1,-155.5
96728 19.9,-155.1
96729 21.2,-157.1
96730 21.5,-157.8
96731 21.7,-158
96732 20.9,-156.5
96734 21.4,-157.8
96737 19.1,-155.8
96738 19.9,-155.8
96740 19.8,-155.9
96741 22,-159.5
96742 21.2,-157
96743 20,-155.8
96744 21.4,-157.8
96746 22.1,-159.4
96747 21.9,-159.6
96748 21.1,-156.8
96749 19.6,-155
96750 19.5,-155.9
96751 22.1,-159.3
96752 22.1,-159.7
96753 20.7,-156.4
96754 22.2,-159.4
96755 20.2,-155.8
96756 21.9,-159.5
96757 21.2,-157
96759 21.5,-158.1
96760 19.6,-155.1
96761 20.9,-156.6
96762 21.6,-157.9
96763 20.8,-156.9
96764 20,-155.2
96765 21.9,-159.5
96766 22,-159.4
96768 20.8,-156.3
96769 22,-159.6
96770 21.1,-157.2
96771 19.5,-155.2
96772 19.1,-155.7
96773 19.9,-155.3
96774 20,-155.3
96776 20,-155.4
96777 19.2,-155.5
96778 19.4,-155.1
96779 20.9,-156.4
96780 20,-155.2
96781 19.8,-155.2
96782 21.5,-157.9
96783 19.8,-155.1
96785 19.5,-155.2
96786 21.5,-158
96789 21.5,-157.9
96790 20.7,-156.3
96791 21.6,-158.2
96792 21.5,-158.2
96793 20.9,-156.5
96795 21.3,-157.7
96796 22,-159.7
96797 21.4,-158
96799 -14.3,-170.8
96813 21.3,-157.8
96814 21.3,-157.8
96815 21.3,-157.8
96816 21.3,-157.8
96817 21.4,-157.8
96818 21.3,-157.9
96819 21.3,-157.9
96820 21.3,-157.9
96821 21.3,-157.8
96822 21.3,-157.8
96825 21.3,-157.7
96826 21.3,-157.8
96848 21.3,-157.8
96850 21.3,-157.9
96853 21.3,-157.9
96857 21.5,-158.1
96858 21.3,-157.9
96859 21.4,-157.9
96860 21.4,-157.9
96863 21.4,-157.7
96910 13.5,144.8
96913 13.5,144.8
96915 13.4,144.7
96916 13.3,144.7
96917 13.3,144.7
96928 13.4,144.7
96929 13.6,144.9
96950 15.2,145.8
96951 14.2,145.2
96952 15,145.6
97001 45,-120.6
97002 45.2,-122.8
97003 45.5,-122.9
97004 45.3,-122.4
97005 45.5,-122.8
97006 45.5,-122.9
97007 45.4,-122.9
97008 45.5,-122.8
97009 45.4,-122.3
97011 45.4,-122
97013 45.2,-122.7
97014 45.6,-121.8
97015 45.4,-122.5
97016 46.1,-123.3
97017 45.2,-122.4
97018 45.9,-122.8
97019 45.5,-122.2
97020 45.2,-122.8
97021 45.4,-121.1
97022 45.3,-122.3
97023 45.2,-122.2
97024 45.5,-122.4
97026 45.1,-122.9
97027 45.4,-122.6
97028 45.3,-121.8
97029 45.3,-120.8
97030 45.5,-122.4
97031 45.6,-121.6
97032 45.2,-122.8
97033 45.2,-120.6
97034 45.4,-122.7
97035 45.4,-122.7
97037 45.1,-121
97038 45.1,-122.6
97039 45.5,-120.6
97040 45.6,-121.4
97041 45.4,-121.6
97042 45.2,-122.5
97045 45.3,-122.5
97048 46,-123
97049 45.4,-121.9
97050 45.7,-120.8
97051 45.9,-122.9
97053 45.8,-122.9
97054 46,-122.9
97055 45.4,-122.2
97056 45.8,-123
97057 45,-120.8
97058 45.6,-121.2
97060 45.5,-122.4
97062 45.4,-122.8
97063 45.2,-121.3
97064 45.9,-123.2
97065 45.6,-120.6
97067 45.3,-122
97068 45.4,-122.7
97070 45.3,-122.8
97071 45.1,-122.8
97078 45.5,-122.9
97080 45.5,-122.4
97086 45.4,-122.5
97089 45.4,-122.4
97101 45.1,-123.2
97102 45.8,-123.9
97103 46.1,-123.7
97106 45.7,-123.1
97107 45.6,-123.9
97108 45.3,-123.7
97109 45.7,-123.2
97110 45.9,-124
97111 45.3,-123.2
97112 45.3,-123.9
97113 45.5,-123
97114 45.2,-123.1
97115 45.3,-123
97116 45.6,-123.2
97117 45.6,-123.3
97118 45.6,-123.9
97119 45.5,-123.2
97121 46.2,-124
97122 45.2,-123.8
97123 45.4,-123
97124 45.6,-122.9
97125 45.7,-123.2
97127 45.2,-123.1
97128 45.2,-123.3
97130 45.7,-123.9
97131 45.7,-123.8
97132 45.3,-123
97133 45.7,-123
97134 45.5,-124
97135 45.2,-124
97136 45.6,-123.9
97137 45.2,-122.9
97138 45.9,-123.7
97140 45.4,-122.9
97141 45.5,-123.7
97144 45.7,-123.3
97145 45.8,-124
97146 46.1,-123.9
97147 45.7,-123.9
97148 45.4,-123.3
97149 45.1,-123.9
97201 45.5,-122.7
97202 45.5,-122.6
97203 45.6,-122.7
97204 45.5,-122.7
97205 45.5,-122.7
97206 45.5,-122.6
97208 45.5,-122.7
97209 45.5,-122.7
97210 45.5,-122.7
97211 45.6,-122.6
97212 45.5,-122.6
97213 45.5,-122.6
97214 45.5,-122.6
97215 45.5,-122.6
97216 45.5,-122.6
97217 45.6,-122.7
97218 45.6,-122.6
97219 45.5,-122.7
97220 45.6,-122.6
97221 45.5,-122.7
97222 45.4,-122.6
97223 45.4,-122.8
97224 45.4,-122.8
97225 45.5,-122.8
97227 45.5,-122.7
97229 45.5,-122.8
97230 45.6,-122.5
97231 45.7,-122.8
97232 45.5,-122.6
97233 45.5,-122.5
97236 45.5,-122.5
97239 45.5,-122.7
97258 45.5,-122.7
97266 45.5,-122.6
97267 45.4,-122.6
97301 45,-123
97302 44.9,-123.1
97303 45,-123
97304 45,-123.1
97305 45,-122.9
97306 44.8,-123.1
97310 44.9,-123
97317 44.9,-122.9
97321 44.7,-123.1
97322 44.6,-123
97324 44.3,-123.6
97325 44.8,-122.9
97326 44.6,-123.7
97327 44.4,-122.9
97329 44.4,-122.3
97330 44.6,-123.3
97331 44.6,-123.3
97333 44.5,-123.3
97335 44.6,-122.9
97336 44.4,-122.9
97338 44.9,-123.3
97341 44.8,-124
97342 44.7,-121.9
97343 44.6,-123.8
97344 44.9,-123.5
97345 44.4,-122.6
97346 44.8,-122.4
97347 45.1,-123.7
97348 44.4,-123.1
97350 44.7,-122
97351 44.8,-123.1
97352 44.7,-123
97355 44.5,-122.8
97357 44.8,-123.8
97358 44.8,-122.4
97360 44.8,-122.5
97361 44.8,-123.3
97362 45.1,-122.8
97364 45,-124
97365 44.7,-124
97366 44.6,-124
97367 44.9,-124
97368 45,-123.9
97369 44.8,-124.1
97370 44.6,-123.5
97371 45,-123.2
97373 45.1,-122.8
97374 44.7,-122.8
97375 45,-122.6
97376 44.5,-124
97377 44.5,-123.1
97378 45.1,-123.4
97380 44.8,-123.9
97381 44.9,-122.7
97383 44.8,-122.7
97384 44.8,-122.6
97385 44.9,-122.7
97386 44.4,-122.7
97388 44.9,-124
97389 44.5,-123.1
97390 44.4,-123.9
97391 44.6,-123.9
97392 44.8,-122.9
97394 44.4,-124
97396 45.1,-123.5
97401 44.1,-123.1
97402 44,-123.2
97403 44,-123.1
97404 44.1,-123.1
97405 44,-123.2
97406 42.6,-124
97408 44.1,-123.1
97410 42.8,-123.1
97411 43.1,-124.3
97412 44.2,-123.5
97413 44.1,-121.9
97414 43,-124.2
97415 42.1,-124.1
97416 43,-123.7
97417 42.9,-123.2
97419 44.2,-123.4
97420 43.3,-124.1
97423 43.2,-124.2
97424 43.7,-123.1
97426 43.9,-123
97429 43,-123.1
97430 44.2,-123.7
97431 43.9,-122.8
97432 43.1,-123.4
97434 43.6,-122.7
97435 43.7,-123.3
97436 43.6,-123.6
97437 44.1,-123.4
97438 43.9,-122.7
97439 44.1,-124
97441 43.8,-124.2
97442 42.8,-123.4
97443 43.3,-123
97444 42.4,-124.3
97446 44.3,-123.1
97447 43.3,-122.5
97448 44.2,-123.3
97449 43.6,-124
97450 42.9,-124.4
97451 43.9,-123.3
97452 43.9,-122.8
97453 44,-123.9
97454 44.2,-122.8
97455 44,-122.9
97456 44.3,-123.4
97457 43.1,-123.2
97458 43,-124
97459 43.5,-124.2
97461 44.1,-123.5
97462 43.5,-123.4
97463 43.7,-122.4
97465 42.8,-124.3
97466 42.8,-124.1
97467 43.7,-123.9
97469 42.9,-123.4
97470 43.3,-123.2
97471 43.2,-123.5
97473 43.7,-123.9
97476 42.8,-124.4
97477 44.1,-123
97478 44.1,-122.8
97479 43.4,-123.2
97480 44.1,-123.8
97481 43.1,-123.6
97484 42.9,-122.8
97486 43.4,-123.5
97487 44,-123.4
97488 44.1,-122.4
97489 44.1,-122.6
97490 44,-123.6
97492 43.8,-122.5
97493 43.9,-124
97494 43.3,-123.3
97495 43.3,-123.3
97496 43.1,-123.5
97497 42.7,-123.4
97498 44.3,-124
97499 43.6,-123.2
97501 42.3,-122.9
97502 42.4,-122.9
97503 42.6,-122.9
97504 42.3,-122.8
97520 42.2,-122.5
97522 42.6,-122.4
97523 42.1,-123.6
97524 42.5,-122.6
97525 42.4,-123.1
97526 42.5,-123.3
97527 42.4,-123.4
97530 42.1,-123.1
97531 42.2,-123.6
97532 42.5,-123.7
97534 42,-123.7
97535 42.3,-122.8
97536 42.8,-122.5
97537 42.6,-123.1
97538 42.3,-123.7
97539 42.6,-122.8
97540 42.2,-122.8
97541 42.8,-122.7
97543 42.4,-123.6
97544 42.2,-123.3
97601 42.4,-122.1
97603 42.1,-121.7
97604 43,-122.2
97620 42.3,-119.9
97621 42.5,-121.3
97622 42.4,-121
97623 42.2,-121.3
97624 42.5,-121.8
97625 42.3,-121.6
97626 42.7,-122
97627 42.1,-122.1
97630 42.3,-120.4
97632 42,-121.4
97633 42,-121.6
97634 42.1,-121.8
97635 41.9,-120.3
97636 42.7,-120.6
97637 42.5,-120
97638 43.1,-121
97639 42.4,-121.5
97640 43,-120.5
97641 43.3,-120.5
97701 44,-121
97702 44,-121.2
97703 44.2,-121.4
97707 43.8,-121.5
97709 43.9,-121.9
97710 42.1,-118.5
97711 44.7,-120.7
97712 43.8,-120.4
97720 43.6,-118.9
97721 42.5,-118.4
97722 43,-118.7
97730 44.5,-121.6
97731 43.1,-121.9
97732 43.5,-118.3
97733 43.4,-121.9
97734 44.5,-121.3
97735 43.4,-121
97736 42.7,-118.9
97737 43.5,-121.8
97738 43.5,-119.2
97739 43.7,-121.5
97741 44.7,-121
97750 44.8,-120.3
97751 44.1,-119.8
97752 44.1,-120.2
97753 44.2,-121
97754 44.1,-120.5
97756 44.3,-121.2
97758 43.5,-119.8
97759 44.5,-121.8
97760 44.4,-121.2
97761 44.9,-121.3
97801 45.7,-118.8
97810 45.7,-118.4
97812 45.6,-120.2
97813 45.9,-118.5
97814 44.8,-117.8
97817 44.7,-118.6
97818 45.8,-119.8
97819 44.5,-117.8
97820 44.1,-119.2
97823 45.3,-120.2
97824 45.4,-117.8
97825 44.4,-119.5
97826 45.7,-119.2
97827 45.6,-117.9
97828 45.5,-117.1
97830 45,-120.2
97833 44.9,-118.1
97834 45,-117.2
97835 45.9,-118.8
97836 45.3,-119.5
97837 44.5,-118.1
97838 45.9,-119.3
97839 45.6,-119.6
97840 44.9,-116.9
97841 45.5,-117.9
97842 45.6,-116.8
97843 45.5,-119.9
97844 45.9,-119.5
97845 44.4,-118.9
97846 45.3,-117.1
97848 44.7,-119.6
97850 45.3,-118.2
97856 44.8,-119.1
97857 45.4,-117.5
97859 45.5,-118.4
97862 45.9,-118.3
97864 44.8,-119.5
97865 44.5,-119.2
97867 45.1,-118
97868 45.4,-118.9
97869 44.4,-118.6
97870 44.8,-117.2
97873 44.1,-119
97874 44.8,-119.8
97875 45.8,-119.1
97876 45.5,-118
97877 44.8,-118.4
97880 45.1,-118.9
97882 45.9,-119.3
97883 45.1,-117.7
97884 44.5,-118.2
97885 45.7,-117.5
97886 45.8,-118.3
97901 43.6,-117.1
97902 42.9,-117.5
97903 44.3,-117.6
97904 43.9,-118.5
97905 44.6,-117.5
97906 43.5,-117.8
97907 44.4,-117.3
97908 44.2,-117.9
97909 44.2,-117.4
97910 42.9,-117.5
97911 43.9,-118.1
97913 43.6,-117.3
97914 44.1,-117.1
97917 43.5,-118.1
97918 44,-117.4
97920 44.1,-117.8
98001 47.3,-122.3
98002 47.3,-122.2
98003 47.3,-122.3
98004 47.6,-122.2
98005 47.6,-122.2
98006 47.6,-122.2
98007 47.6,-122.1
98008 47.6,-122.1
98010 47.3,-122
98011 47.8,-122.2
98012 47.8,-122.2
98014 47.7,-121.8
98019 47.7,-121.9
98020 47.8,-122.4
98021 47.8,-122.2
98022 47.2,-121.7
98023 47.3,-122.4
98024 47.6,-121.9
98025 47.4,-122
98026 47.8,-122.3
98027 47.5,-122
98028 47.7,-122.2
98029 47.6,-122
98030 47.4,-122.2
98031 47.4,-122.2
98032 47.4,-122.3
98033 47.7,-122.2
98034 47.7,-122.2
98036 47.8,-122.3
98037 47.8,-122.3
98038 47.4,-122
98039 47.6,-122.2
98040 47.6,-122.2
98042 47.4,-122.1
98043 47.8,-122.3
98045 47.5,-121.7
98047 47.3,-122.2
98050 47.5,-121.9
98051 47.3,-121.9
98052 47.7,-122.1
98053 47.7,-122
98055 47.4,-122.2
98056 47.5,-122.2
98057 47.5,-122.2
98058 47.4,-122.1
98059 47.5,-122.1
98065 47.6,-121.8
98068 47.4,-121.4
98070 47.4,-122.5
98072 47.8,-122.1
98074 47.6,-122
98075 47.6,-122
98077 47.8,-122.1
98087 47.9,-122.3
98092 47.3,-122.1
98101 47.6,-122.3
98102 47.6,-122.3
98103 47.7,-122.3
98104 47.6,-122.3
98105 47.7,-122.3
98106 47.5,-122.3
98107 47.7,-122.4
98108 47.5,-122.3
98109 47.6,-122.3
98110 47.6,-122.5
98112 47.6,-122.3
98115 47.7,-122.3
98116 47.6,-122.4
98117 47.7,-122.4
98118 47.5,-122.3
98119 47.6,-122.4
98121 47.6,-122.4
98122 47.6,-122.3
98125 47.7,-122.3
98126 47.6,-122.4
98133 47.7,-122.3
98134 47.6,-122.3
98136 47.5,-122.4
98144 47.6,-122.3
98146 47.5,-122.4
98148 47.4,-122.3
98154 47.6,-122.3
98155 47.8,-122.3
98158 47.5,-122.3
98164 47.6,-122.3
98166 47.5,-122.4
98168 47.5,-122.3
98174 47.6,-122.3
98177 47.7,-122.4
98178 47.5,-122.2
98188 47.4,-122.3
98195 47.7,-122.3
98198 47.4,-122.3
98199 47.7,-122.4
98201 48,-122.2
98203 47.9,-122.2
98204 47.9,-122.3
98207 48,-122.2
98208 47.9,-122.2
98220 48.7,-122.2
98221 48.5,-122.6
98222 48.6,-122.8
98223 48.2,-122
98224 47.7,-121.6
98225 48.8,-122.5
98226 48.8,-122.4
98229 48.7,-122.4
98230 49,-122.7
98232 48.6,-122.4
98233 48.5,-122.3
98235 48.5,-122.2
98236 47.9,-122.4
98237 48.5,-121.7
98238 48.3,-122.3
98239 48.2,-122.7
98240 48.9,-122.6
98241 48.2,-121.1
98243 48.6,-123
98244 48.8,-121.9
98245 48.7,-122.9
98247 48.9,-122.3
98248 48.9,-122.6
98249 48,-122.5
98250 48.6,-123.1
98251 47.9,-121.6
98252 48.1,-121.7
98253 48.1,-122.6
98255 48.5,-122
98256 47.8,-121.4
98257 48.4,-122.5
98258 48,-122.1
98260 48,-122.5
98261 48.5,-122.9
98262 48.7,-122.7
98263 48.5,-122.1
98264 48.9,-122.5
98266 49,-122
98267 48.4,-121.3
98270 48.1,-122.1
98271 48.1,-122.2
98272 47.9,-121.9
98273 48.4,-122.4
98274 48.3,-122.1
98275 47.9,-122.3
98276 48.9,-122.3
98277 48.3,-122.6
98278 48.3,-122.7
98279 48.6,-122.8
98280 48.6,-122.9
98281 49,-123.1
98282 48.2,-122.5
98283 48.8,-121.3
98284 48.5,-122.1
98286 48.6,-123
98288 47.6,-121.3
98290 48,-122
98292 48.2,-122.3
98294 47.8,-121.8
98295 49,-122.2
98296 47.8,-122.1
98297 48.7,-123
98303 47.1,-122.7
98304 46.9,-121.7
98305 48,-124.2
98310 47.6,-122.6
98311 47.6,-122.6
98312 47.6,-122.8
98314 47.6,-122.6
98315 47.7,-122.7
98320 47.7,-123.1
98321 47.2,-122.1
98323 47,-122
98325 48,-122.8
98326 48.2,-124.5
98327 47.1,-122.7
98328 46.9,-122.2
98329 47.4,-122.7
98330 46.8,-122.2
98331 47.7,-124.2
98332 47.4,-122.6
98333 47.3,-122.6
98335 47.3,-122.6
98336 46.6,-122.1
98337 47.6,-122.6
98338 47,-122.3
98339 48,-122.7
98340 47.9,-122.6
98342 47.8,-122.5
98345 47.7,-122.6
98346 47.8,-122.5
98349 47.3,-122.8
98350 47.9,-124.6
98351 47.2,-122.8
98353 47.5,-122.5
98354 47.3,-122.3
98355 46.7,-122
98356 46.6,-122.3
98357 48.3,-124.6
98358 48,-122.7
98359 47.4,-122.6
98360 47.1,-122.2
98361 46.5,-121.5
98362 48,-123.3
98363 48,-123.8
98364 47.9,-122.6
98365 47.9,-122.7
98366 47.5,-122.6
98367 47.5,-122.7
98368 48,-122.8
98370 47.8,-122.6
98371 47.2,-122.3
98372 47.2,-122.3
98373 47.1,-122.3
98374 47.1,-122.3
98375 47.1,-122.3
98376 47.8,-122.9
98377 46.5,-121.8
98380 47.6,-122.9
98381 48.3,-124.5
98382 48,-123.1
98383 47.7,-122.7
98385 47.1,-122.1
98387 47.1,-122.4
98388 47.2,-122.7
98390 47.2,-122.2
98391 47.2,-122.2
98392 47.7,-122.6
98394 47.3,-122.8
98396 47.1,-122
98402 47.3,-122.4
98403 47.3,-122.5
98404 47.2,-122.4
98405 47.2,-122.5
98406 47.3,-122.5
98407 47.3,-122.5
98408 47.2,-122.4
98409 47.2,-122.5
98416 47.3,-122.5
98418 47.2,-122.4
98421 47.3,-122.4
98422 47.3,-122.4
98424 47.2,-122.4
98430 47.1,-122.6
98433 47.1,-122.6
98438 47.1,-122.5
98439 47.1,-122.5
98443 47.2,-122.4
98444 47.2,-122.4
98445 47.1,-122.4
98446 47.1,-122.4
98447 47.1,-122.4
98465 47.3,-122.5
98466 47.2,-122.5
98467 47.2,-122.6
98498 47.2,-122.6
98499 47.2,-122.5
98501 47,-122.9
98502 47.1,-123
98503 47,-122.8
98505 47.1,-123
98506 47.1,-122.9
98512 47,-123
98513 47,-122.7
98516 47.1,-122.8
98520 47,-123.8
98524 47.4,-122.8
98526 47.5,-124
98527 46.6,-123.9
98528 47.4,-122.9
98530 46.8,-122.9
98531 46.7,-122.9
98532 46.6,-123.1
98533 46.7,-122.4
98535 47.1,-124.1
98536 47.2,-124.1
98537 46.8,-123.6
98538 46.5,-123.1
98539 46.6,-123.3
98541 47.1,-123.4
98542 46.5,-122.7
98544 46.7,-123
98546 47.3,-122.9
98547 46.8,-124
98548 47.5,-123.2
98550 47.1,-123.9
98552 47.3,-123.9
98555 47.5,-123.1
98556 46.9,-123.1
98557 47,-123.3
98558 46.9,-122.6
98559 47,-123.3
98560 47.3,-123.4
98562 47.2,-124.2
98563 47.2,-123.6
98564 46.4,-122.4
98565 46.6,-122.9
98566 47.4,-124
98568 46.9,-123.3
98569 47,-124.1
98570 46.6,-122.7
98571 47.2,-124.2
98572 46.5,-123.3
98575 47.5,-123.8
98576 46.8,-122.6
98577 46.6,-123.6
98579 46.8,-123.1
98580 47,-122.5
98581 46.4,-123.1
98582 46.5,-122.6
98583 47,-123.5
98584 47.2,-123.2
98585 46.6,-122.4
98586 46.5,-123.8
98587 47.3,-124.2
98588 47.4,-123
98589 46.8,-122.8
98590 46.7,-124
98591 46.4,-122.7
98592 47.3,-123.1
98593 46.4,-123
98595 46.9,-124.1
98596 46.5,-123
98597 46.8,-122.5
98601 45.9,-122.4
98602 45.9,-121.3
98603 46.1,-122.4
98604 45.8,-122.5
98605 45.8,-121.7
98606 45.7,-122.5
98607 45.6,-122.4
98609 46.1,-122.9
98610 45.8,-122
98611 46.3,-122.9
98612 46.3,-123.3
98613 45.8,-121
98614 46.3,-123.9
98616 46.1,-122.2
98617 45.6,-121.1
98619 46,-121.3
98620 45.9,-120.8
98621 46.4,-123.5
98623 45.8,-121.5
98624 46.3,-124
98625 46.1,-122.6
98626 46.2,-122.8
98628 45.8,-121.1
98629 45.9,-122.6
98631 46.4,-124
98632 46.2,-123.1
98635 45.8,-121.2
98638 46.4,-123.8
98639 45.6,-122
98640 46.6,-124
98641 46.6,-124
98642 45.8,-122.7
98643 46.3,-123.7
98644 46.3,-124.1
98645 46.3,-122.8
98647 46.3,-123.4
98648 45.7,-121.9
98649 46.3,-122.5
98650 45.9,-121.5
98651 45.7,-121.6
98660 45.7,-122.7
98661 45.6,-122.6
98662 45.7,-122.6
98663 45.7,-122.7
98664 45.6,-122.6
98665 45.7,-122.7
98670 45.9,-121.1
98671 45.6,-122.3
98672 45.8,-121.5
98673 45.7,-121
98674 46,-122.7
98675 45.9,-122.3
98682 45.7,-122.5
98683 45.6,-122.5
98684 45.6,-122.5
98685 45.7,-122.7
98686 45.7,-122.6
98801 47.4,-120.3
98802 47.5,-120.2
98811 47.7,-120.4
98812 48.1,-119.8
98813 48,-119.6
98814 48.2,-120.3
98815 47.5,-120.5
98816 48.1,-120.3
98817 47.8,-120
98819 48.6,-119.8
98821 47.6,-120.6
98822 48,-120.6
98823 47.3,-119.6
98824 47.1,-119.9
98826 47.8,-120.8
98827 48.9,-119.8
98828 47.3,-120.2
98829 48.3,-119.8
98830 47.9,-119.5
98831 47.9,-120.1
98832 47.3,-119
98833 48.8,-120.5
98834 48.1,-120.1
98836 47.5,-120.4
98837 47.1,-119.3
98840 48.3,-119.5
98841 48.4,-119.3
98843 47.7,-120.1
98844 48.9,-119.2
98845 47.4,-119.9
98846 48,-120
98847 47.4,-120.6
98848 47.2,-119.8
98849 48.5,-119.4
98850 47.4,-120
98851 47.4,-119.4
98852 48.4,-120.7
98853 47.5,-119.3
98855 48.7,-119.3
98856 48.3,-120.3
98857 47,-119
98858 47.7,-119.9
98859 48.8,-119
98860 47.5,-119.1
98862 48.6,-120.2
98901 46.7,-120.3
98902 46.6,-120.5
98903 46.5,-120.9
98908 46.6,-120.8
98921 46.4,-120.3
98922 47.2,-120.9
98923 46.7,-120.7
98925 47.3,-121.3
98926 47,-120.4
98930 46.3,-119.9
98932 46.3,-120.2
98933 46.4,-120.6
98934 47,-120.4
98935 46.1,-120.1
98936 46.5,-120.2
98937 46.8,-121.2
98938 46.4,-120.1
98939 46.5,-120.5
98940 47.4,-121
98941 47.2,-121
98942 46.8,-120.7
98943 47.2,-121
98944 46.5,-119.7
98946 47.1,-120.8
98947 46.7,-120.8
98948 46.2,-120.4
98950 46.8,-120
98951 46.5,-120.5
98952 46.4,-120.8
98953 46.4,-120.2
99001 47.6,-117.6
99003 47.9,-117.3
99004 47.4,-117.6
99005 47.8,-117.4
99006 48,-117.5
99008 47.5,-117.9
99009 48,-117.3
99011 47.6,-117.6
99012 47.4,-117.2
99013 47.9,-117.8
99014 47.6,-117.6
99016 47.6,-117.1
99017 47.2,-117.9
99018 47.3,-117.2
99019 47.6,-117.1
99020 47.6,-117.5
99021 47.8,-117.2
99022 47.6,-117.7
99023 47.6,-117.1
99025 47.8,-117.1
99026 47.8,-117.6
99027 47.7,-117.1
99029 47.7,-117.8
99030 47.5,-117.1
99031 47.4,-117.3
99032 47.3,-118
99033 47.2,-117.1
99034 47.9,-117.8
99036 47.5,-117.3
99037 47.6,-117.2
99039 47.3,-117.2
99040 47.9,-118
99101 48.3,-117.9
99102 46.8,-117.3
99103 47.7,-118.9
99105 47,-118.1
99109 48.3,-117.7
99110 48,-117.6
99111 46.9,-117.5
99113 46.6,-117.2
99114 48.7,-117.7
99115 47.7,-119.4
99116 48,-118.9
99117 47.6,-118.6
99118 48.9,-118.6
99119 48.5,-117.3
99121 48.9,-118.5
99122 47.7,-118.2
99123 47.9,-119.1
99124 48,-119
99125 47,-117.7
99126 48.7,-118
99128 47.1,-117.1
99129 48,-118.2
99130 47,-117.2
99131 48.3,-118.1
99133 48,-119.1
99134 47.5,-118.3
99135 47.7,-119.1
99136 46.7,-117.9
99137 48.1,-118.1
99138 48.2,-118.4
99139 48.7,-117.3
99140 48.1,-118.6
99141 48.7,-118.2
99143 46.8,-117.8
99144 47.4,-118.5
99146 49,-118.3
99147 47.9,-118.5
99148 48.1,-117.6
99149 47.2,-117.5
99150 48.8,-118.6
99151 48.7,-118.1
99152 48.8,-117.4
99153 48.9,-117.2
99154 47.4,-118.4
99155 48.3,-119
99156 48.2,-117.2
99157 48.9,-117.8
99158 47.1,-117.2
99159 47.3,-118.8
99160 48.9,-118.3
99161 46.9,-117.1
99163 46.7,-117.2
99166 48.6,-118.7
99167 48.4,-118.1
99169 47.1,-118.4
99170 47.3,-117.4
99171 47.1,-117.7
99173 48,-117.9
99174 47,-117.4
99176 47.1,-117.4
99179 46.5,-117.1
99180 48.3,-117.3
99181 48.1,-117.8
99185 47.7,-118.7
99201 47.7,-117.4
99202 47.7,-117.4
99203 47.6,-117.4
99204 47.6,-117.4
99205 47.7,-117.4
99206 47.6,-117.3
99207 47.7,-117.4
99208 47.8,-117.5
99212 47.7,-117.3
99216 47.7,-117.2
99217 47.7,-117.3
99218 47.8,-117.4
99223 47.6,-117.3
99224 47.6,-117.5
99251 47.8,-117.4
99258 47.7,-117.4
99301 46.4,-119
99320 46.3,-119.5
99321 46.9,-119.9
99322 45.9,-120.2
99323 46.2,-118.9
99324 46,-118.4
99326 46.7,-118.8
99328 46.3,-117.9
99329 46.1,-118.1
99330 46.5,-119
99333 46.7,-118.1
99335 46.6,-118.4
99336 46.2,-119.2
99337 46.1,-119.1
99338 46.2,-119.3
99341 46.9,-118.6
99343 46.6,-119.2
99344 46.8,-119.2
99345 45.9,-119.7
99346 46,-119.3
99347 46.4,-117.6
99348 46.4,-118.4
99349 46.7,-119.7
99350 46.1,-119.7
99352 46.2,-119.3
99353 46.3,-119.4
99354 46.3,-119.3
99356 45.8,-120.4
99357 46.9,-119.7
99359 46.5,-118.2
99360 46.1,-118.7
99361 46.2,-118.1
99362 46.1,-118.3
99363 46,-118.9
99371 46.8,-118.3
99401 46.1,-117.2
99402 46.2,-117.4
99403 46.4,-117.3
99501 61.2,-149.9
99502 61.2,-150
99503 62,-158.2
99504 61.2,-149.6
99505 61.3,-149.7
99506 61.3,-149.8
99507 61.1,-149.6
99508 61.2,-149.8
99513 61.2,-149.9
99515 61.1,-149.9
99516 61.1,-149.7
99517 61.2,-149.9
99518 61.2,-149.9
99519 70,-149.8
99530 61.2,-150
99540 61,-149.3
99546 51.9,-176.6
99547 52.2,-174.2
99548 56.3,-158.8
99549 57,-158.6
99550 57.9,-152.9
99551 60.9,-161.4
99552 60.9,-161.2
99553 54.1,-165.8
99554 62.7,-164.6
99555 59.3,-158.7
99556 59.8,-151.6
99557 61.5,-155.2
99558 62.6,-160.2
99559 60.8,-161.9
99561 60.1,-164.3
99563 61.5,-165.4
99564 56.3,-158.4
99565 56.3,-158.5
99566 61.3,-142.6
99567 61.3,-149
99568 60.3,-150.6
99569 58.8,-158.5
99571 55.3,-162.8
99572 60.5,-150
99573 61.6,-145.7
99574 61.1,-147.6
99575 61.8,-158.1
99576 59.4,-158.8
99577 61.2,-149.3
99578 60.2,-162
99579 58.2,-157.4
99580 59.3,-157.5
99581 62.8,-164.7
99583 54.9,-163.4
99585 61.9,-162.1
99586 62.7,-144.2
99587 61,-148.9
99588 62.7,-146.7
99589 59.2,-161.6
99590 62.9,-160.1
99591 56.6,-169.6
99602 62.2,-159.9
99603 59.5,-151.2
99604 61.5,-166.1
99605 60.9,-149.5
99606 59.7,-154.9
99607 61.5,-160.4
99608 57.6,-154.4
99609 60.9,-162.5
99610 60.3,-151.3
99611 60.8,-150.7
99612 55.1,-162.3
99613 59.1,-155.4
99614 59.9,-164.1
99615 57.7,-153.4
99620 63,-163.5
99621 60.8,-161.4
99622 59.9,-163.2
99623 61.4,-149.9
99624 57.5,-153.9
99625 59.1,-156.9
99626 61.5,-160.4
99627 63.5,-154.6
99628 58.7,-158.9
99630 60.4,-166.3
99631 60.6,-149.6
99632 62.1,-163.7
99633 58.8,-156.9
99634 60.7,-162
99635 61.1,-153
99636 59.5,-157.3
99637 60.5,-165.1
99638 53,-168.7
99639 60,-151.5
99640 60.7,-155.6
99641 60.9,-162.5
99643 57.2,-153.3
99644 57.9,-152.4
99645 61.6,-149
99647 59.9,-154.1
99648 55.9,-159.2
99649 57.5,-157.3
99650 61.9,-162.9
99651 59,-161.7
99652 61.5,-150
99653 60.2,-154.3
99654 61.6,-149.4
99655 59.7,-161.9
99656 61.9,-157.4
99657 61.8,-161.5
99658 62.1,-163.2
99659 63.5,-162.1
99660 57.2,-170.3
99661 55.3,-160.7
99662 61.8,-165.6
99663 59.4,-151.6
99664 60.1,-149.5
99665 62.7,-159.6
99666 62.4,-165.1
99667 61.7,-152.1
99668 61.7,-157.1
99669 60.4,-151
99670 58.7,-157
99671 63.5,-162.3
99672 60.6,-150.8
99674 61.6,-148.1
99675 63,-156
99676 62.6,-149.6
99677 60.9,-146.7
99678 59.3,-160.5
99679 61.1,-160.9
99680 60.3,-162.7
99681 60.6,-165.1
99682 61.2,-151.2
99683 62.4,-150.4
99684 64.1,-160.2
99685 53.9,-166.5
99686 61,-146.2
99688 61.9,-149.6
99689 59.5,-139.4
99690 60.5,-164.8
99691 62.7,-153.6
99692 53.9,-166.5
99693 60.9,-148
99694 61.6,-149.8
99695 55.9,-159.5
99701 67.4,-149.7
99702 64.7,-147
99703 64.8,-147.6
99704 64.3,-149.2
99705 64.8,-147.3
99706 64,-144.7
99707 65.2,-146.3
99709 64.9,-148.1
99712 65.1,-145.9
99714 64.4,-146.5
99720 66.6,-152.8
99721 68.1,-151.7
99722 68.2,-145.4
99723 71.3,-156.8
99724 66.3,-146.8
99725 64.9,-148
99726 66.8,-151.4
99727 66,-161.1
99729 63.2,-148
99730 65.6,-145.6
99732 64.1,-142
99733 65.8,-144.2
99734 70.4,-149.3
99736 66.1,-162.8
99737 63.4,-145.3
99738 65.1,-142.7
99739 65,-162.8
99740 67.6,-144.7
99741 64.7,-156.9
99742 63.8,-171.7
99743 63.9,-150
99744 64.3,-149.1
99745 66.1,-154.2
99746 65.7,-156.3
99747 70.1,-143.7
99748 64.3,-158.8
99749 67,-160.4
99750 67.7,-164.5
99751 66.9,-156.9
99752 67.3,-161.2
99753 64.9,-161.1
99754 64.9,-157.7
99755 63.8,-149.2
99756 64.7,-151.2
99757 63.8,-152.5
99758 65.2,-149.4
99759 69.7,-162.8
99760 64.4,-149.1
99761 67.6,-163
99762 64.7,-164.7
99763 66.8,-161
99764 62.7,-141.8
99765 64.7,-158.1
99766 68.3,-166
99767 65.5,-150.2
99768 65.3,-153.6
99769 63.7,-170.5
99770 66.6,-160.1
99771 64.4,-161.2
99772 65.8,-165.9
99773 66.9,-157.2
99774 66,-149.1
99775 64.9,-147.8
99776 63.3,-143.5
99777 65.2,-152.1
99778 65.3,-166.4
99780 63.6,-141.5
99781 67.5,-146.1
99782 70.6,-159.9
99783 65.6,-168.1
99784 64.7,-163.4
99785 65.3,-166.5
99786 67.1,-157.9
99788 66.6,-143.8
99789 70.2,-151
99790 65.5,-148.1
99791 70.5,-157.3
99801 58.4,-134.2
99820 57.4,-134.3
99824 58.3,-134.4
99825 58.1,-136.3
99826 58.4,-135.8
99827 58.8,-136.2
99829 58,-135.3
99830 56.8,-134.1
99832 58,-136.1
99833 56.8,-133.2
99835 57,-135
99836 56.2,-134.7
99840 59.6,-135.3
99841 58,-135.5
99850 58.5,-135.5
99901 55.7,-131.4
99903 55.7,-132.1
99918 55.9,-132.7
99919 55.6,-132.5
99921 55.5,-132.7
99922 55.3,-133
99923 56,-130
99925 55.6,-132.9
99926 55.1,-131.5
99927 56.3,-133.6
99929 56.2,-131.9
